"Date Administered","AgeGroupVacc","7-day_avg_group_cases_per_100k","Administered_Dose1_pct_agegroup","Series_Complete_Pop_pct_agegroup"
"2022 Oct 11 12:00:00 AM","<2 Years","2.09182569878","5.2%","1.7%"
"2022 Oct 11 12:00:00 AM","12 - 17 Years","2.38929253853","71.1%","60.8%"
"2022 Oct 11 12:00:00 AM","25 - 49 Years","4.37537733777","84%","71%"
"2022 Oct 10 12:00:00 AM","<2 Years","2.88818089375","5.2%","1.7%"
"2022 Oct 10 12:00:00 AM","2 - 4 Years","3.36270797008","8%","3.2%"
"2022 Oct 10 12:00:00 AM","5 - 11 Years","2.30611610113","38.6%","31.6%"
"2022 Oct 10 12:00:00 AM","12 - 17 Years","3.08769234126","71.1%","60.8%"
"2022 Oct 10 12:00:00 AM","18 - 24 Years","4.94056660522","80.5%","65.5%"
"2022 Oct 10 12:00:00 AM","25 - 49 Years","5.53374053113","84%","71%"
"2022 Oct 10 12:00:00 AM","50 - 64 Years","4.93893232102","94.6%","82.7%"
"2022 Oct 10 12:00:00 AM","65+ Years","6.05299296639","95%","92.8%"
"2022 Oct 09 12:00:00 AM","<2 Years","3.78361605078","5.2%","1.7%"
"2022 Oct 09 12:00:00 AM","2 - 4 Years","4.16208387421","8%","3.2%"
"2022 Oct 09 12:00:00 AM","5 - 11 Years","2.83041601611","38.6%","31.6%"
"2022 Oct 09 12:00:00 AM","12 - 17 Years","3.90943994235","71.1%","60.8%"
"2022 Oct 09 12:00:00 AM","18 - 24 Years","6.14273490272","80.5%","65.5%"
"2022 Oct 09 12:00:00 AM","25 - 49 Years","6.93152788573","84%","71%"
"2022 Oct 09 12:00:00 AM","50 - 64 Years","6.50835724105","94.6%","82.7%"
"2022 Oct 09 12:00:00 AM","65+ Years","8.0925912949","95%","92.8%"
"2022 Oct 08 12:00:00 AM","<2 Years","4.52919276521","5.2%","1.7%"
"2022 Oct 08 12:00:00 AM","2 - 4 Years","4.81224294291","8%","3.2%"
"2022 Oct 08 12:00:00 AM","5 - 11 Years","3.26683040895","38.6%","31.6%"
"2022 Oct 08 12:00:00 AM","12 - 17 Years","4.43366808536","71.1%","60.8%"
"2022 Oct 08 12:00:00 AM","18 - 24 Years","6.96009588831","80.5%","65.5%"
"2022 Oct 08 12:00:00 AM","25 - 49 Years","7.8355194426","84%","71%"
"2022 Oct 08 12:00:00 AM","50 - 64 Years","7.4555062019","94.6%","82.7%"
"2022 Oct 08 12:00:00 AM","65+ Years","9.37771265686","95%","92.8%"
"2022 Oct 07 12:00:00 AM","<2 Years","5.14101153086","5.2%","1.7%"
"2022 Oct 07 12:00:00 AM","2 - 4 Years","5.30963239438","8%","3.1%"
"2022 Oct 07 12:00:00 AM","5 - 11 Years","3.53852222312","38.6%","31.6%"
"2022 Oct 07 12:00:00 AM","12 - 17 Years","4.81341940901","71.1%","60.8%"
"2022 Oct 07 12:00:00 AM","18 - 24 Years","7.52501571352","80.5%","65.5%"
"2022 Oct 07 12:00:00 AM","25 - 49 Years","8.56913623721","84%","71%"
"2022 Oct 07 12:00:00 AM","50 - 64 Years","8.30480731948","94.5%","82.7%"
"2022 Oct 07 12:00:00 AM","65+ Years","10.56373459238","95%","92.8%"
"2022 Oct 06 12:00:00 AM","<2 Years","6.21479061958","5.1%","1.7%"
"2022 Oct 06 12:00:00 AM","2 - 4 Years","6.30085851551","7.9%","3.1%"
"2022 Oct 06 12:00:00 AM","5 - 11 Years","4.13614377372","38.6%","31.6%"
"2022 Oct 06 12:00:00 AM","12 - 17 Years","5.56150096385","71.1%","60.8%"
"2022 Oct 06 12:00:00 AM","18 - 24 Years","8.57212651924","80.5%","65.5%"
"2022 Oct 06 12:00:00 AM","25 - 49 Years","9.82578238736","84%","71%"
"2022 Oct 06 12:00:00 AM","50 - 64 Years","9.66287181704","94.5%","82.7%"
"2022 Oct 06 12:00:00 AM","65+ Years","12.52458191002","95%","92.8%"
"2022 Oct 05 12:00:00 AM","<2 Years","6.75601491228","5.1%","1.7%"
"2022 Oct 05 12:00:00 AM","2 - 4 Years","6.71298120387","7.9%","3.1%"
"2022 Oct 05 12:00:00 AM","5 - 11 Years","4.33602056123","38.6%","31.5%"
"2022 Oct 05 12:00:00 AM","12 - 17 Years","5.8584493673","71.1%","60.8%"
"2022 Oct 05 12:00:00 AM","18 - 24 Years","9.0155531268","80.5%","65.5%"
"2022 Oct 05 12:00:00 AM","25 - 49 Years","10.52910739583","83.9%","71%"
"2022 Oct 05 12:00:00 AM","50 - 64 Years","10.41614129261","94.5%","82.7%"
"2022 Oct 05 12:00:00 AM","65+ Years","13.61784678241","95%","92.8%"
"2022 Oct 04 12:00:00 AM","<2 Years","7.18453574814","5.1%","1.6%"
"2022 Oct 04 12:00:00 AM","2 - 4 Years","6.63482000435","7.9%","3%"
"2022 Oct 04 12:00:00 AM","5 - 11 Years","4.07939483657","38.6%","31.5%"
"2022 Oct 04 12:00:00 AM","12 - 17 Years","5.57177994705","71.1%","60.8%"
"2022 Oct 04 12:00:00 AM","18 - 24 Years","8.04360738569","80.5%","65.5%"
"2022 Oct 04 12:00:00 AM","25 - 49 Years","9.54627782786","83.9%","71%"
"2022 Oct 04 12:00:00 AM","50 - 64 Years","10.23996976969","94.5%","82.7%"
"2022 Oct 04 12:00:00 AM","65+ Years","13.88475457093","95%","92.7%"
"2022 Oct 03 12:00:00 AM","<2 Years","7.78520801807","5.1%","1.6%"
"2022 Oct 03 12:00:00 AM","2 - 4 Years","7.2352401279","7.9%","3%"
"2022 Oct 03 12:00:00 AM","5 - 11 Years","4.41084880581","38.6%","31.5%"
"2022 Oct 03 12:00:00 AM","12 - 17 Years","6.0788764514","71.1%","60.8%"
"2022 Oct 03 12:00:00 AM","18 - 24 Years","8.74042062616","80.5%","65.5%"
"2022 Oct 03 12:00:00 AM","25 - 49 Years","10.28769905645","83.9%","71%"
"2022 Oct 03 12:00:00 AM","50 - 64 Years","10.97712045902","94.5%","82.7%"
"2022 Oct 03 12:00:00 AM","65+ Years","14.74282347125","95%","92.7%"
"2022 Oct 02 12:00:00 AM","<2 Years","8.50477624246","5%","1.6%"
"2022 Oct 02 12:00:00 AM","2 - 4 Years","8.00974655947","7.8%","3%"
"2022 Oct 02 12:00:00 AM","5 - 11 Years","4.928620082","38.6%","31.5%"
"2022 Oct 02 12:00:00 AM","12 - 17 Years","6.7116049726","71.1%","60.8%"
"2022 Oct 02 12:00:00 AM","18 - 24 Years","9.59323683091","80.4%","65.4%"
"2022 Oct 02 12:00:00 AM","25 - 49 Years","11.15531401423","83.9%","71%"
"2022 Oct 02 12:00:00 AM","50 - 64 Years","11.81098386583","94.5%","82.7%"
"2022 Oct 02 12:00:00 AM","65+ Years","15.68809986683","95%","92.7%"
"2022 Oct 01 12:00:00 AM","<2 Years","8.72151365944","5%","1.6%"
"2022 Oct 01 12:00:00 AM","2 - 4 Years","8.26732323969","7.8%","3%"
"2022 Oct 01 12:00:00 AM","5 - 11 Years","5.11845280983","38.6%","31.5%"
"2022 Oct 01 12:00:00 AM","12 - 17 Years","6.91946885501","71.1%","60.8%"
"2022 Oct 01 12:00:00 AM","18 - 24 Years","9.81920476099","80.4%","65.4%"
"2022 Oct 01 12:00:00 AM","25 - 49 Years","11.45188250567","83.9%","71%"
"2022 Oct 01 12:00:00 AM","50 - 64 Years","12.08750050876","94.5%","82.7%"
"2022 Oct 01 12:00:00 AM","65+ Years","16.00918200847","95%","92.7%"
"2022 Sep 30 12:00:00 AM","<2 Years","8.92586608117","5%","1.6%"
"2022 Sep 30 12:00:00 AM","2 - 4 Years","8.47693736566","7.8%","2.9%"
"2022 Sep 30 12:00:00 AM","5 - 11 Years","5.34645296443","38.6%","31.5%"
"2022 Sep 30 12:00:00 AM","12 - 17 Years","7.17872765341","71.1%","60.8%"
"2022 Sep 30 12:00:00 AM","18 - 24 Years","10.04990005363","80.4%","65.4%"
"2022 Sep 30 12:00:00 AM","25 - 49 Years","11.77093834927","83.9%","71%"
"2022 Sep 30 12:00:00 AM","50 - 64 Years","12.41600591297","94.5%","82.7%"
"2022 Sep 30 12:00:00 AM","65+ Years","16.3765105491","95%","92.7%"
"2022 Sep 29 12:00:00 AM","<2 Years","8.941966575","5%","1.5%"
"2022 Sep 29 12:00:00 AM","2 - 4 Years","8.59950833763","7.8%","2.9%"
"2022 Sep 29 12:00:00 AM","5 - 11 Years","5.50565131026","38.6%","31.5%"
"2022 Sep 29 12:00:00 AM","12 - 17 Years","7.5310683552","71.1%","60.8%"
"2022 Sep 29 12:00:00 AM","18 - 24 Years","10.27303156618","80.4%","65.4%"
"2022 Sep 29 12:00:00 AM","25 - 49 Years","11.9550700799","83.9%","70.9%"
"2022 Sep 29 12:00:00 AM","50 - 64 Years","12.51862128457","94.4%","82.6%"
"2022 Sep 29 12:00:00 AM","65+ Years","16.33528518771","95%","92.6%"
"2022 Sep 28 12:00:00 AM","<2 Years","9.20452847444","4.9%","1.5%"
"2022 Sep 28 12:00:00 AM","2 - 4 Years","8.96899764443","7.7%","2.8%"
"2022 Sep 28 12:00:00 AM","5 - 11 Years","5.9295106285","38.5%","31.5%"
"2022 Sep 28 12:00:00 AM","12 - 17 Years","8.18092851506","71%","60.8%"
"2022 Sep 28 12:00:00 AM","18 - 24 Years","10.82802393002","80.4%","65.4%"
"2022 Sep 28 12:00:00 AM","25 - 49 Years","12.42928865341","83.9%","70.9%"
"2022 Sep 28 12:00:00 AM","50 - 64 Years","12.98152558255","94.4%","82.6%"
"2022 Sep 28 12:00:00 AM","65+ Years","16.68860767608","95%","92.6%"
"2022 Sep 27 12:00:00 AM","<2 Years","9.21691346969","4.9%","1.5%"
"2022 Sep 27 12:00:00 AM","2 - 4 Years","8.91925869929","7.7%","2.8%"
"2022 Sep 27 12:00:00 AM","5 - 11 Years","6.03296444314","38.5%","31.5%"
"2022 Sep 27 12:00:00 AM","12 - 17 Years","8.38765028823","71%","60.8%"
"2022 Sep 27 12:00:00 AM","18 - 24 Years","10.84220601768","80.4%","65.4%"
"2022 Sep 27 12:00:00 AM","25 - 49 Years","12.51156590661","83.8%","70.9%"
"2022 Sep 27 12:00:00 AM","50 - 64 Years","13.13522161479","94.4%","82.6%"
"2022 Sep 27 12:00:00 AM","65+ Years","16.94811604076","95%","92.6%"
"2022 Sep 26 12:00:00 AM","<2 Years","9.35810241561","4.9%","1.4%"
"2022 Sep 26 12:00:00 AM","2 - 4 Years","9.22657432466","7.7%","2.7%"
"2022 Sep 26 12:00:00 AM","5 - 11 Years","6.48193391057","38.5%","31.5%"
"2022 Sep 26 12:00:00 AM","12 - 17 Years","9.0249472464","71%","60.8%"
"2022 Sep 26 12:00:00 AM","18 - 24 Years","11.06628300275","80.4%","65.4%"
"2022 Sep 26 12:00:00 AM","25 - 49 Years","12.79662616488","83.8%","70.9%"
"2022 Sep 26 12:00:00 AM","50 - 64 Years","13.3938032702","94.4%","82.6%"
"2022 Sep 26 12:00:00 AM","65+ Years","17.26417714479","95%","92.6%"
"2022 Sep 25 12:00:00 AM","<2 Years","9.61323331789","4.8%","1.4%"
"2022 Sep 25 12:00:00 AM","2 - 4 Years","9.67777761277","7.6%","2.7%"
"2022 Sep 25 12:00:00 AM","5 - 11 Years","7.03033956877","38.5%","31.5%"
"2022 Sep 25 12:00:00 AM","12 - 17 Years","9.85411855758","71%","60.8%"
"2022 Sep 25 12:00:00 AM","18 - 24 Years","11.29792376789","80.3%","65.4%"
"2022 Sep 25 12:00:00 AM","25 - 49 Years","13.17044532492","83.8%","70.9%"
"2022 Sep 25 12:00:00 AM","50 - 64 Years","13.69847103278","94.4%","82.6%"
"2022 Sep 25 12:00:00 AM","65+ Years","17.64921144961","95%","92.5%"
"2022 Sep 24 12:00:00 AM","<2 Years","9.57236283355","4.8%","1.4%"
"2022 Sep 24 12:00:00 AM","2 - 4 Years","9.69731791265","7.6%","2.7%"
"2022 Sep 24 12:00:00 AM","5 - 11 Years","7.15036608187","38.5%","31.5%"
"2022 Sep 24 12:00:00 AM","12 - 17 Years","10.20017765852","71%","60.8%"
"2022 Sep 24 12:00:00 AM","18 - 24 Years","11.29934197666","80.3%","65.4%"
"2022 Sep 24 12:00:00 AM","25 - 49 Years","13.20126622523","83.8%","70.9%"
"2022 Sep 24 12:00:00 AM","50 - 64 Years","13.72548702663","94.4%","82.6%"
"2022 Sep 24 12:00:00 AM","65+ Years","17.68198032662","95%","92.5%"
"2022 Sep 23 12:00:00 AM","<2 Years","9.74327576808","4.8%","1.4%"
"2022 Sep 23 12:00:00 AM","2 - 4 Years","9.96555293826","7.6%","2.6%"
"2022 Sep 23 12:00:00 AM","5 - 11 Years","7.40146757372","38.5%","31.4%"
"2022 Sep 23 12:00:00 AM","12 - 17 Years","10.54338148635","71%","60.8%"
"2022 Sep 23 12:00:00 AM","18 - 24 Years","11.59716581756","80.3%","65.4%"
"2022 Sep 23 12:00:00 AM","25 - 49 Years","13.34042325155","83.8%","70.9%"
"2022 Sep 23 12:00:00 AM","50 - 64 Years","13.82764834791","94.4%","82.6%"
"2022 Sep 23 12:00:00 AM","65+ Years","17.81279156951","95%","92.5%"
"2022 Sep 22 12:00:00 AM","<2 Years","9.97859067795","4.8%","1.4%"
"2022 Sep 22 12:00:00 AM","2 - 4 Years","10.23201157297","7.6%","2.5%"
"2022 Sep 22 12:00:00 AM","5 - 11 Years","7.79117708907","38.5%","31.4%"
"2022 Sep 22 12:00:00 AM","12 - 17 Years","11.00193834784","71%","60.7%"
"2022 Sep 22 12:00:00 AM","18 - 24 Years","12.02121023866","80.3%","65.4%"
"2022 Sep 22 12:00:00 AM","25 - 49 Years","13.59624995201","83.8%","70.9%"
"2022 Sep 22 12:00:00 AM","50 - 64 Years","14.03174396531","94.3%","82.6%"
"2022 Sep 22 12:00:00 AM","65+ Years","18.06357918466","95%","92.5%"
"2022 Sep 21 12:00:00 AM","<2 Years","10.2275290826","4.8%","1.3%"
"2022 Sep 21 12:00:00 AM","2 - 4 Years","10.52866885295","7.5%","2.5%"
"2022 Sep 21 12:00:00 AM","5 - 11 Years","8.1904284611","38.5%","31.4%"
"2022 Sep 21 12:00:00 AM","12 - 17 Years","11.42394771351","71%","60.7%"
"2022 Sep 21 12:00:00 AM","18 - 24 Years","12.39136272664","80.3%","65.4%"
"2022 Sep 21 12:00:00 AM","25 - 49 Years","13.8088215692","83.7%","70.8%"
"2022 Sep 21 12:00:00 AM","50 - 64 Years","14.14253224261","94.3%","82.6%"
"2022 Sep 21 12:00:00 AM","65+ Years","18.26415642376","95%","92.5%"
"2022 Sep 20 12:00:00 AM","<2 Years","10.54830045974","4.7%","1.3%"
"2022 Sep 20 12:00:00 AM","2 - 4 Years","10.93190958682","7.5%","2.4%"
"2022 Sep 20 12:00:00 AM","5 - 11 Years","8.4586048544","38.5%","31.4%"
"2022 Sep 20 12:00:00 AM","12 - 17 Years","11.75744361277","71%","60.7%"
"2022 Sep 20 12:00:00 AM","18 - 24 Years","12.85842614698","80.3%","65.3%"
"2022 Sep 20 12:00:00 AM","25 - 49 Years","14.01530837345","83.7%","70.8%"
"2022 Sep 20 12:00:00 AM","50 - 64 Years","14.25218539412","94.3%","82.5%"
"2022 Sep 20 12:00:00 AM","65+ Years","18.35823481258","95%","92.4%"
"2022 Sep 19 12:00:00 AM","<2 Years","10.88517233071","4.7%","1.3%"
"2022 Sep 19 12:00:00 AM","2 - 4 Years","11.27652942105","7.4%","2.4%"
"2022 Sep 19 12:00:00 AM","5 - 11 Years","8.74234954019","38.5%","31.4%"
"2022 Sep 19 12:00:00 AM","12 - 17 Years","12.23884265913","71%","60.7%"
"2022 Sep 19 12:00:00 AM","18 - 24 Years","13.45691024632","80.3%","65.3%"
"2022 Sep 19 12:00:00 AM","25 - 49 Years","14.31108319364","83.7%","70.8%"
"2022 Sep 19 12:00:00 AM","50 - 64 Years","14.53188038927","94.3%","82.5%"
"2022 Sep 19 12:00:00 AM","65+ Years","18.67403165147","95%","92.4%"
"2022 Sep 18 12:00:00 AM","<2 Years","11.01769177995","4.6%","1.2%"
"2022 Sep 18 12:00:00 AM","2 - 4 Years","11.33159753889","7.4%","2.3%"
"2022 Sep 18 12:00:00 AM","5 - 11 Years","9.07079029152","38.4%","31.4%"
"2022 Sep 18 12:00:00 AM","12 - 17 Years","12.55006742813","71%","60.7%"
"2022 Sep 18 12:00:00 AM","18 - 24 Years","13.87386362359","80.2%","65.3%"
"2022 Sep 18 12:00:00 AM","25 - 49 Years","14.35103131336","83.7%","70.8%"
"2022 Sep 18 12:00:00 AM","50 - 64 Years","14.52597773515","94.3%","82.5%"
"2022 Sep 18 12:00:00 AM","65+ Years","18.51758669028","95%","92.4%"
"2022 Sep 17 12:00:00 AM","<2 Years","11.20346670879","4.6%","1.2%"
"2022 Sep 17 12:00:00 AM","2 - 4 Years","11.52344775588","7.4%","2.3%"
"2022 Sep 17 12:00:00 AM","5 - 11 Years","9.16721326439","38.4%","31.4%"
"2022 Sep 17 12:00:00 AM","12 - 17 Years","12.66656257102","71%","60.7%"
"2022 Sep 17 12:00:00 AM","18 - 24 Years","14.14994159674","80.2%","65.3%"
"2022 Sep 17 12:00:00 AM","25 - 49 Years","14.46240984582","83.7%","70.8%"
"2022 Sep 17 12:00:00 AM","50 - 64 Years","14.62314450295","94.3%","82.5%"
"2022 Sep 17 12:00:00 AM","65+ Years","18.53793510584","95%","92.4%"
"2022 Sep 16 12:00:00 AM","<2 Years","11.38800313811","4.6%","1.2%"
"2022 Sep 16 12:00:00 AM","2 - 4 Years","11.75615496353","7.4%","2.3%"
"2022 Sep 16 12:00:00 AM","5 - 11 Years","9.30682569386","38.4%","31.4%"
"2022 Sep 16 12:00:00 AM","12 - 17 Years","12.88299227277","71%","60.7%"
"2022 Sep 16 12:00:00 AM","18 - 24 Years","14.47518414046","80.2%","65.3%"
"2022 Sep 16 12:00:00 AM","25 - 49 Years","14.65884348088","83.7%","70.8%"
"2022 Sep 16 12:00:00 AM","50 - 64 Years","14.73052740287","94.3%","82.5%"
"2022 Sep 16 12:00:00 AM","65+ Years","18.65791147811","95%","92.4%"
"2022 Sep 15 12:00:00 AM","<2 Years","11.72239801003","4.6%","1.2%"
"2022 Sep 15 12:00:00 AM","2 - 4 Years","11.90537179897","7.3%","2.2%"
"2022 Sep 15 12:00:00 AM","5 - 11 Years","9.425847801","38.4%","31.3%"
"2022 Sep 15 12:00:00 AM","12 - 17 Years","13.03831912996","70.9%","60.7%"
"2022 Sep 15 12:00:00 AM","18 - 24 Years","14.83540916708","80.2%","65.3%"
"2022 Sep 15 12:00:00 AM","25 - 49 Years","14.94628475291","83.7%","70.8%"
"2022 Sep 15 12:00:00 AM","50 - 64 Years","14.89443956724","94.3%","82.5%"
"2022 Sep 15 12:00:00 AM","65+ Years","18.73745528439","95%","92.3%"
"2022 Sep 14 12:00:00 AM","<2 Years","12.23885231221","4.5%","1.2%"
"2022 Sep 14 12:00:00 AM","2 - 4 Years","12.16294847919","7.3%","2.2%"
"2022 Sep 14 12:00:00 AM","5 - 11 Years","9.48812097098","38.4%","31.3%"
"2022 Sep 14 12:00:00 AM","12 - 17 Years","13.35810971829","70.9%","60.7%"
"2022 Sep 14 12:00:00 AM","18 - 24 Years","15.61636946101","80.2%","65.3%"
"2022 Sep 14 12:00:00 AM","25 - 49 Years","15.45277929069","83.6%","70.8%"
"2022 Sep 14 12:00:00 AM","50 - 64 Years","15.33373324874","94.2%","82.5%"
"2022 Sep 14 12:00:00 AM","65+ Years","19.15050169375","95%","92.3%"
"2022 Sep 13 12:00:00 AM","<2 Years","12.76273761155","4.5%","1.1%"
"2022 Sep 13 12:00:00 AM","2 - 4 Years","12.62481011269","7.2%","2.1%"
"2022 Sep 13 12:00:00 AM","5 - 11 Years","9.87883489229","38.4%","31.3%"
"2022 Sep 13 12:00:00 AM","12 - 17 Years","14.08220697901","70.9%","60.7%"
"2022 Sep 13 12:00:00 AM","18 - 24 Years","16.41340278762","80.2%","65.3%"
"2022 Sep 13 12:00:00 AM","25 - 49 Years","16.06562577634","83.6%","70.8%"
"2022 Sep 13 12:00:00 AM","50 - 64 Years","15.85748028918","94.2%","82.5%"
"2022 Sep 13 12:00:00 AM","65+ Years","19.77733859907","95%","92.3%"
"2022 Sep 12 12:00:00 AM","<2 Years","13.27423791564","4.5%","1.1%"
"2022 Sep 12 12:00:00 AM","2 - 4 Years","13.12930512775","7.2%","2.1%"
"2022 Sep 12 12:00:00 AM","5 - 11 Years","10.48449169063","38.4%","31.3%"
"2022 Sep 12 12:00:00 AM","12 - 17 Years","15.02216288686","70.9%","60.7%"
"2022 Sep 12 12:00:00 AM","18 - 24 Years","17.42884026423","80.2%","65.3%"
"2022 Sep 12 12:00:00 AM","25 - 49 Years","16.96128378505","83.6%","70.8%"
"2022 Sep 12 12:00:00 AM","50 - 64 Years","16.53787468891","94.2%","82.5%"
"2022 Sep 12 12:00:00 AM","65+ Years","20.34471584853","95%","92.3%"
"2022 Sep 11 12:00:00 AM","<2 Years","12.66861164761","4.4%","1.1%"
"2022 Sep 11 12:00:00 AM","2 - 4 Years","12.31216531463","7.1%","2%"
"2022 Sep 11 12:00:00 AM","5 - 11 Years","9.54738092305","38.4%","31.3%"
"2022 Sep 11 12:00:00 AM","12 - 17 Years","13.83265610919","70.9%","60.7%"
"2022 Sep 11 12:00:00 AM","18 - 24 Years","16.32736478913","80.1%","65.3%"
"2022 Sep 11 12:00:00 AM","25 - 49 Years","15.75887183716","83.6%","70.7%"
"2022 Sep 11 12:00:00 AM","50 - 64 Years","15.31420908512","94.2%","82.5%"
"2022 Sep 11 12:00:00 AM","65+ Years","19.14627345156","95%","92.3%"
"2022 Sep 10 12:00:00 AM","<2 Years","13.0649314958","4.4%","1.1%"
"2022 Sep 10 12:00:00 AM","2 - 4 Years","12.63369206719","7.1%","2%"
"2022 Sep 10 12:00:00 AM","5 - 11 Years","9.85673796101","38.4%","31.3%"
"2022 Sep 10 12:00:00 AM","12 - 17 Years","14.26323129419","70.9%","60.7%"
"2022 Sep 10 12:00:00 AM","18 - 24 Years","16.76748224292","80.1%","65.2%"
"2022 Sep 10 12:00:00 AM","25 - 49 Years","16.0830865439","83.6%","70.7%"
"2022 Sep 10 12:00:00 AM","50 - 64 Years","15.6418063887","94.2%","82.5%"
"2022 Sep 10 12:00:00 AM","65+ Years","19.61005876725","95%","92.2%"
"2022 Sep 09 12:00:00 AM","<2 Years","13.32749339524","4.4%","1.1%"
"2022 Sep 09 12:00:00 AM","2 - 4 Years","12.87705762022","7.1%","1.9%"
"2022 Sep 09 12:00:00 AM","5 - 11 Years","10.07218304102","38.4%","31.3%"
"2022 Sep 09 12:00:00 AM","12 - 17 Years","14.59558508421","70.9%","60.7%"
"2022 Sep 09 12:00:00 AM","18 - 24 Years","17.02559623837","80.1%","65.2%"
"2022 Sep 09 12:00:00 AM","25 - 49 Years","16.24975750698","83.6%","70.7%"
"2022 Sep 09 12:00:00 AM","50 - 64 Years","15.8365939746","94.2%","82.4%"
"2022 Sep 09 12:00:00 AM","65+ Years","19.81935675588","95%","92.2%"
"2022 Sep 08 12:00:00 AM","<2 Years","13.6495032719","4.4%","1%"
"2022 Sep 08 12:00:00 AM","2 - 4 Years","13.3655651172","7.1%","1.9%"
"2022 Sep 08 12:00:00 AM","5 - 11 Years","10.71198964224","38.3%","31.2%"
"2022 Sep 08 12:00:00 AM","12 - 17 Years","15.51955146263","70.9%","60.7%"
"2022 Sep 08 12:00:00 AM","18 - 24 Years","17.49455060373","80.1%","65.2%"
"2022 Sep 08 12:00:00 AM","25 - 49 Years","16.51074307058","83.6%","70.7%"
"2022 Sep 08 12:00:00 AM","50 - 64 Years","16.09381347907","94.2%","82.4%"
"2022 Sep 08 12:00:00 AM","65+ Years","20.12960402689","95%","92.2%"
"2022 Sep 07 12:00:00 AM","<2 Years","15.17533468747","4.3%","1%"
"2022 Sep 07 12:00:00 AM","2 - 4 Years","15.47769389502","7%","1.8%"
"2022 Sep 07 12:00:00 AM","5 - 11 Years","12.29091582299","38.3%","31.2%"
"2022 Sep 07 12:00:00 AM","12 - 17 Years","17.13506498833","70.9%","60.6%"
"2022 Sep 07 12:00:00 AM","18 - 24 Years","18.99879736842","80.1%","65.2%"
"2022 Sep 07 12:00:00 AM","25 - 49 Years","17.90562029726","83.5%","70.7%"
"2022 Sep 07 12:00:00 AM","50 - 64 Years","17.03687598707","94.2%","82.4%"
"2022 Sep 07 12:00:00 AM","65+ Years","20.66949770208","95%","92.2%"
"2022 Sep 06 12:00:00 AM","<2 Years","15.76238346261","4.3%","1%"
"2022 Sep 06 12:00:00 AM","2 - 4 Years","16.39253520753","7%","1.8%"
"2022 Sep 06 12:00:00 AM","5 - 11 Years","13.19136577275","38.3%","31.2%"
"2022 Sep 06 12:00:00 AM","12 - 17 Years","18.04646816507","70.9%","60.6%"
"2022 Sep 06 12:00:00 AM","18 - 24 Years","20.12910975509","80.1%","65.2%"
"2022 Sep 06 12:00:00 AM","25 - 49 Years","19.06490944042","83.5%","70.7%"
"2022 Sep 06 12:00:00 AM","50 - 64 Years","18.07392691065","94.2%","82.4%"
"2022 Sep 06 12:00:00 AM","65+ Years","20.96045361808","95%","92.2%"
"2022 Sep 05 12:00:00 AM","<2 Years","16.22805928425","4.2%","1%"
"2022 Sep 05 12:00:00 AM","2 - 4 Years","16.93255804055","6.9%","1.8%"
"2022 Sep 05 12:00:00 AM","5 - 11 Years","13.83217677995","38.3%","31.2%"
"2022 Sep 05 12:00:00 AM","12 - 17 Years","18.7111757451","70.9%","60.6%"
"2022 Sep 05 12:00:00 AM","18 - 24 Years","20.62075546071","80.1%","65.2%"
"2022 Sep 05 12:00:00 AM","25 - 49 Years","19.32748234653","83.5%","70.7%"
"2022 Sep 05 12:00:00 AM","50 - 64 Years","18.57111200755","94.2%","82.4%"
"2022 Sep 05 12:00:00 AM","65+ Years","21.41128994206","95%","92.2%"
"2022 Sep 04 12:00:00 AM","<2 Years","17.74274420409","4.2%","1%"
"2022 Sep 04 12:00:00 AM","2 - 4 Years","19.05001599107","6.9%","1.8%"
"2022 Sep 04 12:00:00 AM","5 - 11 Years","16.3010066478","38.3%","31.2%"
"2022 Sep 04 12:00:00 AM","12 - 17 Years","21.68751243507","70.9%","60.6%"
"2022 Sep 04 12:00:00 AM","18 - 24 Years","22.95843624368","80.1%","65.2%"
"2022 Sep 04 12:00:00 AM","25 - 49 Years","21.68997710883","83.5%","70.7%"
"2022 Sep 04 12:00:00 AM","50 - 64 Years","20.64748410629","94.2%","82.4%"
"2022 Sep 04 12:00:00 AM","65+ Years","23.2426473425","95%","92.2%"
"2022 Sep 03 12:00:00 AM","<2 Years","17.83439316898","4.2%","1%"
"2022 Sep 03 12:00:00 AM","2 - 4 Years","19.26673568064","6.9%","1.8%"
"2022 Sep 03 12:00:00 AM","5 - 11 Years","16.60735046786","38.3%","31.2%"
"2022 Sep 03 12:00:00 AM","12 - 17 Years","21.8696788595","70.9%","60.6%"
"2022 Sep 03 12:00:00 AM","18 - 24 Years","23.0780385163","80.1%","65.2%"
"2022 Sep 03 12:00:00 AM","25 - 49 Years","21.89328922807","83.5%","70.7%"
"2022 Sep 03 12:00:00 AM","50 - 64 Years","20.70628362231","94.2%","82.4%"
"2022 Sep 03 12:00:00 AM","65+ Years","23.11421448585","95%","92.2%"
"2022 Sep 02 12:00:00 AM","<2 Years","18.31245398587","4.2%","1%"
"2022 Sep 02 12:00:00 AM","2 - 4 Years","19.77655986839","6.9%","1.8%"
"2022 Sep 02 12:00:00 AM","5 - 11 Years","17.30541261519","38.3%","31.2%"
"2022 Sep 02 12:00:00 AM","12 - 17 Years","22.48127835968","70.9%","60.6%"
"2022 Sep 02 12:00:00 AM","18 - 24 Years","23.59899386975","80.1%","65.2%"
"2022 Sep 02 12:00:00 AM","25 - 49 Years","22.44727176248","83.5%","70.7%"
"2022 Sep 02 12:00:00 AM","50 - 64 Years","21.11969643576","94.1%","82.4%"
"2022 Sep 02 12:00:00 AM","65+ Years","23.44983121003","95%","92.2%"
"2022 Sep 01 12:00:00 AM","<2 Years","18.69762733834","4.2%","0.9%"
"2022 Sep 01 12:00:00 AM","2 - 4 Years","20.64521501755","6.8%","1.7%"
"2022 Sep 01 12:00:00 AM","5 - 11 Years","18.09035587871","38.3%","31.2%"
"2022 Sep 01 12:00:00 AM","12 - 17 Years","22.86217179257","70.9%","60.6%"
"2022 Sep 01 12:00:00 AM","18 - 24 Years","23.83441652495","80.1%","65.2%"
"2022 Sep 01 12:00:00 AM","25 - 49 Years","22.91910932223","83.5%","70.7%"
"2022 Sep 01 12:00:00 AM","50 - 64 Years","21.52448229319","94.1%","82.4%"
"2022 Sep 01 12:00:00 AM","65+ Years","23.68951968942","95%","92.2%"
"2022 Aug 31 12:00:00 AM","<2 Years","17.77618369128","4.1%","0.9%"
"2022 Aug 31 12:00:00 AM","2 - 4 Years","19.99505594885","6.8%","1.7%"
"2022 Aug 31 12:00:00 AM","5 - 11 Years","17.89600332402","38.2%","31.1%"
"2022 Aug 31 12:00:00 AM","12 - 17 Years","22.35793056132","70.8%","60.6%"
"2022 Aug 31 12:00:00 AM","18 - 24 Years","22.76886900527","80%","65.2%"
"2022 Aug 31 12:00:00 AM","25 - 49 Years","22.21287418584","83.5%","70.7%"
"2022 Aug 31 12:00:00 AM","50 - 64 Years","21.07928595757","94.1%","82.4%"
"2022 Aug 31 12:00:00 AM","65+ Years","23.55870844653","95%","92.2%"
"2022 Aug 30 12:00:00 AM","<2 Years","17.99292110826","4.1%","0.9%"
"2022 Aug 30 12:00:00 AM","2 - 4 Years","19.97551564897","6.7%","1.7%"
"2022 Aug 30 12:00:00 AM","5 - 11 Years","18.40774816441","38.2%","31.1%"
"2022 Aug 30 12:00:00 AM","12 - 17 Years","22.41332285966","70.8%","60.6%"
"2022 Aug 30 12:00:00 AM","18 - 24 Years","22.23656798168","80%","65.2%"
"2022 Aug 30 12:00:00 AM","25 - 49 Years","21.80532399756","83.5%","70.7%"
"2022 Aug 30 12:00:00 AM","50 - 64 Years","20.6195600118","94.1%","82.4%"
"2022 Aug 30 12:00:00 AM","65+ Years","23.66811421331","95%","92.2%"
"2022 Aug 29 12:00:00 AM","<2 Years","18.38057145978","4%","0.9%"
"2022 Aug 29 12:00:00 AM","2 - 4 Years","20.43915367337","6.6%","1.6%"
"2022 Aug 29 12:00:00 AM","5 - 11 Years","18.80448852153","38.2%","31.1%"
"2022 Aug 29 12:00:00 AM","12 - 17 Years","22.2328695991","70.8%","60.6%"
"2022 Aug 29 12:00:00 AM","18 - 24 Years","21.97750851372","80%","65.2%"
"2022 Aug 29 12:00:00 AM","25 - 49 Years","21.98191585129","83.5%","70.7%"
"2022 Aug 29 12:00:00 AM","50 - 64 Years","20.52988507423","94.1%","82.4%"
"2022 Aug 29 12:00:00 AM","65+ Years","23.67789202338","95%","92.2%"
"2022 Aug 28 12:00:00 AM","<2 Years","18.73230532506","4%","0.9%"
"2022 Aug 28 12:00:00 AM","2 - 4 Years","20.85127636173","6.6%","1.6%"
"2022 Aug 28 12:00:00 AM","5 - 11 Years","18.91045335109","38.2%","31.1%"
"2022 Aug 28 12:00:00 AM","12 - 17 Years","21.77945222922","70.8%","60.6%"
"2022 Aug 28 12:00:00 AM","18 - 24 Years","21.73594028721","80%","65.2%"
"2022 Aug 28 12:00:00 AM","25 - 49 Years","22.28139447066","83.5%","70.7%"
"2022 Aug 28 12:00:00 AM","50 - 64 Years","20.91741701963","94.1%","82.4%"
"2022 Aug 28 12:00:00 AM","65+ Years","24.18792373808","95%","92.2%"
"2022 Aug 27 12:00:00 AM","<2 Years","19.1063321818","4%","0.9%"
"2022 Aug 27 12:00:00 AM","2 - 4 Years","21.40195754014","6.6%","1.6%"
"2022 Aug 27 12:00:00 AM","5 - 11 Years","19.27003068741","38.2%","31.1%"
"2022 Aug 27 12:00:00 AM","12 - 17 Years","21.92906854019","70.8%","60.6%"
"2022 Aug 27 12:00:00 AM","18 - 24 Years","21.97419935993","80%","65.1%"
"2022 Aug 27 12:00:00 AM","25 - 49 Years","22.6307421004","83.5%","70.7%"
"2022 Aug 27 12:00:00 AM","50 - 64 Years","21.28951125425","94.1%","82.4%"
"2022 Aug 27 12:00:00 AM","65+ Years","24.52433325767","95%","92.2%"
"2022 Aug 26 12:00:00 AM","<2 Years","19.56829250485","4%","0.8%"
"2022 Aug 26 12:00:00 AM","2 - 4 Years","22.00593044549","6.6%","1.6%"
"2022 Aug 26 12:00:00 AM","5 - 11 Years","19.56181062094","38.2%","31.1%"
"2022 Aug 26 12:00:00 AM","12 - 17 Years","21.91479217464","70.8%","60.6%"
"2022 Aug 26 12:00:00 AM","18 - 24 Years","22.19874908125","80%","65.1%"
"2022 Aug 26 12:00:00 AM","25 - 49 Years","23.01395303693","83.5%","70.7%"
"2022 Aug 26 12:00:00 AM","50 - 64 Years","21.72608063385","94.1%","82.4%"
"2022 Aug 26 12:00:00 AM","65+ Years","25.05762030444","95%","92.2%"
"2022 Aug 25 12:00:00 AM","<2 Years","19.97080485068","3.9%","0.8%"
"2022 Aug 25 12:00:00 AM","2 - 4 Years","22.2706126893","6.5%","1.5%"
"2022 Aug 25 12:00:00 AM","5 - 11 Years","19.79533500836","38.1%","31%"
"2022 Aug 25 12:00:00 AM","12 - 17 Years","21.77888117459","70.8%","60.6%"
"2022 Aug 25 12:00:00 AM","18 - 24 Years","22.38926179218","80%","65.1%"
"2022 Aug 25 12:00:00 AM","25 - 49 Years","23.35642218248","83.5%","70.6%"
"2022 Aug 25 12:00:00 AM","50 - 64 Years","22.10589372386","94.1%","82.4%"
"2022 Aug 25 12:00:00 AM","65+ Years","25.47621628168","95%","92.2%"
"2022 Aug 24 12:00:00 AM","<2 Years","20.41790317943","3.9%","0.8%"
"2022 Aug 24 12:00:00 AM","2 - 4 Years","22.41450035205","6.4%","1.5%"
"2022 Aug 24 12:00:00 AM","5 - 11 Years","19.81994295456","38.1%","31%"
"2022 Aug 24 12:00:00 AM","12 - 17 Years","21.1747053845","70.8%","60.6%"
"2022 Aug 24 12:00:00 AM","18 - 24 Years","22.29329633233","80%","65.1%"
"2022 Aug 24 12:00:00 AM","25 - 49 Years","23.58010519721","83.5%","70.6%"
"2022 Aug 24 12:00:00 AM","50 - 64 Years","22.42758837331","94.1%","82.4%"
"2022 Aug 24 12:00:00 AM","65+ Years","25.77483588666","95%","92.1%"
"2022 Aug 23 12:00:00 AM","<2 Years","20.56404612346","3.8%","0.8%"
"2022 Aug 23 12:00:00 AM","2 - 4 Years","22.85682168567","6.3%","1.5%"
"2022 Aug 23 12:00:00 AM","5 - 11 Years","19.67229527736","38.1%","31%"
"2022 Aug 23 12:00:00 AM","12 - 17 Years","20.51171096833","70.8%","60.6%"
"2022 Aug 23 12:00:00 AM","18 - 24 Years","22.11412929153","80%","65.1%"
"2022 Aug 23 12:00:00 AM","25 - 49 Years","23.8740281178","83.5%","70.6%"
"2022 Aug 23 12:00:00 AM","50 - 64 Years","22.65393245624","94.1%","82.4%"
"2022 Aug 23 12:00:00 AM","65+ Years","25.99893272296","95%","92.1%"
"2022 Aug 22 12:00:00 AM","<2 Years","20.7981225338","3.8%","0.8%"
"2022 Aug 22 12:00:00 AM","2 - 4 Years","23.17124287463","6.3%","1.4%"
"2022 Aug 22 12:00:00 AM","5 - 11 Years","19.46588985106","38.1%","31%"
"2022 Aug 22 12:00:00 AM","12 - 17 Years","19.77105312357","70.8%","60.5%"
"2022 Aug 22 12:00:00 AM","18 - 24 Years","22.18503972984","79.9%","65.1%"
"2022 Aug 22 12:00:00 AM","25 - 49 Years","24.33594478689","83.4%","70.6%"
"2022 Aug 22 12:00:00 AM","50 - 64 Years","23.01263220651","94.1%","82.4%"
"2022 Aug 22 12:00:00 AM","65+ Years","26.18180419787","95%","92.1%"
"2022 Aug 21 12:00:00 AM","<2 Years","21.19815788058","3.7%","0.7%"
"2022 Aug 21 12:00:00 AM","2 - 4 Years","23.61001142646","6.2%","1.4%"
"2022 Aug 21 12:00:00 AM","5 - 11 Years","19.25747561282","38%","31%"
"2022 Aug 21 12:00:00 AM","12 - 17 Years","19.07550859395","70.7%","60.5%"
"2022 Aug 21 12:00:00 AM","18 - 24 Years","22.40202567107","79.9%","65.1%"
"2022 Aug 21 12:00:00 AM","25 - 49 Years","24.72748927158","83.4%","70.6%"
"2022 Aug 21 12:00:00 AM","50 - 64 Years","23.39108314557","94.1%","82.4%"
"2022 Aug 21 12:00:00 AM","65+ Years","26.53010564863","95%","92.1%"
"2022 Aug 20 12:00:00 AM","<2 Years","21.36411681701","3.7%","0.7%"
"2022 Aug 20 12:00:00 AM","2 - 4 Years","23.74501713471","6.2%","1.4%"
"2022 Aug 20 12:00:00 AM","5 - 11 Years","19.06010984023","38%","30.9%"
"2022 Aug 20 12:00:00 AM","12 - 17 Years","18.69632832493","70.7%","60.5%"
"2022 Aug 20 12:00:00 AM","18 - 24 Years","22.39398915473","79.9%","65.1%"
"2022 Aug 20 12:00:00 AM","25 - 49 Years","24.88066782335","83.4%","70.6%"
"2022 Aug 20 12:00:00 AM","50 - 64 Years","23.50141737255","94.1%","82.4%"
"2022 Aug 20 12:00:00 AM","65+ Years","26.66408807316","95%","92.1%"
"2022 Aug 19 12:00:00 AM","<2 Years","21.46815077716","3.7%","0.7%"
"2022 Aug 19 12:00:00 AM","2 - 4 Years","23.9404201335","6.2%","1.4%"
"2022 Aug 19 12:00:00 AM","5 - 11 Years","18.70404792479","38%","30.9%"
"2022 Aug 19 12:00:00 AM","12 - 17 Years","18.13155530375","70.7%","60.5%"
"2022 Aug 19 12:00:00 AM","18 - 24 Years","22.14438441188","79.9%","65.1%"
"2022 Aug 19 12:00:00 AM","25 - 49 Years","24.83992603238","83.4%","70.6%"
"2022 Aug 19 12:00:00 AM","50 - 64 Years","23.45283398865","94.1%","82.4%"
"2022 Aug 19 12:00:00 AM","65+ Years","26.44104829741","95%","92.1%"
"2022 Aug 18 12:00:00 AM","<2 Years","21.80626114766","3.7%","0.7%"
"2022 Aug 18 12:00:00 AM","2 - 4 Years","24.036345242","6.1%","1.3%"
"2022 Aug 18 12:00:00 AM","5 - 11 Years","18.00046154463","38%","30.9%"
"2022 Aug 18 12:00:00 AM","12 - 17 Years","17.29895766485","70.7%","60.5%"
"2022 Aug 18 12:00:00 AM","18 - 24 Years","22.15620281826","79.9%","65.1%"
"2022 Aug 18 12:00:00 AM","25 - 49 Years","25.14205022259","83.4%","70.6%"
"2022 Aug 18 12:00:00 AM","50 - 64 Years","23.62401095809","94.1%","82.4%"
"2022 Aug 18 12:00:00 AM","65+ Years","26.64770363466","95%","92.1%"
"2022 Aug 17 12:00:00 AM","<2 Years","23.87083985687","3.6%","0.7%"
"2022 Aug 17 12:00:00 AM","2 - 4 Years","26.47532994507","6%","1.3%"
"2022 Aug 17 12:00:00 AM","5 - 11 Years","18.7407087426","38%","30.9%"
"2022 Aug 17 12:00:00 AM","12 - 17 Years","17.88485970704","70.7%","60.5%"
"2022 Aug 17 12:00:00 AM","18 - 24 Years","23.34749818188","79.9%","65.1%"
"2022 Aug 17 12:00:00 AM","25 - 49 Years","26.54407049054","83.4%","70.6%"
"2022 Aug 17 12:00:00 AM","50 - 64 Years","24.98729703429","94.1%","82.4%"
"2022 Aug 17 12:00:00 AM","65+ Years","28.21030339062","95%","92.1%"
"2022 Aug 16 12:00:00 AM","<2 Years","24.62260906893","3.6%","0.6%"
"2022 Aug 16 12:00:00 AM","2 - 4 Years","27.71880357373","5.9%","1.2%"
"2022 Aug 16 12:00:00 AM","5 - 11 Years","18.5774927729","37.9%","30.9%"
"2022 Aug 16 12:00:00 AM","12 - 17 Years","17.77635932886","70.7%","60.5%"
"2022 Aug 16 12:00:00 AM","18 - 24 Years","24.79879848597","79.9%","65.1%"
"2022 Aug 16 12:00:00 AM","25 - 49 Years","28.35787386011","83.4%","70.6%"
"2022 Aug 16 12:00:00 AM","50 - 64 Years","27.11974434715","94.1%","82.3%"
"2022 Aug 16 12:00:00 AM","65+ Years","30.18542102567","95%","92.1%"
"2022 Aug 15 12:00:00 AM","<2 Years","24.89507896456","3.5%","0.6%"
"2022 Aug 15 12:00:00 AM","2 - 4 Years","28.19487633442","5.8%","1.2%"
"2022 Aug 15 12:00:00 AM","5 - 11 Years","18.24503439769","37.9%","30.8%"
"2022 Aug 15 12:00:00 AM","12 - 17 Years","17.34464203461","70.7%","60.5%"
"2022 Aug 15 12:00:00 AM","18 - 24 Years","25.65350563574","79.8%","65%"
"2022 Aug 15 12:00:00 AM","25 - 49 Years","29.30128442253","83.4%","70.6%"
"2022 Aug 15 12:00:00 AM","50 - 64 Years","27.93113226328","94.1%","82.3%"
"2022 Aug 15 12:00:00 AM","65+ Years","30.86405389787","95%","92.1%"
"2022 Aug 14 12:00:00 AM","<2 Years","25.07713839483","3.5%","0.6%"
"2022 Aug 14 12:00:00 AM","2 - 4 Years","28.27659031573","5.8%","1.2%"
"2022 Aug 14 12:00:00 AM","5 - 11 Years","17.35663731953","37.9%","30.8%"
"2022 Aug 14 12:00:00 AM","12 - 17 Years","16.4212467108","70.7%","60.5%"
"2022 Aug 14 12:00:00 AM","18 - 24 Years","26.18107929677","79.8%","65%"
"2022 Aug 14 12:00:00 AM","25 - 49 Years","29.86095493425","83.4%","70.6%"
"2022 Aug 14 12:00:00 AM","50 - 64 Years","28.38472852976","94.1%","82.3%"
"2022 Aug 14 12:00:00 AM","65+ Years","31.26970088339","95%","92.1%"
"2022 Aug 13 12:00:00 AM","<2 Years","26.18807246931","3.5%","0.6%"
"2022 Aug 13 12:00:00 AM","2 - 4 Years","29.23584140069","5.8%","1.2%"
"2022 Aug 13 12:00:00 AM","5 - 11 Years","17.51232024448","37.9%","30.8%"
"2022 Aug 13 12:00:00 AM","12 - 17 Years","16.66166070667","70.7%","60.5%"
"2022 Aug 13 12:00:00 AM","18 - 24 Years","27.28350024437","79.8%","65%"
"2022 Aug 13 12:00:00 AM","25 - 49 Years","31.08849980514","83.4%","70.6%"
"2022 Aug 13 12:00:00 AM","50 - 64 Years","29.11211713728","94.1%","82.3%"
"2022 Aug 13 12:00:00 AM","65+ Years","31.6695340359","95%","92.1%"
"2022 Aug 12 12:00:00 AM","<2 Years","26.57696132036","3.4%","0.6%"
"2022 Aug 12 12:00:00 AM","2 - 4 Years","29.27492200045","5.7%","1.1%"
"2022 Aug 12 12:00:00 AM","5 - 11 Years","17.25619672279","37.9%","30.8%"
"2022 Aug 12 12:00:00 AM","12 - 17 Years","16.53088919823","70.7%","60.5%"
"2022 Aug 12 12:00:00 AM","18 - 24 Years","27.80209191655","79.8%","65%"
"2022 Aug 12 12:00:00 AM","25 - 49 Years","31.68745704387","83.4%","70.6%"
"2022 Aug 12 12:00:00 AM","50 - 64 Years","30.03043390301","94%","82.3%"
"2022 Aug 12 12:00:00 AM","65+ Years","32.45519428864","95%","92.1%"
"2022 Aug 11 12:00:00 AM","<2 Years","27.54051395129","3.4%","0.6%"
"2022 Aug 11 12:00:00 AM","2 - 4 Years","30.57524013785","5.6%","1.1%"
"2022 Aug 11 12:00:00 AM","5 - 11 Years","17.66448774854","37.8%","30.8%"
"2022 Aug 11 12:00:00 AM","12 - 17 Years","16.93805114373","70.6%","60.5%"
"2022 Aug 11 12:00:00 AM","18 - 24 Years","29.27371987962","79.8%","65%"
"2022 Aug 11 12:00:00 AM","25 - 49 Years","32.90997533016","83.4%","70.6%"
"2022 Aug 11 12:00:00 AM","50 - 64 Years","31.02730137355","94%","82.3%"
"2022 Aug 11 12:00:00 AM","65+ Years","33.2508966166","95%","92.1%"
"2022 Aug 10 12:00:00 AM","<2 Years","26.17073347595","3.3%","0.5%"
"2022 Aug 10 12:00:00 AM","2 - 4 Years","28.73667555833","5.6%","1%"
"2022 Aug 10 12:00:00 AM","5 - 11 Years","16.21563214057","37.8%","30.7%"
"2022 Aug 10 12:00:00 AM","12 - 17 Years","15.82620779466","70.6%","60.5%"
"2022 Aug 10 12:00:00 AM","18 - 24 Years","29.40183140484","79.8%","65%"
"2022 Aug 10 12:00:00 AM","25 - 49 Years","33.07836591428","83.4%","70.6%"
"2022 Aug 10 12:00:00 AM","50 - 64 Years","31.14785173267","94%","82.3%"
"2022 Aug 10 12:00:00 AM","65+ Years","33.08229545909","95%","92.1%"
"2022 Aug 09 12:00:00 AM","<2 Years","26.40357138677","3.3%","0.5%"
"2022 Aug 09 12:00:00 AM","2 - 4 Years","28.37962098782","5.5%","1%"
"2022 Aug 09 12:00:00 AM","5 - 11 Years","15.73050405832","37.8%","30.7%"
"2022 Aug 09 12:00:00 AM","12 - 17 Years","15.25857950037","70.6%","60.4%"
"2022 Aug 09 12:00:00 AM","18 - 24 Years","29.23826466047","79.8%","65%"
"2022 Aug 09 12:00:00 AM","25 - 49 Years","32.52544160821","83.4%","70.6%"
"2022 Aug 09 12:00:00 AM","50 - 64 Years","30.21545940711","94%","82.3%"
"2022 Aug 09 12:00:00 AM","65+ Years","32.17031647079","95%","92.1%"
"2022 Aug 08 12:00:00 AM","<2 Years","26.79865273545","3.2%","0.5%"
"2022 Aug 08 12:00:00 AM","2 - 4 Years","28.59456428649","5.4%","1%"
"2022 Aug 08 12:00:00 AM","5 - 11 Years","15.42215142633","37.7%","30.7%"
"2022 Aug 08 12:00:00 AM","12 - 17 Years","14.99760753811","70.6%","60.4%"
"2022 Aug 08 12:00:00 AM","18 - 24 Years","29.65805445526","79.7%","65%"
"2022 Aug 08 12:00:00 AM","25 - 49 Years","32.9041550743","83.4%","70.6%"
"2022 Aug 08 12:00:00 AM","50 - 64 Years","30.46405195556","94%","82.3%"
"2022 Aug 08 12:00:00 AM","65+ Years","32.41344039697","95%","92.1%"
"2022 Aug 07 12:00:00 AM","<2 Years","27.28042905091","3.2%","0.5%"
"2022 Aug 07 12:00:00 AM","2 - 4 Years","29.07241343807","5.3%","0.9%"
"2022 Aug 07 12:00:00 AM","5 - 11 Years","15.51706779025","37.7%","30.7%"
"2022 Aug 07 12:00:00 AM","12 - 17 Years","15.16092916001","70.6%","60.4%"
"2022 Aug 07 12:00:00 AM","18 - 24 Years","30.60730885612","79.7%","65%"
"2022 Aug 07 12:00:00 AM","25 - 49 Years","34.02204103378","83.3%","70.6%"
"2022 Aug 07 12:00:00 AM","50 - 64 Years","31.37374176528","94%","82.3%"
"2022 Aug 07 12:00:00 AM","65+ Years","33.07172485361","95%","92%"
"2022 Aug 06 12:00:00 AM","<2 Years","26.86553170983","3.2%","0.4%"
"2022 Aug 06 12:00:00 AM","2 - 4 Years","28.73134638564","5.3%","0.9%"
"2022 Aug 06 12:00:00 AM","5 - 11 Years","15.10475914064","37.7%","30.7%"
"2022 Aug 06 12:00:00 AM","12 - 17 Years","14.71379339096","70.6%","60.4%"
"2022 Aug 06 12:00:00 AM","18 - 24 Years","30.24424741197","79.7%","65%"
"2022 Aug 06 12:00:00 AM","25 - 49 Years","33.61779780905","83.3%","70.6%"
"2022 Aug 06 12:00:00 AM","50 - 64 Years","31.40053073397","94%","82.3%"
"2022 Aug 06 12:00:00 AM","65+ Years","33.37853667784","95%","92%"
"2022 Aug 05 12:00:00 AM","<2 Years","27.09093862349","3.2%","0.4%"
"2022 Aug 05 12:00:00 AM","2 - 4 Years","29.14879824669","5.3%","0.9%"
"2022 Aug 05 12:00:00 AM","5 - 11 Years","15.09270626903","37.7%","30.7%"
"2022 Aug 05 12:00:00 AM","12 - 17 Years","14.72121710105","70.6%","60.4%"
"2022 Aug 05 12:00:00 AM","18 - 24 Years","30.58272657083","79.7%","65%"
"2022 Aug 05 12:00:00 AM","25 - 49 Years","33.86515868282","83.3%","70.6%"
"2022 Aug 05 12:00:00 AM","50 - 64 Years","31.25841298481","94%","82.3%"
"2022 Aug 05 12:00:00 AM","65+ Years","33.357659732","95%","92%"
"2022 Aug 04 12:00:00 AM","<2 Years","26.83580772121","3.1%","0.4%"
"2022 Aug 04 12:00:00 AM","2 - 4 Years","28.53771977775","5.2%","0.8%"
"2022 Aug 04 12:00:00 AM","5 - 11 Years","14.47600100505","37.6%","30.6%"
"2022 Aug 04 12:00:00 AM","12 - 17 Years","14.1233229118","70.5%","60.4%"
"2022 Aug 04 12:00:00 AM","18 - 24 Years","30.27970263112","79.7%","64.9%"
"2022 Aug 04 12:00:00 AM","25 - 49 Years","33.72176874316","83.3%","70.6%"
"2022 Aug 04 12:00:00 AM","50 - 64 Years","31.28134252581","94%","82.3%"
"2022 Aug 04 12:00:00 AM","65+ Years","33.39439258607","95%","92%"
"2022 Aug 03 12:00:00 AM","<2 Years","27.502120466","3%","0.4%"
"2022 Aug 03 12:00:00 AM","2 - 4 Years","29.21274831902","5.1%","0.7%"
"2022 Aug 03 12:00:00 AM","5 - 11 Years","14.74116418044","37.6%","30.6%"
"2022 Aug 03 12:00:00 AM","12 - 17 Years","14.23410750847","70.5%","60.4%"
"2022 Aug 03 12:00:00 AM","18 - 24 Years","30.85880454399","79.7%","64.9%"
"2022 Aug 03 12:00:00 AM","25 - 49 Years","34.12098538328","83.3%","70.6%"
"2022 Aug 03 12:00:00 AM","50 - 64 Years","31.52267026919","94%","82.3%"
"2022 Aug 03 12:00:00 AM","65+ Years","33.59364849948","95%","92%"
"2022 Aug 02 12:00:00 AM","<2 Years","28.21921169134","3%","0.3%"
"2022 Aug 02 12:00:00 AM","2 - 4 Years","29.71191416138","5%","0.7%"
"2022 Aug 02 12:00:00 AM","5 - 11 Years","15.31267117589","37.6%","30.6%"
"2022 Aug 02 12:00:00 AM","12 - 17 Years","14.82914642461","70.5%","60.4%"
"2022 Aug 02 12:00:00 AM","18 - 24 Years","31.63834662915","79.7%","64.9%"
"2022 Aug 02 12:00:00 AM","25 - 49 Years","34.77616100241","83.3%","70.5%"
"2022 Aug 02 12:00:00 AM","50 - 64 Years","31.85231079919","94%","82.3%"
"2022 Aug 02 12:00:00 AM","65+ Years","33.75643582396","95%","92%"
"2022 Aug 01 12:00:00 AM","<2 Years","28.63410903242","2.9%","0.3%"
"2022 Aug 01 12:00:00 AM","2 - 4 Years","30.07074512279","4.9%","0.7%"
"2022 Aug 01 12:00:00 AM","5 - 11 Years","15.76917368807","37.5%","30.6%"
"2022 Aug 01 12:00:00 AM","12 - 17 Years","15.25743739113","70.5%","60.4%"
"2022 Aug 01 12:00:00 AM","18 - 24 Years","32.23919440977","79.6%","64.9%"
"2022 Aug 01 12:00:00 AM","25 - 49 Years","35.55633984385","83.3%","70.5%"
"2022 Aug 01 12:00:00 AM","50 - 64 Years","32.56312657014","94%","82.3%"
"2022 Aug 01 12:00:00 AM","65+ Years","34.18269549018","95%","92%"
"2022 Jul 31 12:00:00 AM","<2 Years","29.28927528148","2.9%","0.3%"
"2022 Jul 31 12:00:00 AM","2 - 4 Years","31.06730041662","4.8%","0.6%"
"2022 Jul 31 12:00:00 AM","5 - 11 Years","16.07802852304","37.5%","30.5%"
"2022 Jul 31 12:00:00 AM","12 - 17 Years","15.44931174413","70.5%","60.4%"
"2022 Jul 31 12:00:00 AM","18 - 24 Years","32.65662052329","79.6%","64.9%"
"2022 Jul 31 12:00:00 AM","25 - 49 Years","36.29088258825","83.3%","70.5%"
"2022 Jul 31 12:00:00 AM","50 - 64 Years","33.59609104087","94%","82.3%"
"2022 Jul 31 12:00:00 AM","65+ Years","34.94642173654","95%","92%"
"2022 Jul 30 12:00:00 AM","<2 Years","29.43294122645","2.9%","0.3%"
"2022 Jul 30 12:00:00 AM","2 - 4 Years","31.28934927888","4.8%","0.6%"
"2022 Jul 30 12:00:00 AM","5 - 11 Years","16.18198454067","37.5%","30.5%"
"2022 Jul 30 12:00:00 AM","12 - 17 Years","15.46587232816","70.5%","60.4%"
"2022 Jul 30 12:00:00 AM","18 - 24 Years","32.88306118963","79.6%","64.9%"
"2022 Jul 30 12:00:00 AM","25 - 49 Years","36.5855991801","83.3%","70.5%"
"2022 Jul 30 12:00:00 AM","50 - 64 Years","33.82969992886","94%","82.3%"
"2022 Jul 30 12:00:00 AM","65+ Years","35.15228427838","95%","92%"
"2022 Jul 29 12:00:00 AM","<2 Years","29.77352859599","2.9%","0.3%"
"2022 Jul 29 12:00:00 AM","2 - 4 Years","31.88088744794","4.7%","0.6%"
"2022 Jul 29 12:00:00 AM","5 - 11 Years","16.55813457545","37.5%","30.5%"
"2022 Jul 29 12:00:00 AM","12 - 17 Years","15.77938131565","70.5%","60.3%"
"2022 Jul 29 12:00:00 AM","18 - 24 Years","33.61391144048","79.6%","64.9%"
"2022 Jul 29 12:00:00 AM","25 - 49 Years","37.40096411374","83.3%","70.5%"
"2022 Jul 29 12:00:00 AM","50 - 64 Years","34.57979105222","93.9%","82.3%"
"2022 Jul 29 12:00:00 AM","65+ Years","35.99159035396","95%","92%"
"2022 Jul 28 12:00:00 AM","<2 Years","30.2231039238","2.8%","0.2%"
"2022 Jul 28 12:00:00 AM","2 - 4 Years","32.81704545123","4.6%","0.5%"
"2022 Jul 28 12:00:00 AM","5 - 11 Years","16.89963260437","37.4%","30.5%"
"2022 Jul 28 12:00:00 AM","12 - 17 Years","16.13571939979","70.4%","60.3%"
"2022 Jul 28 12:00:00 AM","18 - 24 Years","34.06915645444","79.6%","64.9%"
"2022 Jul 28 12:00:00 AM","25 - 49 Years","38.11315178453","83.3%","70.5%"
"2022 Jul 28 12:00:00 AM","50 - 64 Years","35.24202343928","93.9%","82.2%"
"2022 Jul 28 12:00:00 AM","65+ Years","36.79363504521","95%","92%"
"2022 Jul 27 12:00:00 AM","<2 Years","30.25778191051","2.7%","0.2%"
"2022 Jul 27 12:00:00 AM","2 - 4 Years","33.04797626799","4.5%","0.4%"
"2022 Jul 27 12:00:00 AM","5 - 11 Years","16.98952693845","37.4%","30.5%"
"2022 Jul 27 12:00:00 AM","12 - 17 Years","16.24193555949","70.4%","60.3%"
"2022 Jul 27 12:00:00 AM","18 - 24 Years","34.20388628723","79.6%","64.9%"
"2022 Jul 27 12:00:00 AM","25 - 49 Years","38.37069810604","83.3%","70.5%"
"2022 Jul 27 12:00:00 AM","50 - 64 Years","35.47744852854","93.9%","82.2%"
"2022 Jul 27 12:00:00 AM","65+ Years","36.96117914216","95%","92%"
"2022 Jul 26 12:00:00 AM","<2 Years","30.15003245178","2.7%","0.2%"
"2022 Jul 26 12:00:00 AM","2 - 4 Years","33.17054723995","4.4%","0.4%"
"2022 Jul 26 12:00:00 AM","5 - 11 Years","16.7108042825","37.4%","30.4%"
"2022 Jul 26 12:00:00 AM","12 - 17 Years","16.0192242569","70.4%","60.3%"
"2022 Jul 26 12:00:00 AM","18 - 24 Years","34.4289087448","79.6%","64.9%"
"2022 Jul 26 12:00:00 AM","25 - 49 Years","38.89200784054","83.2%","70.5%"
"2022 Jul 26 12:00:00 AM","50 - 64 Years","36.10449201604","93.9%","82.2%"
"2022 Jul 26 12:00:00 AM","65+ Years","37.52168549805","95%","91.9%"
"2022 Jul 25 12:00:00 AM","<2 Years","30.30360639296","2.6%","0.1%"
"2022 Jul 25 12:00:00 AM","2 - 4 Years","33.5933282737","4.3%","0.3%"
"2022 Jul 25 12:00:00 AM","5 - 11 Years","16.55009932771","37.3%","30.4%"
"2022 Jul 25 12:00:00 AM","12 - 17 Years","15.88673958459","70.4%","60.3%"
"2022 Jul 25 12:00:00 AM","18 - 24 Years","34.43032695357","79.6%","64.8%"
"2022 Jul 25 12:00:00 AM","25 - 49 Years","38.9094686081","83.2%","70.5%"
"2022 Jul 25 12:00:00 AM","50 - 64 Years","36.13877281496","93.9%","82.2%"
"2022 Jul 25 12:00:00 AM","65+ Years","37.67469501246","95%","91.9%"
"2022 Jul 24 12:00:00 AM","<2 Years","29.89985554761","2.5%","0.1%"
"2022 Jul 24 12:00:00 AM","2 - 4 Years","33.24337926678","4.2%","0.3%"
"2022 Jul 24 12:00:00 AM","5 - 11 Years","16.36980845657","37.3%","30.4%"
"2022 Jul 24 12:00:00 AM","12 - 17 Years","15.77823920641","70.4%","60.3%"
"2022 Jul 24 12:00:00 AM","18 - 24 Years","34.36036198777","79.5%","64.8%"
"2022 Jul 24 12:00:00 AM","25 - 49 Years","38.78552361413","83.2%","70.5%"
"2022 Jul 24 12:00:00 AM","50 - 64 Years","35.58800978068","93.9%","82.2%"
"2022 Jul 24 12:00:00 AM","65+ Years","37.2431500435","95%","91.9%"
"2022 Jul 23 12:00:00 AM","<2 Years","30.04352149258","2.5%","0.1%"
"2022 Jul 23 12:00:00 AM","2 - 4 Years","33.51161429239","4.2%","0.3%"
"2022 Jul 23 12:00:00 AM","5 - 11 Years","16.55512135755","37.3%","30.4%"
"2022 Jul 23 12:00:00 AM","12 - 17 Years","15.97411094176","70.4%","60.3%"
"2022 Jul 23 12:00:00 AM","18 - 24 Years","34.72531437694","79.5%","64.8%"
"2022 Jul 23 12:00:00 AM","25 - 49 Years","39.25828712368","83.2%","70.5%"
"2022 Jul 23 12:00:00 AM","50 - 64 Years","36.0048279715","93.9%","82.2%"
"2022 Jul 23 12:00:00 AM","65+ Years","37.52300682374","95%","91.9%"
"2022 Jul 22 12:00:00 AM","<2 Years","29.89985554761","2.5%","0.1%"
"2022 Jul 22 12:00:00 AM","2 - 4 Years","33.42457113838","4.1%","0.2%"
"2022 Jul 22 12:00:00 AM","5 - 11 Years","16.42605519074","37.3%","30.4%"
"2022 Jul 22 12:00:00 AM","12 - 17 Years","15.91415020645","70.4%","60.3%"
"2022 Jul 22 12:00:00 AM","18 - 24 Years","34.46436396395","79.5%","64.8%"
"2022 Jul 22 12:00:00 AM","25 - 49 Years","39.07693324243","83.2%","70.5%"
"2022 Jul 22 12:00:00 AM","50 - 64 Years","35.76508940423","93.9%","82.2%"
"2022 Jul 22 12:00:00 AM","65+ Years","37.08009845388","95%","91.9%"
"2022 Jul 21 12:00:00 AM","<2 Years","29.78591359125","2.4%","0.1%"
"2022 Jul 21 12:00:00 AM","2 - 4 Years","33.15633611277","4%","0.1%"
"2022 Jul 21 12:00:00 AM","5 - 11 Years","16.40245165051","37.2%","30.4%"
"2022 Jul 21 12:00:00 AM","12 - 17 Years","15.98952941656","70.3%","60.3%"
"2022 Jul 21 12:00:00 AM","18 - 24 Years","34.73193268451","79.5%","64.8%"
"2022 Jul 21 12:00:00 AM","25 - 49 Years","39.39691503582","83.2%","70.5%"
"2022 Jul 21 12:00:00 AM","50 - 64 Years","35.96668774489","93.9%","82.2%"
"2022 Jul 21 12:00:00 AM","65+ Years","37.00531142007","95%","91.9%"
"2022 Jul 20 12:00:00 AM","<2 Years","29.61128515814","2.3%","0%"
"2022 Jul 20 12:00:00 AM","2 - 4 Years","33.16877084906","3.8%","0.1%"
"2022 Jul 20 12:00:00 AM","5 - 11 Years","16.25882159717","37.2%","30.3%"
"2022 Jul 20 12:00:00 AM","12 - 17 Years","16.09517452163","70.3%","60.3%"
"2022 Jul 20 12:00:00 AM","18 - 24 Years","34.92622728548","79.5%","64.8%"
"2022 Jul 20 12:00:00 AM","25 - 49 Years","39.55141637302","83.2%","70.5%"
"2022 Jul 20 12:00:00 AM","50 - 64 Years","36.10653524247","93.9%","82.2%"
"2022 Jul 20 12:00:00 AM","65+ Years","37.21698779492","95%","91.9%"
"2022 Jul 19 12:00:00 AM","<2 Years","29.35986975444","2.3%","0%"
"2022 Jul 19 12:00:00 AM","2 - 4 Years","32.97336785027","3.7%","0%"
"2022 Jul 19 12:00:00 AM","5 - 11 Years","16.05090956192","37.1%","30.3%"
"2022 Jul 19 12:00:00 AM","12 - 17 Years","15.96268984932","70.3%","60.3%"
"2022 Jul 19 12:00:00 AM","18 - 24 Years","34.76880611243","79.5%","64.8%"
"2022 Jul 19 12:00:00 AM","25 - 49 Years","39.34625235419","83.2%","70.5%"
"2022 Jul 19 12:00:00 AM","50 - 64 Years","35.86861287646","93.8%","82.2%"
"2022 Jul 19 12:00:00 AM","65+ Years","36.95510104401","95%","91.9%"
"2022 Jul 18 12:00:00 AM","<2 Years","29.13446284077","2.2%","0%"
"2022 Jul 18 12:00:00 AM","2 - 4 Years","32.68026335208","3.6%","0%"
"2022 Jul 18 12:00:00 AM","5 - 11 Years","15.79177282233","37.1%","30.3%"
"2022 Jul 18 12:00:00 AM","12 - 17 Years","15.82906306777","70.3%","60.2%"
"2022 Jul 18 12:00:00 AM","18 - 24 Years","34.88557196752","79.4%","64.8%"
"2022 Jul 18 12:00:00 AM","25 - 49 Years","39.36715236384","83.2%","70.5%"
"2022 Jul 18 12:00:00 AM","50 - 64 Years","35.72240867445","93.8%","82.1%"
"2022 Jul 18 12:00:00 AM","65+ Years","36.77328662965","95%","91.8%"
"2022 Jul 17 12:00:00 AM","<2 Years","29.27812878574","2.1%","0%"
"2022 Jul 17 12:00:00 AM","2 - 4 Years","32.39959359018","3.5%","0%"
"2022 Jul 17 12:00:00 AM","5 - 11 Years","15.61650398102","37.1%","30.3%"
"2022 Jul 17 12:00:00 AM","12 - 17 Years","15.80622088289","70.3%","60.2%"
"2022 Jul 17 12:00:00 AM","18 - 24 Years","35.26612465312","79.4%","64.8%"
"2022 Jul 17 12:00:00 AM","25 - 49 Years","39.47456254005","83.2%","70.5%"
"2022 Jul 17 12:00:00 AM","50 - 64 Years","35.85249409022","93.8%","82.1%"
"2022 Jul 17 12:00:00 AM","65+ Years","36.829839369","95%","91.8%"
"2022 Jul 16 12:00:00 AM","<2 Years","29.2806057848","2.1%","0%"
"2022 Jul 16 12:00:00 AM","2 - 4 Years","32.26636427283","3.4%","0%"
"2022 Jul 16 12:00:00 AM","5 - 11 Years","15.4447505606","37.1%","30.3%"
"2022 Jul 16 12:00:00 AM","12 - 17 Years","15.76967338708","70.3%","60.2%"
"2022 Jul 16 12:00:00 AM","18 - 24 Years","35.28739778461","79.4%","64.8%"
"2022 Jul 16 12:00:00 AM","25 - 49 Years","39.39598908603","83.2%","70.5%"
"2022 Jul 16 12:00:00 AM","50 - 64 Years","35.66292808295","93.8%","82.1%"
"2022 Jul 16 12:00:00 AM","65+ Years","36.76350881958","95%","91.8%"
"2022 Jul 15 12:00:00 AM","<2 Years","29.20381881421","2.1%","0%"
"2022 Jul 15 12:00:00 AM","2 - 4 Years","31.98036533824","3.4%","0%"
"2022 Jul 15 12:00:00 AM","5 - 11 Years","15.34179894894","37%","30.3%"
"2022 Jul 15 12:00:00 AM","12 - 17 Years","15.69486523159","70.3%","60.2%"
"2022 Jul 15 12:00:00 AM","18 - 24 Years","35.49965636329","79.4%","64.8%"
"2022 Jul 15 12:00:00 AM","25 - 49 Years","39.52959041357","83.2%","70.5%"
"2022 Jul 15 12:00:00 AM","50 - 64 Years","35.77553256152","93.8%","82.1%"
"2022 Jul 15 12:00:00 AM","65+ Years","36.79231371952","95%","91.8%"
"2022 Jul 14 12:00:00 AM","<2 Years","29.20629581326","2%","0%"
"2022 Jul 14 12:00:00 AM","2 - 4 Years","32.2041905914","3.2%","0%"
"2022 Jul 14 12:00:00 AM","5 - 11 Years","15.1951556777","37%","30.2%"
"2022 Jul 14 12:00:00 AM","12 - 17 Years","15.61605969376","70.3%","60.2%"
"2022 Jul 14 12:00:00 AM","18 - 24 Years","35.77053423763","79.4%","64.7%"
"2022 Jul 14 12:00:00 AM","25 - 49 Years","39.69083795642","83.1%","70.5%"
"2022 Jul 14 12:00:00 AM","50 - 64 Years","35.92786644281","93.8%","82.1%"
"2022 Jul 14 12:00:00 AM","65+ Years","36.84225983045","95%","91.8%"
"2022 Jul 13 12:00:00 AM","<2 Years","29.31528377151","1.9%","0%"
"2022 Jul 13 12:00:00 AM","2 - 4 Years","31.84003045729","3.1%","0%"
"2022 Jul 13 12:00:00 AM","5 - 11 Years","15.370926722","37%","30.2%"
"2022 Jul 13 12:00:00 AM","12 - 17 Years","15.55609895844","70.2%","60.2%"
"2022 Jul 13 12:00:00 AM","18 - 24 Years","35.95584684975","79.4%","64.7%"
"2022 Jul 13 12:00:00 AM","25 - 49 Years","39.98013112804","83.1%","70.4%"
"2022 Jul 13 12:00:00 AM","50 - 64 Years","35.92377998996","93.8%","82.1%"
"2022 Jul 13 12:00:00 AM","65+ Years","36.57878748871","95%","91.8%"
"2022 Jul 12 12:00:00 AM","<2 Years","29.36358525301","1.8%","0%"
"2022 Jul 12 12:00:00 AM","2 - 4 Years","32.27169344552","2.9%","0%"
"2022 Jul 12 12:00:00 AM","5 - 11 Years","15.97608131735","36.9%","30.2%"
"2022 Jul 12 12:00:00 AM","12 - 17 Years","16.44751522342","70.2%","60.2%"
"2022 Jul 12 12:00:00 AM","18 - 24 Years","36.9093558769","79.4%","64.7%"
"2022 Jul 12 12:00:00 AM","25 - 49 Years","40.99523666028","83.1%","70.4%"
"2022 Jul 12 12:00:00 AM","50 - 64 Years","36.43027311835","93.8%","82.1%"
"2022 Jul 12 12:00:00 AM","65+ Years","36.90145522117","95%","91.7%"
"2022 Jul 11 12:00:00 AM","<2 Years","29.06386836781","1.8%","0%"
"2022 Jul 11 12:00:00 AM","2 - 4 Years","32.26814066373","2.8%","0%"
"2022 Jul 11 12:00:00 AM","5 - 11 Years","16.06547344845","36.9%","30.2%"
"2022 Jul 11 12:00:00 AM","12 - 17 Years","16.54173923605","70.2%","60.2%"
"2022 Jul 11 12:00:00 AM","18 - 24 Years","37.10459595038","79.3%","64.7%"
"2022 Jul 11 12:00:00 AM","25 - 49 Years","41.7957863972","83.1%","70.4%"
"2022 Jul 11 12:00:00 AM","50 - 64 Years","37.48117257659","93.7%","82.1%"
"2022 Jul 11 12:00:00 AM","65+ Years","37.50450826414","95%","91.7%"
"2022 Jul 10 12:00:00 AM","<2 Years","26.76892874683","1.7%","0%"
"2022 Jul 10 12:00:00 AM","2 - 4 Years","29.60710709839","2.7%","0%"
"2022 Jul 10 12:00:00 AM","5 - 11 Years","14.74719061624","36.9%","30.2%"
"2022 Jul 10 12:00:00 AM","12 - 17 Years","15.25915055499","70.2%","60.2%"
"2022 Jul 10 12:00:00 AM","18 - 24 Years","33.58838368269","79.3%","64.7%"
"2022 Jul 10 12:00:00 AM","25 - 49 Years","37.89595041836","83.1%","70.4%"
"2022 Jul 10 12:00:00 AM","50 - 64 Years","34.01563353359","93.7%","82.1%"
"2022 Jul 10 12:00:00 AM","65+ Years","34.51196985107","95%","91.7%"
"2022 Jul 09 12:00:00 AM","<2 Years","26.02087503335","1.7%","0%"
"2022 Jul 09 12:00:00 AM","2 - 4 Years","28.82194232144","2.6%","0%"
"2022 Jul 09 12:00:00 AM","5 - 11 Years","14.46545474239","36.9%","30.2%"
"2022 Jul 09 12:00:00 AM","12 - 17 Years","14.99418121038","70.2%","60.2%"
"2022 Jul 09 12:00:00 AM","18 - 24 Years","32.97382655067","79.3%","64.7%"
"2022 Jul 09 12:00:00 AM","25 - 49 Years","37.30228432132","83.1%","70.4%"
"2022 Jul 09 12:00:00 AM","50 - 64 Years","33.57611282693","93.7%","82.1%"
"2022 Jul 09 12:00:00 AM","65+ Years","34.18480961128","95%","91.7%"
"2022 Jul 08 12:00:00 AM","<2 Years","25.55148371314","1.6%","0%"
"2022 Jul 08 12:00:00 AM","2 - 4 Years","28.29257783381","2.5%","0%"
"2022 Jul 08 12:00:00 AM","5 - 11 Years","14.25854711311","36.9%","30.1%"
"2022 Jul 08 12:00:00 AM","12 - 17 Years","14.94335734902","70.2%","60.2%"
"2022 Jul 08 12:00:00 AM","18 - 24 Years","32.56869157979","79.3%","64.7%"
"2022 Jul 08 12:00:00 AM","25 - 49 Years","36.97740822187","83.1%","70.4%"
"2022 Jul 08 12:00:00 AM","50 - 64 Years","33.24420204534","93.7%","82.1%"
"2022 Jul 08 12:00:00 AM","65+ Years","34.00537358315","95%","91.7%"
"2022 Jul 07 12:00:00 AM","<2 Years","24.7811370082","1.5%","0%"
"2022 Jul 07 12:00:00 AM","2 - 4 Years","27.20187382239","2.4%","0%"
"2022 Jul 07 12:00:00 AM","5 - 11 Years","13.91654688121","36.8%","30.1%"
"2022 Jul 07 12:00:00 AM","12 - 17 Years","14.57559817244","70.2%","60.2%"
"2022 Jul 07 12:00:00 AM","18 - 24 Years","31.63220105783","79.3%","64.7%"
"2022 Jul 07 12:00:00 AM","25 - 49 Years","35.97989573573","83.1%","70.4%"
"2022 Jul 07 12:00:00 AM","50 - 64 Years","32.30704219146","93.7%","82%"
"2022 Jul 07 12:00:00 AM","65+ Years","33.2765303349","95%","91.7%"
"2022 Jul 06 12:00:00 AM","<2 Years","23.89189434881","1.4%","0%"
"2022 Jul 06 12:00:00 AM","2 - 4 Years","26.66185098937","2.2%","0%"
"2022 Jul 06 12:00:00 AM","5 - 11 Years","13.40128661994","36.8%","30.1%"
"2022 Jul 06 12:00:00 AM","12 - 17 Years","14.26894184041","70.1%","60.1%"
"2022 Jul 06 12:00:00 AM","18 - 24 Years","30.79073052321","79.3%","64.7%"
"2022 Jul 06 12:00:00 AM","25 - 49 Years","35.2330510869","83.1%","70.4%"
"2022 Jul 06 12:00:00 AM","50 - 64 Years","31.62914506848","93.7%","82%"
"2022 Jul 06 12:00:00 AM","65+ Years","32.65577152774","95%","91.7%"
"2022 Jul 05 12:00:00 AM","<2 Years","22.89861772926","1.3%","0%"
"2022 Jul 05 12:00:00 AM","2 - 4 Years","25.57469975974","2%","0%"
"2022 Jul 05 12:00:00 AM","5 - 11 Years","12.45513619865","36.8%","30.1%"
"2022 Jul 05 12:00:00 AM","12 - 17 Years","13.02975331063","70.1%","60.1%"
"2022 Jul 05 12:00:00 AM","18 - 24 Years","29.24299202302","79.3%","64.7%"
"2022 Jul 05 12:00:00 AM","25 - 49 Years","33.78354282233","83.1%","70.4%"
"2022 Jul 05 12:00:00 AM","50 - 64 Years","30.57211593096","93.7%","82%"
"2022 Jul 05 12:00:00 AM","65+ Years","31.69146804228","95%","91.7%"
"2022 Jul 04 12:00:00 AM","<2 Years","22.60880884026","1.3%","0%"
"2022 Jul 04 12:00:00 AM","2 - 4 Years","25.32067586131","1.9%","0%"
"2022 Jul 04 12:00:00 AM","5 - 11 Years","12.91967395857","36.7%","30.1%"
"2022 Jul 04 12:00:00 AM","12 - 17 Years","13.53513665112","70.1%","60.1%"
"2022 Jul 04 12:00:00 AM","18 - 24 Years","29.13048079423","79.2%","64.6%"
"2022 Jul 04 12:00:00 AM","25 - 49 Years","33.06725451674","83.1%","70.4%"
"2022 Jul 04 12:00:00 AM","50 - 64 Years","29.34618007559","93.7%","82%"
"2022 Jul 04 12:00:00 AM","65+ Years","30.64418530376","95%","91.7%"
"2022 Jul 03 12:00:00 AM","<2 Years","24.18046473828","1.3%","0%"
"2022 Jul 03 12:00:00 AM","2 - 4 Years","27.84492732749","1.9%","0%"
"2022 Jul 03 12:00:00 AM","5 - 11 Years","14.44185120216","36.7%","30.1%"
"2022 Jul 03 12:00:00 AM","12 - 17 Years","15.11638689949","70.1%","60.1%"
"2022 Jul 03 12:00:00 AM","18 - 24 Years","32.18010237784","79.2%","64.6%"
"2022 Jul 03 12:00:00 AM","25 - 49 Years","37.05783357548","83.1%","70.4%"
"2022 Jul 03 12:00:00 AM","50 - 64 Years","32.87324293652","93.7%","82%"
"2022 Jul 03 12:00:00 AM","65+ Years","33.45411650706","95%","91.7%"
"2022 Jul 02 12:00:00 AM","<2 Years","23.98973581133","1.2%","0%"
"2022 Jul 02 12:00:00 AM","2 - 4 Years","27.94440521779","1.9%","0%"
"2022 Jul 02 12:00:00 AM","5 - 11 Years","14.44486442006","36.7%","30.1%"
"2022 Jul 02 12:00:00 AM","12 - 17 Years","15.12095533646","70.1%","60.1%"
"2022 Jul 02 12:00:00 AM","18 - 24 Years","32.29355907914","79.2%","64.6%"
"2022 Jul 02 12:00:00 AM","25 - 49 Years","37.20916022766","83%","70.4%"
"2022 Jul 02 12:00:00 AM","50 - 64 Years","32.94952338974","93.7%","82%"
"2022 Jul 02 12:00:00 AM","65+ Years","33.22526289829","95%","91.7%"
"2022 Jul 01 12:00:00 AM","<2 Years","23.75318240194","1.2%","0%"
"2022 Jul 01 12:00:00 AM","2 - 4 Years","27.82893980941","1.8%","0%"
"2022 Jul 01 12:00:00 AM","5 - 11 Years","14.37154278444","36.7%","30%"
"2022 Jul 01 12:00:00 AM","12 - 17 Years","15.00160492046","70.1%","60.1%"
"2022 Jul 01 12:00:00 AM","18 - 24 Years","32.07279124787","79.2%","64.6%"
"2022 Jul 01 12:00:00 AM","25 - 49 Years","37.0481772419","83%","70.4%"
"2022 Jul 01 12:00:00 AM","50 - 64 Years","32.74474669686","93.7%","82%"
"2022 Jul 01 12:00:00 AM","65+ Years","32.79160380823","95%","91.7%"
"2022 Jun 30 12:00:00 AM","<2 Years","23.28131408267","1.1%","0%"
"2022 Jun 30 12:00:00 AM","2 - 4 Years","27.62820763793","1.6%","0%"
"2022 Jun 30 12:00:00 AM","5 - 11 Years","14.15459109548","36.7%","30%"
"2022 Jun 30 12:00:00 AM","12 - 17 Years","14.87140446664","70.1%","60.1%"
"2022 Jun 30 12:00:00 AM","18 - 24 Years","31.71918452882","79.2%","64.6%"
"2022 Jun 30 12:00:00 AM","25 - 49 Years","36.97806961458","83%","70.4%"
"2022 Jun 30 12:00:00 AM","50 - 64 Years","32.5769751048","93.7%","82%"
"2022 Jun 30 12:00:00 AM","65+ Years","32.40551244286","95%","91.6%"
"2022 Jun 29 12:00:00 AM","<2 Years","22.73885129045","0.9%","0%"
"2022 Jun 29 12:00:00 AM","2 - 4 Years","27.31378644897","1.4%","0%"
"2022 Jun 29 12:00:00 AM","5 - 11 Years","14.1108994359","36.7%","30%"
"2022 Jun 29 12:00:00 AM","12 - 17 Years","14.81429900444","70.1%","60.1%"
"2022 Jun 29 12:00:00 AM","18 - 24 Years","31.59201847612","79.2%","64.6%"
"2022 Jun 29 12:00:00 AM","25 - 49 Years","36.79565750499","83%","70.4%"
"2022 Jun 29 12:00:00 AM","50 - 64 Years","32.45415449411","93.7%","82%"
"2022 Jun 29 12:00:00 AM","65+ Years","32.13146949563","95%","91.6%"
"2022 Jun 28 12:00:00 AM","<2 Years","22.43046490857","0.8%","0%"
"2022 Jun 28 12:00:00 AM","2 - 4 Years","26.65829820757","1.2%","0%"
"2022 Jun 28 12:00:00 AM","5 - 11 Years","13.95270549604","36.6%","30%"
"2022 Jun 28 12:00:00 AM","12 - 17 Years","14.69723280693","70.1%","60.1%"
"2022 Jun 28 12:00:00 AM","18 - 24 Years","31.15851932992","79.2%","64.6%"
"2022 Jun 28 12:00:00 AM","25 - 49 Years","36.48189280308","83%","70.4%"
"2022 Jun 28 12:00:00 AM","50 - 64 Years","32.1540272347","93.6%","82%"
"2022 Jun 28 12:00:00 AM","65+ Years","31.76731213664","95%","91.6%"
"2022 Jun 27 12:00:00 AM","<2 Years","21.71213518371","0.6%","0%"
"2022 Jun 27 12:00:00 AM","2 - 4 Years","25.83938200355","1%","0%"
"2022 Jun 27 12:00:00 AM","5 - 11 Years","12.99450220314","36.6%","30%"
"2022 Jun 27 12:00:00 AM","12 - 17 Years","13.69103456293","70%","60.1%"
"2022 Jun 27 12:00:00 AM","18 - 24 Years","30.11377220547","79.2%","64.6%"
"2022 Jun 27 12:00:00 AM","25 - 49 Years","35.6252569643","83%","70.4%"
"2022 Jun 27 12:00:00 AM","50 - 64 Years","31.56262669707","93.6%","82%"
"2022 Jun 27 12:00:00 AM","65+ Years","31.17139425237","95%","91.6%"
"2022 Jun 26 12:00:00 AM","<2 Years","20.86500150818","0.5%","0%"
"2022 Jun 26 12:00:00 AM","2 - 4 Years","24.85881422781","0.9%","0%"
"2022 Jun 26 12:00:00 AM","5 - 11 Years","12.37528592425","36.6%","29.9%"
"2022 Jun 26 12:00:00 AM","12 - 17 Years","13.13197208797","70%","60%"
"2022 Jun 26 12:00:00 AM","18 - 24 Years","29.37583091079","79.1%","64.6%"
"2022 Jun 26 12:00:00 AM","25 - 49 Years","34.53395899179","83%","70.4%"
"2022 Jun 26 12:00:00 AM","50 - 64 Years","30.45678715049","93.6%","82%"
"2022 Jun 26 12:00:00 AM","65+ Years","30.19810575225","95%","91.6%"
"2022 Jun 25 12:00:00 AM","<2 Years","20.46248916236","0.5%","0%"
"2022 Jun 25 12:00:00 AM","2 - 4 Years","24.42537484868","0.8%","0%"
"2022 Jun 25 12:00:00 AM","5 - 11 Years","12.20051928592","36.6%","29.9%"
"2022 Jun 25 12:00:00 AM","12 - 17 Years","12.95208988203","70%","60%"
"2022 Jun 25 12:00:00 AM","18 - 24 Years","28.90593107292","79.1%","64.6%"
"2022 Jun 25 12:00:00 AM","25 - 49 Years","34.02257014795","83%","70.4%"
"2022 Jun 25 12:00:00 AM","50 - 64 Years","29.99433690283","93.6%","82%"
"2022 Jun 25 12:00:00 AM","65+ Years","29.74119133012","95%","91.6%"
"2022 Jun 24 12:00:00 AM","<2 Years","19.92498036823","0.4%","0%"
"2022 Jun 24 12:00:00 AM","2 - 4 Years","23.99726464224","0.6%","0%"
"2022 Jun 24 12:00:00 AM","5 - 11 Years","12.01721519687","36.6%","29.9%"
"2022 Jun 24 12:00:00 AM","12 - 17 Years","12.73794439878","70%","60%"
"2022 Jun 24 12:00:00 AM","18 - 24 Years","28.40672158721","79.1%","64.6%"
"2022 Jun 24 12:00:00 AM","25 - 49 Years","33.52149903039","83%","70.4%"
"2022 Jun 24 12:00:00 AM","50 - 64 Years","29.56185397607","93.6%","82%"
"2022 Jun 24 12:00:00 AM","65+ Years","29.26128584106","95%","91.6%"
"2022 Jun 23 12:00:00 AM","<2 Years","19.53609151719","0.2%","0%"
"2022 Jun 23 12:00:00 AM","2 - 4 Years","23.4732293273","0.4%","0%"
"2022 Jun 23 12:00:00 AM","5 - 11 Years","11.9147657882","36.5%","29.9%"
"2022 Jun 23 12:00:00 AM","12 - 17 Years","12.61688081891","70%","60%"
"2022 Jun 23 12:00:00 AM","18 - 24 Years","27.93351259555","79.1%","64.6%"
"2022 Jun 23 12:00:00 AM","25 - 49 Years","32.88351962173","83%","70.3%"
"2022 Jun 23 12:00:00 AM","50 - 64 Years","29.12369542036","93.6%","81.9%"
"2022 Jun 23 12:00:00 AM","65+ Years","28.83529043998","95%","91.6%"
"2022 Jun 22 12:00:00 AM","<2 Years","19.15339516377","0.1%","0%"
"2022 Jun 22 12:00:00 AM","2 - 4 Years","22.7360271046","0.2%","0%"
"2022 Jun 22 12:00:00 AM","5 - 11 Years","11.60540875024","36.5%","29.9%"
"2022 Jun 22 12:00:00 AM","12 - 17 Years","12.32450085243","70%","60%"
"2022 Jun 22 12:00:00 AM","18 - 24 Years","27.17335269686","79.1%","64.5%"
"2022 Jun 22 12:00:00 AM","25 - 49 Years","31.96352236127","83%","70.3%"
"2022 Jun 22 12:00:00 AM","50 - 64 Years","28.42740925954","93.6%","81.9%"
"2022 Jun 22 12:00:00 AM","65+ Years","28.14053739441","95%","91.6%"
"2022 Jun 21 12:00:00 AM","<2 Years","18.74716731937","0%","0%"
"2022 Jun 21 12:00:00 AM","2 - 4 Years","22.53351854222","0.1%","0%"
"2022 Jun 21 12:00:00 AM","5 - 11 Years","11.64006075612","36.5%","29.9%"
"2022 Jun 21 12:00:00 AM","12 - 17 Years","12.43357228524","70%","60%"
"2022 Jun 21 12:00:00 AM","18 - 24 Years","26.99607660109","79.1%","64.5%"
"2022 Jun 21 12:00:00 AM","25 - 49 Years","31.67766843175","83%","70.3%"
"2022 Jun 21 12:00:00 AM","50 - 64 Years","28.17904373625","93.6%","81.9%"
"2022 Jun 21 12:00:00 AM","65+ Years","27.82738320689","95%","91.6%"
"2022 Jun 20 12:00:00 AM","<2 Years","18.29883049109","0%","0%"
"2022 Jun 20 12:00:00 AM","2 - 4 Years","21.98639014561","0%","0%"
"2022 Jun 20 12:00:00 AM","5 - 11 Years","11.45675666707","36.5%","29.8%"
"2022 Jun 20 12:00:00 AM","12 - 17 Years","12.30222972217","70%","60%"
"2022 Jun 20 12:00:00 AM","18 - 24 Years","26.32951848097","79.1%","64.5%"
"2022 Jun 20 12:00:00 AM","25 - 49 Years","30.96786177472","82.9%","70.3%"
"2022 Jun 20 12:00:00 AM","50 - 64 Years","27.6493940417","93.6%","81.9%"
"2022 Jun 20 12:00:00 AM","65+ Years","27.37575408751","95%","91.5%"
"2022 Jun 19 12:00:00 AM","<2 Years","17.91613413767","0%","0%"
"2022 Jun 19 12:00:00 AM","2 - 4 Years","21.6240064024","0%","0%"
"2022 Jun 19 12:00:00 AM","5 - 11 Years","11.31513542566","36.5%","29.8%"
"2022 Jun 19 12:00:00 AM","12 - 17 Years","12.19943989021","69.9%","60%"
"2022 Jun 19 12:00:00 AM","18 - 24 Years","26.06478617794","79%","64.5%"
"2022 Jun 19 12:00:00 AM","25 - 49 Years","30.56996792002","82.9%","70.3%"
"2022 Jun 19 12:00:00 AM","50 - 64 Years","27.17650063675","93.6%","81.9%"
"2022 Jun 19 12:00:00 AM","65+ Years","26.78908548304","95%","91.5%"
"2022 Jun 18 12:00:00 AM","<2 Years","17.96938961727","0%","0%"
"2022 Jun 18 12:00:00 AM","2 - 4 Years","21.6204536206","0%","0%"
"2022 Jun 18 12:00:00 AM","5 - 11 Years","11.49843951471","36.4%","29.8%"
"2022 Jun 18 12:00:00 AM","12 - 17 Years","12.44442232306","69.9%","60%"
"2022 Jun 18 12:00:00 AM","18 - 24 Years","26.57817775131","79%","64.5%"
"2022 Jun 18 12:00:00 AM","25 - 49 Years","31.06812890965","82.9%","70.3%"
"2022 Jun 18 12:00:00 AM","50 - 64 Years","27.50500604096","93.6%","81.9%"
"2022 Jun 18 12:00:00 AM","65+ Years","26.90509787824","95%","91.5%"
"2022 Jun 17 12:00:00 AM","<2 Years","17.80838467894","0%","0%"
"2022 Jun 17 12:00:00 AM","2 - 4 Years","21.50498821223","0%","0%"
"2022 Jun 17 12:00:00 AM","5 - 11 Years","11.5325893176","36.4%","29.8%"
"2022 Jun 17 12:00:00 AM","12 - 17 Years","12.52494102476","69.9%","60%"
"2022 Jun 17 12:00:00 AM","18 - 24 Years","26.61268749795","79%","64.5%"
"2022 Jun 17 12:00:00 AM","25 - 49 Years","31.04154092268","82.9%","70.3%"
"2022 Jun 17 12:00:00 AM","50 - 64 Years","27.47708194647","93.6%","81.9%"
"2022 Jun 17 12:00:00 AM","65+ Years","26.86440104712","95%","91.5%"
"2022 Jun 16 12:00:00 AM","<2 Years","17.67338823065","0%","0%"
"2022 Jun 16 12:00:00 AM","2 - 4 Years","21.43037979451","0%","0%"
"2022 Jun 16 12:00:00 AM","5 - 11 Years","11.75104761551","36.4%","29.8%"
"2022 Jun 16 12:00:00 AM","12 - 17 Years","12.77563400383","69.9%","60%"
"2022 Jun 16 12:00:00 AM","18 - 24 Years","26.66374301354","79%","64.5%"
"2022 Jun 16 12:00:00 AM","25 - 49 Years","31.15940110372","82.9%","70.3%"
"2022 Jun 16 12:00:00 AM","50 - 64 Years","27.49728718557","93.5%","81.9%"
"2022 Jun 16 12:00:00 AM","65+ Years","26.84008865451","95%","91.5%"
"2022 Jun 15 12:00:00 AM","<2 Years","17.63623324488","0%","0%"
"2022 Jun 15 12:00:00 AM","2 - 4 Years","21.52097573031","0%","0%"
"2022 Jun 15 12:00:00 AM","5 - 11 Years","11.97101252237","36.4%","29.8%"
"2022 Jun 15 12:00:00 AM","12 - 17 Years","13.05716393248","69.9%","59.9%"
"2022 Jun 15 12:00:00 AM","18 - 24 Years","26.81218219773","79%","64.5%"
"2022 Jun 15 12:00:00 AM","25 - 49 Years","31.32699801658","82.9%","70.3%"
"2022 Jun 15 12:00:00 AM","50 - 64 Years","27.53224905997","93.5%","81.9%"
"2022 Jun 15 12:00:00 AM","65+ Years","26.74997424274","95%","91.5%"
"2022 Jun 14 12:00:00 AM","<2 Years","17.27706838245","0%","0%"
"2022 Jun 14 12:00:00 AM","2 - 4 Years","21.18346145967","0%","0%"
"2022 Jun 14 12:00:00 AM","5 - 11 Years","12.1919818352","36.4%","29.8%"
"2022 Jun 14 12:00:00 AM","12 - 17 Years","13.16166692831","69.9%","59.9%"
"2022 Jun 14 12:00:00 AM","18 - 24 Years","26.62828779438","79%","64.5%"
"2022 Jun 14 12:00:00 AM","25 - 49 Years","31.23294797314","82.9%","70.3%"
"2022 Jun 14 12:00:00 AM","50 - 64 Years","27.40102851841","93.5%","81.9%"
"2022 Jun 14 12:00:00 AM","65+ Years","26.52984138349","95%","91.5%"
"2022 Jun 13 12:00:00 AM","<2 Years","17.24858289336","0%","0%"
"2022 Jun 13 12:00:00 AM","2 - 4 Years","21.16392115979","0%","0%"
"2022 Jun 13 12:00:00 AM","5 - 11 Years","12.59776184602","36.3%","29.7%"
"2022 Jun 13 12:00:00 AM","12 - 17 Years","13.72472678563","69.9%","59.9%"
"2022 Jun 13 12:00:00 AM","18 - 24 Years","27.09109658842","79%","64.5%"
"2022 Jun 13 12:00:00 AM","25 - 49 Years","31.64552474601","82.9%","70.3%"
"2022 Jun 13 12:00:00 AM","50 - 64 Years","27.71591241311","93.5%","81.9%"
"2022 Jun 13 12:00:00 AM","65+ Years","26.71218432813","95%","91.5%"
"2022 Jun 12 12:00:00 AM","<2 Years","17.30555387154","0%","0%"
"2022 Jun 12 12:00:00 AM","2 - 4 Years","21.48900069414","0%","0%"
"2022 Jun 12 12:00:00 AM","5 - 11 Years","13.36964783197","36.3%","29.7%"
"2022 Jun 12 12:00:00 AM","12 - 17 Years","14.57160079008","69.9%","59.9%"
"2022 Jun 12 12:00:00 AM","18 - 24 Years","27.21353527857","78.9%","64.4%"
"2022 Jun 12 12:00:00 AM","25 - 49 Years","31.84235521669","82.9%","70.3%"
"2022 Jun 12 12:00:00 AM","50 - 64 Years","27.9424835212","93.5%","81.9%"
"2022 Jun 12 12:00:00 AM","65+ Years","26.72222640334","95%","91.4%"
"2022 Jun 11 12:00:00 AM","<2 Years","17.25849088957","0%","0%"
"2022 Jun 11 12:00:00 AM","2 - 4 Years","21.51742294851","0%","0%"
"2022 Jun 11 12:00:00 AM","5 - 11 Years","13.461048775","36.3%","29.7%"
"2022 Jun 11 12:00:00 AM","12 - 17 Years","14.74919877753","69.8%","59.9%"
"2022 Jun 11 12:00:00 AM","18 - 24 Years","27.05753231429","78.9%","64.4%"
"2022 Jun 11 12:00:00 AM","25 - 49 Years","31.76179758454","82.9%","70.3%"
"2022 Jun 11 12:00:00 AM","50 - 64 Years","27.92749986074","93.5%","81.9%"
"2022 Jun 11 12:00:00 AM","65+ Years","26.70610622997","95%","91.4%"
"2022 Jun 10 12:00:00 AM","<2 Years","17.23248239953","0%","0%"
"2022 Jun 10 12:00:00 AM","2 - 4 Years","21.70039121101","0%","0%"
"2022 Jun 10 12:00:00 AM","5 - 11 Years","13.74378905482","36.3%","29.7%"
"2022 Jun 10 12:00:00 AM","12 - 17 Years","15.05357089107","69.8%","59.9%"
"2022 Jun 10 12:00:00 AM","18 - 24 Years","27.33124660617","78.9%","64.4%"
"2022 Jun 10 12:00:00 AM","25 - 49 Years","32.21723260506","82.9%","70.3%"
"2022 Jun 10 12:00:00 AM","50 - 64 Years","28.20038410114","93.5%","81.8%"
"2022 Jun 10 12:00:00 AM","65+ Years","26.83612467745","95%","91.4%"
"2022 Jun 09 12:00:00 AM","<2 Years","17.71178171594","0%","0%"
"2022 Jun 09 12:00:00 AM","2 - 4 Years","22.55661162389","0%","0%"
"2022 Jun 09 12:00:00 AM","5 - 11 Years","15.06156968404","36.3%","29.7%"
"2022 Jun 09 12:00:00 AM","12 - 17 Years","16.68393183693","69.8%","59.9%"
"2022 Jun 09 12:00:00 AM","18 - 24 Years","28.94705912714","78.9%","64.4%"
"2022 Jun 09 12:00:00 AM","25 - 49 Years","33.71740355127","82.9%","70.3%"
"2022 Jun 09 12:00:00 AM","50 - 64 Years","29.30599662256","93.5%","81.8%"
"2022 Jun 09 12:00:00 AM","65+ Years","27.39504544252","95%","91.4%"
"2022 Jun 08 12:00:00 AM","<2 Years","18.0672310798","0%","0%"
"2022 Jun 08 12:00:00 AM","2 - 4 Years","23.32578888276","0%","0%"
"2022 Jun 08 12:00:00 AM","5 - 11 Years","16.04287431418","36.2%","29.7%"
"2022 Jun 08 12:00:00 AM","12 - 17 Years","17.71125910195","69.8%","59.9%"
"2022 Jun 08 12:00:00 AM","18 - 24 Years","29.83485781479","78.9%","64.4%"
"2022 Jun 08 12:00:00 AM","25 - 49 Years","34.82563317717","82.8%","70.3%"
"2022 Jun 08 12:00:00 AM","50 - 64 Years","30.04859591569","93.5%","81.8%"
"2022 Jun 08 12:00:00 AM","65+ Years","28.0287532414","95%","91.4%"
"2022 Jun 07 12:00:00 AM","<2 Years","19.19921964622","0%","0%"
"2022 Jun 07 12:00:00 AM","2 - 4 Years","25.45568156957","0%","0%"
"2022 Jun 07 12:00:00 AM","5 - 11 Years","17.80811780187","36.2%","29.6%"
"2022 Jun 07 12:00:00 AM","12 - 17 Years","19.67454489245","69.8%","59.9%"
"2022 Jun 07 12:00:00 AM","18 - 24 Years","31.80947715361","78.9%","64.4%"
"2022 Jun 07 12:00:00 AM","25 - 49 Years","36.87872842944","82.8%","70.3%"
"2022 Jun 07 12:00:00 AM","50 - 64 Years","31.71813893057","93.5%","81.8%"
"2022 Jun 07 12:00:00 AM","65+ Years","29.3426795033","95%","91.4%"
"2022 Jun 06 12:00:00 AM","<2 Years","21.79511465193","0%","0%"
"2022 Jun 06 12:00:00 AM","2 - 4 Years","30.72268058239","0%","0%"
"2022 Jun 06 12:00:00 AM","5 - 11 Years","22.20189170623","36.2%","29.6%"
"2022 Jun 06 12:00:00 AM","12 - 17 Years","23.94203608281","69.8%","59.8%"
"2022 Jun 06 12:00:00 AM","18 - 24 Years","35.77857075398","78.9%","64.4%"
"2022 Jun 06 12:00:00 AM","25 - 49 Years","41.70067812542","82.8%","70.2%"
"2022 Jun 06 12:00:00 AM","50 - 64 Years","36.28111758928","93.4%","81.8%"
"2022 Jun 06 12:00:00 AM","65+ Years","32.68272657173","95%","91.4%"
"2022 Jun 05 12:00:00 AM","<2 Years","20.82784652241","0%","0%"
"2022 Jun 05 12:00:00 AM","2 - 4 Years","29.07951900166","0%","0%"
"2022 Jun 05 12:00:00 AM","5 - 11 Years","20.98706268867","36.2%","29.6%"
"2022 Jun 05 12:00:00 AM","12 - 17 Years","22.67258165806","69.8%","59.8%"
"2022 Jun 05 12:00:00 AM","18 - 24 Years","33.7420229657","78.8%","64.4%"
"2022 Jun 05 12:00:00 AM","25 - 49 Years","39.19333835949","82.8%","70.2%"
"2022 Jun 05 12:00:00 AM","50 - 64 Years","34.28942587462","93.4%","81.8%"
"2022 Jun 05 12:00:00 AM","65+ Years","31.24750261187","95%","91.3%"
"2022 Jun 04 12:00:00 AM","<2 Years","20.6049166078","0%","0%"
"2022 Jun 04 12:00:00 AM","2 - 4 Years","28.79352006707","0%","0%"
"2022 Jun 04 12:00:00 AM","5 - 11 Years","20.99459573343","36.2%","29.6%"
"2022 Jun 04 12:00:00 AM","12 - 17 Years","22.59434717484","69.7%","59.8%"
"2022 Jun 04 12:00:00 AM","18 - 24 Years","33.39834370802","78.8%","64.4%"
"2022 Jun 04 12:00:00 AM","25 - 49 Years","38.71832611473","82.8%","70.2%"
"2022 Jun 04 12:00:00 AM","50 - 64 Years","33.92845587277","93.4%","81.8%"
"2022 Jun 04 12:00:00 AM","65+ Years","31.08101557547","95%","91.3%"
"2022 Jun 03 12:00:00 AM","<2 Years","20.52069864006","0%","0%"
"2022 Jun 03 12:00:00 AM","2 - 4 Years","28.75443946731","0%","0%"
"2022 Jun 03 12:00:00 AM","5 - 11 Years","21.1156266525","36.2%","29.6%"
"2022 Jun 03 12:00:00 AM","12 - 17 Years","22.91299565393","69.7%","59.8%"
"2022 Jun 03 12:00:00 AM","18 - 24 Years","33.32176043464","78.8%","64.4%"
"2022 Jun 03 12:00:00 AM","25 - 49 Years","38.54834818811","82.8%","70.2%"
"2022 Jun 03 12:00:00 AM","50 - 64 Years","33.89939665249","93.4%","81.8%"
"2022 Jun 03 12:00:00 AM","65+ Years","31.04401845627","95%","91.3%"
"2022 Jun 02 12:00:00 AM","<2 Years","20.52812963721","0%","0%"
"2022 Jun 02 12:00:00 AM","2 - 4 Years","29.47210139014","0%","0%"
"2022 Jun 02 12:00:00 AM","5 - 11 Years","21.41393522481","36.1%","29.5%"
"2022 Jun 02 12:00:00 AM","12 - 17 Years","22.91699303628","69.7%","59.8%"
"2022 Jun 02 12:00:00 AM","18 - 24 Years","32.72091265403","78.8%","64.3%"
"2022 Jun 02 12:00:00 AM","25 - 49 Years","37.98378337033","82.8%","70.2%"
"2022 Jun 02 12:00:00 AM","50 - 64 Years","33.5915505377","93.4%","81.8%"
"2022 Jun 02 12:00:00 AM","65+ Years","30.82045015024","95%","91.3%"
"2022 Jun 01 12:00:00 AM","<2 Years","21.05201493655","0%","0%"
"2022 Jun 01 12:00:00 AM","2 - 4 Years","32.07273766494","0%","0%"
"2022 Jun 01 12:00:00 AM","5 - 11 Years","23.4875313445","36.1%","29.5%"
"2022 Jun 01 12:00:00 AM","12 - 17 Years","25.12640336888","69.7%","59.8%"
"2022 Jun 01 12:00:00 AM","18 - 24 Years","34.19821345216","78.8%","64.3%"
"2022 Jun 01 12:00:00 AM","25 - 49 Years","39.16013644542","82.8%","70.2%"
"2022 Jun 01 12:00:00 AM","50 - 64 Years","34.65334720354","93.4%","81.7%"
"2022 Jun 01 12:00:00 AM","65+ Years","31.13069742125","95%","91.3%"
"2022 May 31 12:00:00 AM","<2 Years","20.08103130846","0%","0%"
"2022 May 31 12:00:00 AM","2 - 4 Years","30.60543878312","0%","0%"
"2022 May 31 12:00:00 AM","5 - 11 Years","22.62826203939","36.1%","29.5%"
"2022 May 31 12:00:00 AM","12 - 17 Years","24.52622496113","69.7%","59.8%"
"2022 May 31 12:00:00 AM","18 - 24 Years","32.95066247415","78.8%","64.3%"
"2022 May 31 12:00:00 AM","25 - 49 Years","37.59409078524","82.8%","70.2%"
"2022 May 31 12:00:00 AM","50 - 64 Years","33.42355192048","93.4%","81.7%"
"2022 May 31 12:00:00 AM","65+ Years","30.05038154059","95%","91.3%"
"2022 May 30 12:00:00 AM","<2 Years","17.71797421357","0%","0%"
"2022 May 30 12:00:00 AM","2 - 4 Years","26.43092017262","0%","0%"
"2022 May 30 12:00:00 AM","5 - 11 Years","19.69690322356","36%","29.5%"
"2022 May 30 12:00:00 AM","12 - 17 Years","21.84683667461","69.7%","59.8%"
"2022 May 30 12:00:00 AM","18 - 24 Years","29.97715142766","78.7%","64.3%"
"2022 May 30 12:00:00 AM","25 - 49 Years","33.56898702701","82.8%","70.2%"
"2022 May 30 12:00:00 AM","50 - 64 Years","29.49533560466","93.4%","81.7%"
"2022 May 30 12:00:00 AM","65+ Years","27.16645609888","95%","91.2%"
"2022 May 29 12:00:00 AM","<2 Years","18.64932585684","0%","0%"
"2022 May 29 12:00:00 AM","2 - 4 Years","29.38683462703","0%","0%"
"2022 May 29 12:00:00 AM","5 - 11 Years","22.609680529","36%","29.5%"
"2022 May 29 12:00:00 AM","12 - 17 Years","25.30400135632","69.7%","59.8%"
"2022 May 29 12:00:00 AM","18 - 24 Years","33.90464423756","78.7%","64.3%"
"2022 May 29 12:00:00 AM","25 - 49 Years","38.42903294311","82.8%","70.2%"
"2022 May 29 12:00:00 AM","50 - 64 Years","33.7132360226","93.4%","81.7%"
"2022 May 29 12:00:00 AM","65+ Years","29.97665156732","95%","91.2%"
"2022 May 28 12:00:00 AM","<2 Years","18.55024589479","0%","0%"
"2022 May 28 12:00:00 AM","2 - 4 Years","29.66217521623","0%","0%"
"2022 May 28 12:00:00 AM","5 - 11 Years","22.95971600863","36%","29.5%"
"2022 May 28 12:00:00 AM","12 - 17 Years","25.73686075981","69.7%","59.8%"
"2022 May 28 12:00:00 AM","18 - 24 Years","33.92166274275","78.7%","64.3%"
"2022 May 28 12:00:00 AM","25 - 49 Years","38.59530707056","82.7%","70.2%"
"2022 May 28 12:00:00 AM","50 - 64 Years","33.88827241973","93.4%","81.7%"
"2022 May 28 12:00:00 AM","65+ Years","29.89552217022","95%","91.2%"
"2022 May 27 12:00:00 AM","<2 Years","18.47593592325","0%","0%"
"2022 May 27 12:00:00 AM","2 - 4 Years","29.81849761527","0%","0%"
"2022 May 27 12:00:00 AM","5 - 11 Years","23.14151348873","36%","29.5%"
"2022 May 27 12:00:00 AM","12 - 17 Years","25.89047445314","69.7%","59.8%"
"2022 May 27 12:00:00 AM","18 - 24 Years","33.87249817219","78.7%","64.3%"
"2022 May 27 12:00:00 AM","25 - 49 Years","38.57480389653","82.7%","70.2%"
"2022 May 27 12:00:00 AM","50 - 64 Years","33.92278024381","93.4%","81.7%"
"2022 May 27 12:00:00 AM","65+ Years","29.79404435755","95%","91.2%"
"2022 May 26 12:00:00 AM","<2 Years","18.6084553725","0%","0%"
"2022 May 26 12:00:00 AM","2 - 4 Years","30.36740240277","0%","0%"
"2022 May 26 12:00:00 AM","5 - 11 Years","24.12784014871","36%","29.4%"
"2022 May 26 12:00:00 AM","12 - 17 Years","26.99660725599","69.6%","59.7%"
"2022 May 26 12:00:00 AM","18 - 24 Years","34.54189270984","78.7%","64.3%"
"2022 May 26 12:00:00 AM","25 - 49 Years","39.46226063563","82.7%","70.2%"
"2022 May 26 12:00:00 AM","50 - 64 Years","34.57502352389","93.3%","81.7%"
"2022 May 26 12:00:00 AM","65+ Years","29.93833312244","95%","91.2%"
"2022 May 25 12:00:00 AM","<2 Years","17.83934716708","0%","0%"
"2022 May 25 12:00:00 AM","2 - 4 Years","28.14158460747","0%","0%"
"2022 May 25 12:00:00 AM","5 - 11 Years","22.85575999101","36%","29.4%"
"2022 May 25 12:00:00 AM","12 - 17 Years","25.89618499936","69.6%","59.7%"
"2022 May 25 12:00:00 AM","18 - 24 Years","33.26030472144","78.7%","64.3%"
"2022 May 25 12:00:00 AM","25 - 49 Years","38.45403358757","82.7%","70.2%"
"2022 May 25 12:00:00 AM","50 - 64 Years","33.83514853266","93.3%","81.7%"
"2022 May 25 12:00:00 AM","65+ Years","29.38099794819","95%","91.2%"
"2022 May 24 12:00:00 AM","<2 Years","18.48212842088","0%","0%"
"2022 May 24 12:00:00 AM","2 - 4 Years","29.61065988019","0%","0%"
"2022 May 24 12:00:00 AM","5 - 11 Years","24.34629844662","35.9%","29.4%"
"2022 May 24 12:00:00 AM","12 - 17 Years","27.67559120157","69.6%","59.7%"
"2022 May 24 12:00:00 AM","18 - 24 Years","34.55702027001","78.7%","64.3%"
"2022 May 24 12:00:00 AM","25 - 49 Years","40.03013241696","82.7%","70.2%"
"2022 May 24 12:00:00 AM","50 - 64 Years","35.02566846332","93.3%","81.7%"
"2022 May 24 12:00:00 AM","65+ Years","29.73854867875","95%","91.2%"
"2022 May 23 12:00:00 AM","<2 Years","18.560153891","0%","0%"
"2022 May 23 12:00:00 AM","2 - 4 Years","29.79540453359","0%","0%"
"2022 May 23 12:00:00 AM","5 - 11 Years","24.85101244523","35.9%","29.4%"
"2022 May 23 12:00:00 AM","12 - 17 Years","28.52532047914","69.6%","59.7%"
"2022 May 23 12:00:00 AM","18 - 24 Years","34.58018434653","78.6%","64.2%"
"2022 May 23 12:00:00 AM","25 - 49 Years","40.28013886157","82.7%","70.2%"
"2022 May 23 12:00:00 AM","50 - 64 Years","35.0683491931","93.3%","81.6%"
"2022 May 23 12:00:00 AM","65+ Years","29.38364059956","95%","91.1%"
"2022 May 22 12:00:00 AM","<2 Years","18.80537679707","0%","0%"
"2022 May 22 12:00:00 AM","2 - 4 Years","29.68882107971","0%","0%"
"2022 May 22 12:00:00 AM","5 - 11 Years","25.12169985345","35.9%","29.3%"
"2022 May 22 12:00:00 AM","12 - 17 Years","28.33744350849","69.6%","59.7%"
"2022 May 22 12:00:00 AM","18 - 24 Years","33.59972935282","78.6%","64.2%"
"2022 May 22 12:00:00 AM","25 - 49 Years","39.07018703678","82.7%","70.2%"
"2022 May 22 12:00:00 AM","50 - 64 Years","33.67963629916","93.3%","81.6%"
"2022 May 22 12:00:00 AM","65+ Years","28.51447256348","95%","91.1%"
"2022 May 21 12:00:00 AM","<2 Years","19.83209290381","0%","0%"
"2022 May 21 12:00:00 AM","2 - 4 Years","31.90398052962","0%","0%"
"2022 May 21 12:00:00 AM","5 - 11 Years","26.43897827968","35.9%","29.3%"
"2022 May 21 12:00:00 AM","12 - 17 Years","29.22600450036","69.6%","59.7%"
"2022 May 21 12:00:00 AM","18 - 24 Years","34.53149251222","78.6%","64.2%"
"2022 May 21 12:00:00 AM","25 - 49 Years","40.06862547272","82.7%","70.2%"
"2022 May 21 12:00:00 AM","50 - 64 Years","34.28329619535","93.3%","81.6%"
"2022 May 21 12:00:00 AM","65+ Years","28.74359043739","95%","91.1%"
"2022 May 20 12:00:00 AM","<2 Years","19.83456990286","0%","0%"
"2022 May 20 12:00:00 AM","2 - 4 Years","31.74410534879","0%","0%"
"2022 May 20 12:00:00 AM","5 - 11 Years","27.2239215432","35.9%","29.3%"
"2022 May 20 12:00:00 AM","12 - 17 Years","30.29501875278","69.5%","59.7%"
"2022 May 20 12:00:00 AM","18 - 24 Years","35.82017154445","78.6%","64.2%"
"2022 May 20 12:00:00 AM","25 - 49 Years","41.30331338488","82.7%","70.1%"
"2022 May 20 12:00:00 AM","50 - 64 Years","35.12170010532","93.3%","81.6%"
"2022 May 20 12:00:00 AM","65+ Years","29.1021982285","95%","91.1%"
"2022 May 19 12:00:00 AM","<2 Years","18.88464076671","0%","0%"
"2022 May 19 12:00:00 AM","2 - 4 Years","29.96416166891","0%","0%"
"2022 May 19 12:00:00 AM","5 - 11 Years","25.82377962465","35.8%","29.3%"
"2022 May 19 12:00:00 AM","12 - 17 Years","28.77430029434","69.5%","59.7%"
"2022 May 19 12:00:00 AM","18 - 24 Years","34.07435655325","78.6%","64.2%"
"2022 May 19 12:00:00 AM","25 - 49 Years","39.41622770297","82.7%","70.1%"
"2022 May 19 12:00:00 AM","50 - 64 Years","33.53275102167","93.2%","81.6%"
"2022 May 19 12:00:00 AM","65+ Years","28.35749907201","95%","91%"
"2022 May 18 12:00:00 AM","<2 Years","18.54653039622","0%","0%"
"2022 May 18 12:00:00 AM","2 - 4 Years","29.06530787448","0%","0%"
"2022 May 18 12:00:00 AM","5 - 11 Years","25.28491582315","35.8%","29.3%"
"2022 May 18 12:00:00 AM","12 - 17 Years","27.9485553109","69.5%","59.6%"
"2022 May 18 12:00:00 AM","18 - 24 Years","33.02582753876","78.6%","64.2%"
"2022 May 18 12:00:00 AM","25 - 49 Years","38.24331386997","82.6%","70.1%"
"2022 May 18 12:00:00 AM","50 - 64 Years","32.51817558878","93.2%","81.6%"
"2022 May 18 12:00:00 AM","65+ Years","27.95634459382","95%","91%"
"2022 May 17 12:00:00 AM","<2 Years","17.64737974061","0%","0%"
"2022 May 17 12:00:00 AM","2 - 4 Years","27.49497832057","0%","0%"
"2022 May 17 12:00:00 AM","5 - 11 Years","24.16249215458","35.8%","29.3%"
"2022 May 17 12:00:00 AM","12 - 17 Years","26.10519099102","69.5%","59.6%"
"2022 May 17 12:00:00 AM","18 - 24 Years","31.06255387007","78.6%","64.2%"
"2022 May 17 12:00:00 AM","25 - 49 Years","36.1070154147","82.6%","70.1%"
"2022 May 17 12:00:00 AM","50 - 64 Years","30.7678116175","93.2%","81.6%"
"2022 May 17 12:00:00 AM","65+ Years","27.13712266866","95%","91%"
"2022 May 16 12:00:00 AM","<2 Years","17.69815822116","0%","0%"
"2022 May 16 12:00:00 AM","2 - 4 Years","28.23750971597","0%","0%"
"2022 May 16 12:00:00 AM","5 - 11 Years","24.50650119842","35.8%","29.2%"
"2022 May 16 12:00:00 AM","12 - 17 Years","25.97042210022","69.5%","59.6%"
"2022 May 16 12:00:00 AM","18 - 24 Years","31.82129555999","78.5%","64.2%"
"2022 May 16 12:00:00 AM","25 - 49 Years","36.67237390373","82.6%","70.1%"
"2022 May 16 12:00:00 AM","50 - 64 Years","30.88018907091","93.2%","81.5%"
"2022 May 16 12:00:00 AM","65+ Years","26.8998125755","95%","90.9%"
"2022 May 15 12:00:00 AM","<2 Years","17.9124186391","0%","0%"
"2022 May 15 12:00:00 AM","2 - 4 Years","28.84681179401","0%","0%"
"2022 May 15 12:00:00 AM","5 - 11 Years","25.26432550081","35.7%","29.2%"
"2022 May 15 12:00:00 AM","12 - 17 Years","26.72021681893","69.5%","59.6%"
"2022 May 15 12:00:00 AM","18 - 24 Years","33.19459438194","78.5%","64.2%"
"2022 May 15 12:00:00 AM","25 - 49 Years","37.43958944804","82.6%","70.1%"
"2022 May 15 12:00:00 AM","50 - 64 Years","30.92809137933","93.2%","81.5%"
"2022 May 15 12:00:00 AM","65+ Years","26.47619556065","95%","90.9%"
"2022 May 14 12:00:00 AM","<2 Years","17.05785396642","0%","0%"
"2022 May 14 12:00:00 AM","2 - 4 Years","27.39905321207","0%","0%"
"2022 May 14 12:00:00 AM","5 - 11 Years","24.84247499451","35.7%","29.2%"
"2022 May 14 12:00:00 AM","12 - 17 Years","26.56317679788","69.5%","59.6%"
"2022 May 14 12:00:00 AM","18 - 24 Years","33.14637528389","78.5%","64.2%"
"2022 May 14 12:00:00 AM","25 - 49 Years","37.28363304688","82.6%","70.1%"
"2022 May 14 12:00:00 AM","50 - 64 Years","30.65180176156","93.2%","81.5%"
"2022 May 14 12:00:00 AM","65+ Years","26.02826615318","95%","90.9%"
"2022 May 13 12:00:00 AM","<2 Years","16.87084053805","0%","0%"
"2022 May 13 12:00:00 AM","2 - 4 Years","27.2835878037","0%","0%"
"2022 May 13 12:00:00 AM","5 - 11 Years","24.29959356913","35.7%","29.2%"
"2022 May 13 12:00:00 AM","12 - 17 Years","25.34911467146","69.5%","59.6%"
"2022 May 13 12:00:00 AM","18 - 24 Years","31.40150576519","78.5%","64.2%"
"2022 May 13 12:00:00 AM","25 - 49 Years","35.53028097105","82.6%","70.1%"
"2022 May 13 12:00:00 AM","50 - 64 Years","29.13981420661","93.2%","81.5%"
"2022 May 13 12:00:00 AM","65+ Years","25.06766237965","95%","90.9%"
"2022 May 12 12:00:00 AM","<2 Years","17.02689147827","0%","0%"
"2022 May 12 12:00:00 AM","2 - 4 Years","27.85736206378","0%","0%"
"2022 May 12 12:00:00 AM","5 - 11 Years","24.80229875581","35.7%","29.2%"
"2022 May 12 12:00:00 AM","12 - 17 Years","26.0709277137","69.4%","59.6%"
"2022 May 12 12:00:00 AM","18 - 24 Years","32.83626030034","78.5%","64.1%"
"2022 May 12 12:00:00 AM","25 - 49 Years","36.51535927423","82.6%","70.1%"
"2022 May 12 12:00:00 AM","50 - 64 Years","29.44448196918","93.1%","81.5%"
"2022 May 12 12:00:00 AM","65+ Years","24.52539031822","95%","90.9%"
"2022 May 11 12:00:00 AM","<2 Years","16.9315270148","0%","0%"
"2022 May 11 12:00:00 AM","2 - 4 Years","28.23573332507","0%","0%"
"2022 May 11 12:00:00 AM","5 - 11 Years","25.30851936338","35.7%","29.2%"
"2022 May 11 12:00:00 AM","12 - 17 Years","27.03372580642","69.4%","59.6%"
"2022 May 11 12:00:00 AM","18 - 24 Years","34.17032201309","78.5%","64.1%"
"2022 May 11 12:00:00 AM","25 - 49 Years","37.32463939494","82.6%","70.1%"
"2022 May 11 12:00:00 AM","50 - 64 Years","29.52212457335","93.1%","81.5%"
"2022 May 11 12:00:00 AM","65+ Years","24.06504044931","95%","90.8%"
"2022 May 10 12:00:00 AM","<2 Years","16.81758505844","0%","0%"
"2022 May 10 12:00:00 AM","2 - 4 Years","28.9480660752","0%","0%"
"2022 May 10 12:00:00 AM","5 - 11 Years","25.94933037058","35.7%","29.1%"
"2022 May 10 12:00:00 AM","12 - 17 Years","28.50533356737","69.4%","59.6%"
"2022 May 10 12:00:00 AM","18 - 24 Years","35.91991889434","78.4%","64.1%"
"2022 May 10 12:00:00 AM","25 - 49 Years","38.17003155764","82.6%","70.1%"
"2022 May 10 12:00:00 AM","50 - 64 Years","29.75754966262","93.1%","81.5%"
"2022 May 10 12:00:00 AM","65+ Years","23.79126176722","95%","90.8%"
"2022 May 09 12:00:00 AM","<2 Years","15.69178898965","0%","0%"
"2022 May 09 12:00:00 AM","2 - 4 Years","26.58546618075","0%","0%"
"2022 May 09 12:00:00 AM","5 - 11 Years","24.23631599319","35.6%","29.1%"
"2022 May 09 12:00:00 AM","12 - 17 Years","26.66653768446","69.4%","59.6%"
"2022 May 09 12:00:00 AM","18 - 24 Years","33.69758575769","78.4%","64.1%"
"2022 May 09 12:00:00 AM","25 - 49 Years","35.51877273789","82.5%","70.1%"
"2022 May 09 12:00:00 AM","50 - 64 Years","27.83056011811","93.1%","81.5%"
"2022 May 09 12:00:00 AM","65+ Years","22.84968508356","95%","90.8%"
"2022 May 08 12:00:00 AM","<2 Years","14.27246853329","0%","0%"
"2022 May 08 12:00:00 AM","2 - 4 Years","23.88712840656","0%","0%"
"2022 May 08 12:00:00 AM","5 - 11 Years","21.76346850147","35.6%","29.1%"
"2022 May 08 12:00:00 AM","12 - 17 Years","23.92490444415","69.4%","59.5%"
"2022 May 08 12:00:00 AM","18 - 24 Years","30.63283661391","78.4%","64.1%"
"2022 May 08 12:00:00 AM","25 - 49 Years","32.02053441293","82.5%","70.1%"
"2022 May 08 12:00:00 AM","50 - 64 Years","25.31829971524","93.1%","81.4%"
"2022 May 08 12:00:00 AM","65+ Years","21.45832913647","95%","90.7%"
"2022 May 07 12:00:00 AM","<2 Years","13.69656625387","0%","0%"
"2022 May 07 12:00:00 AM","2 - 4 Years","22.77688409525","0%","0%"
"2022 May 07 12:00:00 AM","5 - 11 Years","21.03226095721","35.6%","29.1%"
"2022 May 07 12:00:00 AM","12 - 17 Years","23.02949079682","69.4%","59.5%"
"2022 May 07 12:00:00 AM","18 - 24 Years","29.30539320873","78.4%","64.1%"
"2022 May 07 12:00:00 AM","25 - 49 Years","30.53875018408","82.5%","70.1%"
"2022 May 07 12:00:00 AM","50 - 64 Years","24.23334648324","93.1%","81.4%"
"2022 May 07 12:00:00 AM","65+ Years","21.02229166018","95%","90.7%"
"2022 May 06 12:00:00 AM","<2 Years","13.76716072683","0%","0%"
"2022 May 06 12:00:00 AM","2 - 4 Years","23.50342797257","0%","0%"
"2022 May 06 12:00:00 AM","5 - 11 Years","21.52642869316","35.6%","29.1%"
"2022 May 06 12:00:00 AM","12 - 17 Years","23.64051924238","69.4%","59.5%"
"2022 May 06 12:00:00 AM","18 - 24 Years","30.21919239043","78.4%","64.1%"
"2022 May 06 12:00:00 AM","25 - 49 Years","31.32593978825","82.5%","70.1%"
"2022 May 06 12:00:00 AM","50 - 64 Years","24.81067146105","93.1%","81.4%"
"2022 May 06 12:00:00 AM","65+ Years","21.20278474885","95%","90.7%"
"2022 May 05 12:00:00 AM","<2 Years","12.82218558878","0%","0%"
"2022 May 05 12:00:00 AM","2 - 4 Years","22.0823152541","0%","0%"
"2022 May 05 12:00:00 AM","5 - 11 Years","20.27343224884","35.6%","29.1%"
"2022 May 05 12:00:00 AM","12 - 17 Years","21.82799187209","69.3%","59.5%"
"2022 May 05 12:00:00 AM","18 - 24 Years","28.07486073592","78.4%","64.1%"
"2022 May 05 12:00:00 AM","25 - 49 Years","29.12217927649","82.5%","70%"
"2022 May 05 12:00:00 AM","50 - 64 Years","23.31593781814","93.1%","81.4%"
"2022 May 05 12:00:00 AM","65+ Years","20.47288444005","95%","90.7%"
"2022 May 04 12:00:00 AM","<2 Years","12.35031726952","0%","0%"
"2022 May 04 12:00:00 AM","2 - 4 Years","21.42682701271","0%","0%"
"2022 May 04 12:00:00 AM","5 - 11 Years","19.84806632165","35.6%","29.1%"
"2022 May 04 12:00:00 AM","12 - 17 Years","21.03879438446","69.3%","59.5%"
"2022 May 04 12:00:00 AM","18 - 24 Years","27.05564136927","78.3%","64.1%"
"2022 May 04 12:00:00 AM","25 - 49 Years","27.82161665035","82.5%","70%"
"2022 May 04 12:00:00 AM","50 - 64 Years","22.39126434797","93%","81.4%"
"2022 May 04 12:00:00 AM","65+ Years","19.78553081832","95%","90.7%"
"2022 May 03 12:00:00 AM","<2 Years","11.71868251145","0%","0%"
"2022 May 03 12:00:00 AM","2 - 4 Years","20.07854632106","0%","0%"
"2022 May 03 12:00:00 AM","5 - 11 Years","18.51622400889","35.6%","29%"
"2022 May 03 12:00:00 AM","12 - 17 Years","18.70717836275","69.3%","59.5%"
"2022 May 03 12:00:00 AM","18 - 24 Years","24.80778047482","78.3%","64%"
"2022 May 03 12:00:00 AM","25 - 49 Years","25.86310055569","82.5%","70%"
"2022 May 03 12:00:00 AM","50 - 64 Years","21.03501605168","93%","81.4%"
"2022 May 03 12:00:00 AM","65+ Years","18.99749217934","95%","90.6%"
"2022 May 02 12:00:00 AM","<2 Years","11.20222820927","0%","0%"
"2022 May 02 12:00:00 AM","2 - 4 Years","19.38753026171","0%","0%"
"2022 May 02 12:00:00 AM","5 - 11 Years","17.92412669111","35.5%","29%"
"2022 May 02 12:00:00 AM","12 - 17 Years","17.92197825747","69.3%","59.5%"
"2022 May 02 12:00:00 AM","18 - 24 Years","23.94929143501","78.3%","64%"
"2022 May 02 12:00:00 AM","25 - 49 Years","24.9571248207","82.5%","70%"
"2022 May 02 12:00:00 AM","50 - 64 Years","20.30036263909","93%","81.4%"
"2022 May 02 12:00:00 AM","65+ Years","18.31938783742","95%","90.6%"
"2022 May 01 12:00:00 AM","<2 Years","10.92480431553","0%","0%"
"2022 May 01 12:00:00 AM","2 - 4 Years","19.69306949618","0%","0%"
"2022 May 01 12:00:00 AM","5 - 11 Years","18.4142768032","35.5%","29%"
"2022 May 01 12:00:00 AM","12 - 17 Years","18.10528679114","69.3%","59.5%"
"2022 May 01 12:00:00 AM","18 - 24 Years","23.70819594475","78.3%","64%"
"2022 May 01 12:00:00 AM","25 - 49 Years","24.54997146805","82.5%","70%"
"2022 May 01 12:00:00 AM","50 - 64 Years","19.93167378185","93%","81.4%"
"2022 May 01 12:00:00 AM","65+ Years","17.85137427953","95%","90.6%"
"2022 Apr 30 12:00:00 AM","<2 Years","10.66100391657","0%","0%"
"2022 Apr 30 12:00:00 AM","2 - 4 Years","19.20100921741","0%","0%"
"2022 Apr 30 12:00:00 AM","5 - 11 Years","17.85331607041","35.5%","29%"
"2022 Apr 30 12:00:00 AM","12 - 17 Years","17.58105864813","69.3%","59.5%"
"2022 Apr 30 12:00:00 AM","18 - 24 Years","23.15320358091","78.3%","64%"
"2022 Apr 30 12:00:00 AM","25 - 49 Years","23.89294394933","82.5%","70%"
"2022 Apr 30 12:00:00 AM","50 - 64 Years","19.42132122576","93%","81.3%"
"2022 Apr 30 12:00:00 AM","65+ Years","17.41797945461","95%","90.5%"
"2022 Apr 29 12:00:00 AM","<2 Years","10.03680015565","0%","0%"
"2022 Apr 29 12:00:00 AM","2 - 4 Years","17.80121318972","0%","0%"
"2022 Apr 29 12:00:00 AM","5 - 11 Years","16.66209059308","35.5%","29%"
"2022 Apr 29 12:00:00 AM","12 - 17 Years","16.15684842081","69.3%","59.5%"
"2022 Apr 29 12:00:00 AM","18 - 24 Years","21.47971723678","78.3%","64%"
"2022 Apr 29 12:00:00 AM","25 - 49 Years","22.06088614094","82.4%","70%"
"2022 Apr 29 12:00:00 AM","50 - 64 Years","17.94565769615","93%","81.3%"
"2022 Apr 29 12:00:00 AM","65+ Years","16.52502755618","95%","90.5%"
"2022 Apr 28 12:00:00 AM","<2 Years","9.79157724958","0%","0%"
"2022 Apr 28 12:00:00 AM","2 - 4 Years","17.47791004627","0%","0%"
"2022 Apr 28 12:00:00 AM","5 - 11 Years","16.09962325134","35.5%","28.9%"
"2022 Apr 28 12:00:00 AM","12 - 17 Years","15.89416329468","69.3%","59.4%"
"2022 Apr 28 12:00:00 AM","18 - 24 Years","21.48491733559","78.3%","64%"
"2022 Apr 28 12:00:00 AM","25 - 49 Years","21.97186268209","82.4%","70%"
"2022 Apr 28 12:00:00 AM","50 - 64 Years","17.87323667062","93%","81.3%"
"2022 Apr 28 12:00:00 AM","65+ Years","16.34612005833","95%","90.5%"
"2022 Apr 27 12:00:00 AM","<2 Years","9.23796796163","0%","0%"
"2022 Apr 27 12:00:00 AM","2 - 4 Years","16.4262866346","0%","0%"
"2022 Apr 27 12:00:00 AM","5 - 11 Years","14.67587779256","35.5%","28.9%"
"2022 Apr 27 12:00:00 AM","12 - 17 Years","14.21811797905","69.2%","59.4%"
"2022 Apr 27 12:00:00 AM","18 - 24 Years","20.1778015894","78.2%","64%"
"2022 Apr 27 12:00:00 AM","25 - 49 Years","20.9851970364","82.4%","70%"
"2022 Apr 27 12:00:00 AM","50 - 64 Years","17.38626770585","93%","81.3%"
"2022 Apr 27 12:00:00 AM","65+ Years","15.97984857824","95%","90.5%"
"2022 Apr 26 12:00:00 AM","<2 Years","8.85155610963","0%","0%"
"2022 Apr 26 12:00:00 AM","2 - 4 Years","15.3124895415","0%","0%"
"2022 Apr 26 12:00:00 AM","5 - 11 Years","13.38270510954","35.4%","28.9%"
"2022 Apr 26 12:00:00 AM","12 - 17 Years","12.96293991985","69.2%","59.4%"
"2022 Apr 26 12:00:00 AM","18 - 24 Years","19.0583621366","78.2%","64%"
"2022 Apr 26 12:00:00 AM","25 - 49 Years","19.63502995696","82.4%","70%"
"2022 Apr 26 12:00:00 AM","50 - 64 Years","16.4565996822","92.9%","81.3%"
"2022 Apr 26 12:00:00 AM","65+ Years","15.30967219043","95%","90.4%"
"2022 Apr 25 12:00:00 AM","<2 Years","8.65835018364","0%","0%"
"2022 Apr 25 12:00:00 AM","2 - 4 Years","14.90391963494","0%","0%"
"2022 Apr 25 12:00:00 AM","5 - 11 Years","12.76700425153","35.4%","28.9%"
"2022 Apr 25 12:00:00 AM","12 - 17 Years","12.33820616336","69.2%","59.4%"
"2022 Apr 25 12:00:00 AM","18 - 24 Years","18.64897253942","78.2%","63.9%"
"2022 Apr 25 12:00:00 AM","25 - 49 Years","18.91979987971","82.4%","70%"
"2022 Apr 25 12:00:00 AM","50 - 64 Years","15.8960745661","92.9%","81.3%"
"2022 Apr 25 12:00:00 AM","65+ Years","14.840601572","95%","90.4%"
"2022 Apr 24 12:00:00 AM","<2 Years","8.30413931931","0%","0%"
"2022 Apr 24 12:00:00 AM","2 - 4 Years","13.72439607861","0%","0%"
"2022 Apr 24 12:00:00 AM","5 - 11 Years","11.35832488226","35.4%","28.9%"
"2022 Apr 24 12:00:00 AM","12 - 17 Years","11.17097051595","69.2%","59.4%"
"2022 Apr 24 12:00:00 AM","18 - 24 Years","18.08121629668","78.2%","63.9%"
"2022 Apr 24 12:00:00 AM","25 - 49 Years","18.32282681911","82.4%","70%"
"2022 Apr 24 12:00:00 AM","50 - 64 Years","15.29105251896","92.9%","81.3%"
"2022 Apr 24 12:00:00 AM","65+ Years","14.24124824094","95%","90.3%"
"2022 Apr 23 12:00:00 AM","<2 Years","8.01556892984","0%","0%"
"2022 Apr 23 12:00:00 AM","2 - 4 Years","13.29273309038","0%","0%"
"2022 Apr 23 12:00:00 AM","5 - 11 Years","10.96158452514","35.4%","28.9%"
"2022 Apr 23 12:00:00 AM","12 - 17 Years","10.73468478473","69.2%","59.4%"
"2022 Apr 23 12:00:00 AM","18 - 24 Years","17.73942798403","78.2%","63.9%"
"2022 Apr 23 12:00:00 AM","25 - 49 Years","17.83564494848","82.4%","70%"
"2022 Apr 23 12:00:00 AM","50 - 64 Years","14.80703488125","92.9%","81.2%"
"2022 Apr 23 12:00:00 AM","65+ Years","13.79833987108","95%","90.3%"
"2022 Apr 22 12:00:00 AM","<2 Years","7.77158452329","0%","0%"
"2022 Apr 22 12:00:00 AM","2 - 4 Years","12.89126874741","0%","0%"
"2022 Apr 22 12:00:00 AM","5 - 11 Years","10.56735518294","35.4%","28.8%"
"2022 Apr 22 12:00:00 AM","12 - 17 Years","10.44002059977","69.2%","59.4%"
"2022 Apr 22 12:00:00 AM","18 - 24 Years","17.44018593435","78.2%","63.9%"
"2022 Apr 22 12:00:00 AM","25 - 49 Years","17.47055617222","82.4%","69.9%"
"2022 Apr 22 12:00:00 AM","50 - 64 Years","14.46558904302","92.9%","81.2%"
"2022 Apr 22 12:00:00 AM","65+ Years","13.42863294421","95%","90.3%"
"2022 Apr 21 12:00:00 AM","<2 Years","7.45824414331","0%","0%"
"2022 Apr 21 12:00:00 AM","2 - 4 Years","12.09544562507","0%","0%"
"2022 Apr 21 12:00:00 AM","5 - 11 Years","9.90595385341","35.4%","28.8%"
"2022 Apr 21 12:00:00 AM","12 - 17 Years","9.62512565415","69.2%","59.4%"
"2022 Apr 21 12:00:00 AM","18 - 24 Years","16.40867542506","78.1%","63.9%"
"2022 Apr 21 12:00:00 AM","25 - 49 Years","16.38428478431","82.4%","69.9%"
"2022 Apr 21 12:00:00 AM","50 - 64 Years","13.48938086189","92.9%","81.2%"
"2022 Apr 21 12:00:00 AM","65+ Years","12.65750727401","95%","90.3%"
"2022 Apr 20 12:00:00 AM","<2 Years","7.12880326949","0%","0%"
"2022 Apr 20 12:00:00 AM","2 - 4 Years","11.54298805576","0%","0%"
"2022 Apr 20 12:00:00 AM","5 - 11 Years","9.32992703111","35.3%","28.8%"
"2022 Apr 20 12:00:00 AM","12 - 17 Years","9.06206579683","69.2%","59.3%"
"2022 Apr 20 12:00:00 AM","18 - 24 Years","15.61589672475","78.1%","63.9%"
"2022 Apr 20 12:00:00 AM","25 - 49 Years","15.37976153544","82.3%","69.9%"
"2022 Apr 20 12:00:00 AM","50 - 64 Years","12.57742080059","92.9%","81.2%"
"2022 Apr 20 12:00:00 AM","65+ Years","12.00133693847","95%","90.2%"
"2022 Apr 19 12:00:00 AM","<2 Years","6.73124492176","0%","0%"
"2022 Apr 19 12:00:00 AM","2 - 4 Years","11.18060431255","0%","0%"
"2022 Apr 19 12:00:00 AM","5 - 11 Years","9.21743356276","35.3%","28.8%"
"2022 Apr 19 12:00:00 AM","12 - 17 Years","8.99696556992","69.1%","59.3%"
"2022 Apr 19 12:00:00 AM","18 - 24 Years","15.41309287118","78.1%","63.9%"
"2022 Apr 19 12:00:00 AM","25 - 49 Years","15.06149936309","82.3%","69.9%"
"2022 Apr 19 12:00:00 AM","50 - 64 Years","12.20714276724","92.8%","81.2%"
"2022 Apr 19 12:00:00 AM","65+ Years","11.53226632003","95%","90.2%"
"2022 Apr 18 12:00:00 AM","<2 Years","6.37579555791","0%","0%"
"2022 Apr 18 12:00:00 AM","2 - 4 Years","10.77381079689","0%","0%"
"2022 Apr 18 12:00:00 AM","5 - 11 Years","8.92766244117","35.3%","28.8%"
"2022 Apr 18 12:00:00 AM","12 - 17 Years","8.80851754466","69.1%","59.3%"
"2022 Apr 18 12:00:00 AM","18 - 24 Years","15.00323053775","78.1%","63.9%"
"2022 Apr 18 12:00:00 AM","25 - 49 Years","14.58820673938","82.3%","69.9%"
"2022 Apr 18 12:00:00 AM","50 - 64 Years","11.71767652573","92.8%","81.2%"
"2022 Apr 18 12:00:00 AM","65+ Years","10.9551112605","95%","90.2%"
"2022 Apr 17 12:00:00 AM","<2 Years","6.0513086822","0%","0%"
"2022 Apr 17 12:00:00 AM","2 - 4 Years","10.08990030113","0%","0%"
"2022 Apr 17 12:00:00 AM","5 - 11 Years","8.20499234763","35.3%","28.7%"
"2022 Apr 17 12:00:00 AM","12 - 17 Years","8.10726246882","69.1%","59.3%"
"2022 Apr 17 12:00:00 AM","18 - 24 Years","14.26481650681","78.1%","63.9%"
"2022 Apr 17 12:00:00 AM","25 - 49 Years","13.49889294501","82.3%","69.9%"
"2022 Apr 17 12:00:00 AM","50 - 64 Years","10.89993190517","92.8%","81.2%"
"2022 Apr 17 12:00:00 AM","65+ Years","10.31955360566","95%","90.1%"
"2022 Apr 16 12:00:00 AM","<2 Years","5.9547057192","0%","0%"
"2022 Apr 16 12:00:00 AM","2 - 4 Years","9.95844737467","0%","0%"
"2022 Apr 16 12:00:00 AM","5 - 11 Years","8.11308920162","35.3%","28.7%"
"2022 Apr 16 12:00:00 AM","12 - 17 Years","8.01760689316","69.1%","59.3%"
"2022 Apr 16 12:00:00 AM","18 - 24 Years","14.13339582781","78.1%","63.8%"
"2022 Apr 16 12:00:00 AM","25 - 49 Years","13.32388843378","82.3%","69.9%"
"2022 Apr 16 12:00:00 AM","50 - 64 Years","10.77711129447","92.8%","81.2%"
"2022 Apr 16 12:00:00 AM","65+ Years","10.1284899115","95%","90.1%"
"2022 Apr 15 12:00:00 AM","<2 Years","5.69462081882","0%","0%"
"2022 Apr 15 12:00:00 AM","2 - 4 Years","9.60316919505","0%","0%"
"2022 Apr 15 12:00:00 AM","5 - 11 Years","7.8609833038","35.2%","28.7%"
"2022 Apr 15 12:00:00 AM","12 - 17 Years","7.80117719141","69.1%","59.3%"
"2022 Apr 15 12:00:00 AM","18 - 24 Years","13.85448143712","78.1%","63.8%"
"2022 Apr 15 12:00:00 AM","25 - 49 Years","12.96819143401","82.3%","69.9%"
"2022 Apr 15 12:00:00 AM","50 - 64 Years","10.45201126764","92.8%","81.1%"
"2022 Apr 15 12:00:00 AM","65+ Years","9.77543168827","95%","90.1%"
"2022 Apr 14 12:00:00 AM","<2 Years","5.46797540563","0%","0%"
"2022 Apr 14 12:00:00 AM","2 - 4 Years","9.47349265949","0%","0%"
"2022 Apr 14 12:00:00 AM","5 - 11 Years","7.89111548282","35.2%","28.7%"
"2022 Apr 14 12:00:00 AM","12 - 17 Years","7.81431144772","69.1%","59.3%"
"2022 Apr 14 12:00:00 AM","18 - 24 Years","13.93059197424","78%","63.8%"
"2022 Apr 14 12:00:00 AM","25 - 49 Years","12.80720844825","82.3%","69.9%"
"2022 Apr 14 12:00:00 AM","50 - 64 Years","10.23020768788","92.8%","81.1%"
"2022 Apr 14 12:00:00 AM","65+ Years","9.41708816229","95%","90%"
"2022 Apr 13 12:00:00 AM","<2 Years","5.23389899529","0%","0%"
"2022 Apr 13 12:00:00 AM","2 - 4 Years","9.24256184274","0%","0%"
"2022 Apr 13 12:00:00 AM","5 - 11 Years","7.74045458771","35.2%","28.7%"
"2022 Apr 13 12:00:00 AM","12 - 17 Years","7.60016596446","69.1%","59.3%"
"2022 Apr 13 12:00:00 AM","18 - 24 Years","13.50938397067","78%","63.8%"
"2022 Apr 13 12:00:00 AM","25 - 49 Years","12.38894369806","82.3%","69.9%"
"2022 Apr 13 12:00:00 AM","50 - 64 Years","9.75844940872","92.8%","81.1%"
"2022 Apr 13 12:00:00 AM","65+ Years","8.92740486316","95%","90%"
"2022 Apr 12 12:00:00 AM","<2 Years","5.06917855838","0%","0%"
"2022 Apr 12 12:00:00 AM","2 - 4 Years","9.16972981592","0%","0%"
"2022 Apr 12 12:00:00 AM","5 - 11 Years","7.68169683862","35.2%","28.6%"
"2022 Apr 12 12:00:00 AM","12 - 17 Years","7.61444233001","69%","59.3%"
"2022 Apr 12 12:00:00 AM","18 - 24 Years","13.11606740618","78%","63.8%"
"2022 Apr 12 12:00:00 AM","25 - 49 Years","12.04594543834","82.3%","69.9%"
"2022 Apr 12 12:00:00 AM","50 - 64 Years","9.4687653066","92.7%","81.1%"
"2022 Apr 12 12:00:00 AM","65+ Years","8.59020254815","95%","89.9%"
"2022 Apr 11 12:00:00 AM","<2 Years","4.87721113191","0%","0%"
"2022 Apr 11 12:00:00 AM","2 - 4 Years","9.07025192563","0%","0%"
"2022 Apr 11 12:00:00 AM","5 - 11 Years","7.49186411078","35.1%","28.6%"
"2022 Apr 11 12:00:00 AM","12 - 17 Years","7.49109453166","69%","59.2%"
"2022 Apr 11 12:00:00 AM","18 - 24 Years","12.88820853107","78%","63.8%"
"2022 Apr 11 12:00:00 AM","25 - 49 Years","11.85414155226","82.2%","69.9%"
"2022 Apr 11 12:00:00 AM","50 - 64 Years","9.31802060143","92.7%","81.1%"
"2022 Apr 11 12:00:00 AM","65+ Years","8.33915066786","95%","89.9%"
"2022 Apr 10 12:00:00 AM","<2 Years","4.60474123627","0%","0%"
"2022 Apr 10 12:00:00 AM","2 - 4 Years","8.70253900972","0%","0%"
"2022 Apr 10 12:00:00 AM","5 - 11 Years","7.24980227264","35.1%","28.6%"
"2022 Apr 10 12:00:00 AM","12 - 17 Years","7.30264650639","69%","59.2%"
"2022 Apr 10 12:00:00 AM","18 - 24 Years","12.45565485738","77.9%","63.8%"
"2022 Apr 10 12:00:00 AM","25 - 49 Years","11.53468887304","82.2%","69.9%"
"2022 Apr 10 12:00:00 AM","50 - 64 Years","9.032195927","92.7%","81.1%"
"2022 Apr 10 12:00:00 AM","65+ Years","7.97076506668","95%","89.8%"
"2022 Apr 09 12:00:00 AM","<2 Years","4.519284769","0%","0%"
"2022 Apr 09 12:00:00 AM","2 - 4 Years","8.63858893739","0%","0%"
"2022 Apr 09 12:00:00 AM","5 - 11 Years","7.32663932915","35.1%","28.6%"
"2022 Apr 09 12:00:00 AM","12 - 17 Years","7.82116410318","69%","59.2%"
"2022 Apr 09 12:00:00 AM","18 - 24 Years","12.64569483205","77.9%","63.8%"
"2022 Apr 09 12:00:00 AM","25 - 49 Years","11.53521798721","82.2%","69.8%"
"2022 Apr 09 12:00:00 AM","50 - 64 Years","9.04604446166","92.7%","81%"
"2022 Apr 09 12:00:00 AM","65+ Years","7.89914921451","95%","89.8%"
"2022 Apr 08 12:00:00 AM","<2 Years","4.55520125524","0%","0%"
"2022 Apr 08 12:00:00 AM","2 - 4 Years","8.71142096421","0%","0%"
"2022 Apr 08 12:00:00 AM","5 - 11 Years","7.46574955563","35.1%","28.6%"
"2022 Apr 08 12:00:00 AM","12 - 17 Years","7.89197487631","69%","59.2%"
"2022 Apr 08 12:00:00 AM","18 - 24 Years","12.61496697545","77.9%","63.8%"
"2022 Apr 08 12:00:00 AM","25 - 49 Years","11.59434649554","82.2%","69.8%"
"2022 Apr 08 12:00:00 AM","50 - 64 Years","9.03787155596","92.7%","81%"
"2022 Apr 08 12:00:00 AM","65+ Years","7.8037495","95%","89.8%"
"2022 Apr 07 12:00:00 AM","<2 Years","4.52919276521","0%","0%"
"2022 Apr 07 12:00:00 AM","2 - 4 Years","8.79668772732","0%","0%"
"2022 Apr 07 12:00:00 AM","5 - 11 Years","7.97548558408","35.1%","28.5%"
"2022 Apr 07 12:00:00 AM","12 - 17 Years","8.51956390591","69%","59.2%"
"2022 Apr 07 12:00:00 AM","18 - 24 Years","12.27696055284","77.9%","63.7%"
"2022 Apr 07 12:00:00 AM","25 - 49 Years","11.29209002679","82.2%","69.8%"
"2022 Apr 07 12:00:00 AM","50 - 64 Years","8.8755485677","92.7%","81%"
"2022 Apr 07 12:00:00 AM","65+ Years","7.93561780344","95%","89.7%"
"2022 Apr 06 12:00:00 AM","<2 Years","4.40781981169","0%","0%"
"2022 Apr 06 12:00:00 AM","2 - 4 Years","8.59062638314","0%","0%"
"2022 Apr 06 12:00:00 AM","5 - 11 Years","7.93932696926","35%","28.5%"
"2022 Apr 06 12:00:00 AM","12 - 17 Years","8.56639038492","68.9%","59.2%"
"2022 Apr 06 12:00:00 AM","18 - 24 Years","11.98670049202","77.9%","63.7%"
"2022 Apr 06 12:00:00 AM","25 - 49 Years","11.03546965507","82.2%","69.8%"
"2022 Apr 06 12:00:00 AM","50 - 64 Years","8.63785322685","92.7%","81%"
"2022 Apr 06 12:00:00 AM","65+ Years","7.68271606719","95%","89.7%"
"2022 Apr 05 12:00:00 AM","<2 Years","4.59235624101","0%","0%"
"2022 Apr 05 12:00:00 AM","2 - 4 Years","9.05071162575","0%","0%"
"2022 Apr 05 12:00:00 AM","5 - 11 Years","8.12915969709","35%","28.5%"
"2022 Apr 05 12:00:00 AM","12 - 17 Years","8.80680438079","68.9%","59.2%"
"2022 Apr 05 12:00:00 AM","18 - 24 Years","12.00466446972","77.9%","63.7%"
"2022 Apr 05 12:00:00 AM","25 - 49 Years","11.30505332391","82.2%","69.8%"
"2022 Apr 05 12:00:00 AM","50 - 64 Years","8.77792774959","92.6%","81%"
"2022 Apr 05 12:00:00 AM","65+ Years","7.67082413601","95%","89.6%"
"2022 Apr 04 12:00:00 AM","<2 Years","4.5143307709","0%","0%"
"2022 Apr 04 12:00:00 AM","2 - 4 Years","8.75760712756","0%","0%"
"2022 Apr 04 12:00:00 AM","5 - 11 Years","7.97096575723","35%","28.4%"
"2022 Apr 04 12:00:00 AM","12 - 17 Years","8.63263272107","68.9%","59.2%"
"2022 Apr 04 12:00:00 AM","18 - 24 Years","11.54611030198","77.8%","63.7%"
"2022 Apr 04 12:00:00 AM","25 - 49 Years","10.92594302219","82.1%","69.8%"
"2022 Apr 04 12:00:00 AM","50 - 64 Years","8.41468749615","92.6%","81%"
"2022 Apr 04 12:00:00 AM","65+ Years","7.36163392555","95%","89.6%"
"2022 Apr 03 12:00:00 AM","<2 Years","4.95152110344","0%","0%"
"2022 Apr 03 12:00:00 AM","2 - 4 Years","9.73817490331","0%","0%"
"2022 Apr 03 12:00:00 AM","5 - 11 Years","8.69162703883","34.9%","28.4%"
"2022 Apr 03 12:00:00 AM","12 - 17 Years","9.41440649862","68.9%","59.1%"
"2022 Apr 03 12:00:00 AM","18 - 24 Years","12.0249921287","77.8%","63.7%"
"2022 Apr 03 12:00:00 AM","25 - 49 Years","11.67027437871","82.1%","69.8%"
"2022 Apr 03 12:00:00 AM","50 - 64 Years","8.90211051123","92.6%","80.9%"
"2022 Apr 03 12:00:00 AM","65+ Years","7.95253077222","95%","89.6%"
"2022 Apr 02 12:00:00 AM","<2 Years","4.8573951395","0%","0%"
"2022 Apr 02 12:00:00 AM","2 - 4 Years","9.50369130476","0%","0%"
"2022 Apr 02 12:00:00 AM","5 - 11 Years","8.30894836526","34.9%","28.4%"
"2022 Apr 02 12:00:00 AM","12 - 17 Years","8.67317759924","68.9%","59.1%"
"2022 Apr 02 12:00:00 AM","18 - 24 Years","11.48181817125","77.8%","63.7%"
"2022 Apr 02 12:00:00 AM","25 - 49 Years","11.23203556866","82.1%","69.8%"
"2022 Apr 02 12:00:00 AM","50 - 64 Years","8.48892472294","92.6%","80.9%"
"2022 Apr 02 12:00:00 AM","65+ Years","7.67346678739","95%","89.5%"
"2022 Apr 01 12:00:00 AM","<2 Years","4.77317717175","0%","0%"
"2022 Apr 01 12:00:00 AM","2 - 4 Years","9.30473552417","0%","0%"
"2022 Apr 01 12:00:00 AM","5 - 11 Years","8.13669274185","34.9%","28.4%"
"2022 Apr 01 12:00:00 AM","12 - 17 Years","8.60807737233","68.9%","59.1%"
"2022 Apr 01 12:00:00 AM","18 - 24 Years","11.37639798629","77.8%","63.7%"
"2022 Apr 01 12:00:00 AM","25 - 49 Years","10.99710887785","82.1%","69.8%"
"2022 Apr 01 12:00:00 AM","50 - 64 Years","8.3052613698","92.6%","80.9%"
"2022 Apr 01 12:00:00 AM","65+ Years","7.66448177272","95%","89.5%"
"2022 Mar 31 12:00:00 AM","<2 Years","4.78308516796","0%","0%"
"2022 Mar 31 12:00:00 AM","2 - 4 Years","8.9974198988","0%","0%"
"2022 Mar 31 12:00:00 AM","5 - 11 Years","7.52701831964","34.9%","28.3%"
"2022 Mar 31 12:00:00 AM","12 - 17 Years","7.96335670407","68.8%","59.1%"
"2022 Mar 31 12:00:00 AM","18 - 24 Years","11.23079521963","77.8%","63.6%"
"2022 Mar 31 12:00:00 AM","25 - 49 Years","10.86390438594","82.1%","69.8%"
"2022 Mar 31 12:00:00 AM","50 - 64 Years","8.19674334408","92.6%","80.9%"
"2022 Mar 31 12:00:00 AM","65+ Years","7.37511144755","95%","89.5%"
"2022 Mar 30 12:00:00 AM","<2 Years","4.74469168266","0%","0%"
"2022 Mar 30 12:00:00 AM","2 - 4 Years","8.89438922672","0%","0%"
"2022 Mar 30 12:00:00 AM","5 - 11 Years","7.37384640961","34.8%","28.3%"
"2022 Mar 30 12:00:00 AM","12 - 17 Years","7.86399319984","68.8%","59.1%"
"2022 Mar 30 12:00:00 AM","18 - 24 Years","11.11781125459","77.7%","63.6%"
"2022 Mar 30 12:00:00 AM","25 - 49 Years","10.74763154741","82.1%","69.8%"
"2022 Mar 30 12:00:00 AM","50 - 64 Years","8.21717560834","92.6%","80.9%"
"2022 Mar 30 12:00:00 AM","65+ Years","7.40973018051","95%","89.4%"
"2022 Mar 29 12:00:00 AM","<2 Years","4.48089128371","0%","0%"
"2022 Mar 29 12:00:00 AM","2 - 4 Years","8.12521196784","0%","0%"
"2022 Mar 29 12:00:00 AM","5 - 11 Years","7.0971325656","34.8%","28.3%"
"2022 Mar 29 12:00:00 AM","12 - 17 Years","7.49908929637","68.8%","59.1%"
"2022 Mar 29 12:00:00 AM","18 - 24 Years","10.79824154593","77.7%","63.6%"
"2022 Mar 29 12:00:00 AM","25 - 49 Years","10.17975976608","82.1%","69.7%"
"2022 Mar 29 12:00:00 AM","50 - 64 Years","7.80467089552","92.5%","80.9%"
"2022 Mar 29 12:00:00 AM","65+ Years","7.15920683049","95%","89.4%"
"2022 Mar 28 12:00:00 AM","<2 Years","4.46355229035","0%","0%"
"2022 Mar 28 12:00:00 AM","2 - 4 Years","8.33304970292","0%","0%"
"2022 Mar 28 12:00:00 AM","5 - 11 Years","7.46775836757","34.7%","28.2%"
"2022 Mar 28 12:00:00 AM","12 - 17 Years","7.92452498977","68.8%","59.1%"
"2022 Mar 28 12:00:00 AM","18 - 24 Years","11.16461214387","77.7%","63.6%"
"2022 Mar 28 12:00:00 AM","25 - 49 Years","10.64286694205","82.1%","69.7%"
"2022 Mar 28 12:00:00 AM","50 - 64 Years","8.03169605392","92.5%","80.9%"
"2022 Mar 28 12:00:00 AM","65+ Years","7.30613824675","95%","89.4%"
"2022 Mar 27 12:00:00 AM","<2 Years","3.97682197678","0%","0%"
"2022 Mar 27 12:00:00 AM","2 - 4 Years","7.40222087232","0%","0%"
"2022 Mar 27 12:00:00 AM","5 - 11 Years","6.75714114564","34.7%","28.2%"
"2022 Mar 27 12:00:00 AM","12 - 17 Years","7.25524897276","68.8%","59%"
"2022 Mar 27 12:00:00 AM","18 - 24 Years","10.59780137364","77.7%","63.6%"
"2022 Mar 27 12:00:00 AM","25 - 49 Years","9.97697676101","82%","69.7%"
"2022 Mar 27 12:00:00 AM","50 - 64 Years","7.59035914599","92.5%","80.8%"
"2022 Mar 27 12:00:00 AM","65+ Years","6.69991402213","95%","89.4%"
"2022 Mar 26 12:00:00 AM","<2 Years","3.98425297393","0%","0%"
"2022 Mar 26 12:00:00 AM","2 - 4 Years","7.36669305436","0%","0%"
"2022 Mar 26 12:00:00 AM","5 - 11 Years","6.79279755748","34.7%","28.2%"
"2022 Mar 26 12:00:00 AM","12 - 17 Years","7.35632564086","68.8%","59%"
"2022 Mar 26 12:00:00 AM","18 - 24 Years","10.68525758089","77.7%","63.6%"
"2022 Mar 26 12:00:00 AM","25 - 49 Years","10.08002174532","82%","69.7%"
"2022 Mar 26 12:00:00 AM","50 - 64 Years","7.68616376284","92.5%","80.8%"
"2022 Mar 26 12:00:00 AM","65+ Years","6.74351776976","95%","89.4%"
"2022 Mar 25 12:00:00 AM","<2 Years","3.93595149243","0%","0%"
"2022 Mar 25 12:00:00 AM","2 - 4 Years","7.20326509174","0%","0%"
"2022 Mar 25 12:00:00 AM","5 - 11 Years","6.62907938479","34.7%","28.1%"
"2022 Mar 25 12:00:00 AM","12 - 17 Years","7.19528823745","68.7%","59%"
"2022 Mar 25 12:00:00 AM","18 - 24 Years","10.42052527786","77.7%","63.6%"
"2022 Mar 25 12:00:00 AM","25 - 49 Years","9.83014757925","82%","69.7%"
"2022 Mar 25 12:00:00 AM","50 - 64 Years","7.53292178092","92.5%","80.8%"
"2022 Mar 25 12:00:00 AM","65+ Years","6.5595892343","95%","89.4%"
"2022 Mar 24 12:00:00 AM","<2 Years","4.00035346776","0%","0%"
"2022 Mar 24 12:00:00 AM","2 - 4 Years","7.17484283737","0%","0%"
"2022 Mar 24 12:00:00 AM","5 - 11 Years","6.52813658507","34.6%","28.1%"
"2022 Mar 24 12:00:00 AM","12 - 17 Years","7.06280356514","68.7%","59%"
"2022 Mar 24 12:00:00 AM","18 - 24 Years","10.16713864497","77.6%","63.5%"
"2022 Mar 24 12:00:00 AM","25 - 49 Years","9.66427028743","82%","69.7%"
"2022 Mar 24 12:00:00 AM","50 - 64 Years","7.40238231483","92.5%","80.8%"
"2022 Mar 24 12:00:00 AM","65+ Years","6.52338491052","95%","89.4%"
"2022 Mar 23 12:00:00 AM","<2 Years","5.80608577612","0%","0%"
"2022 Mar 23 12:00:00 AM","2 - 4 Years","9.60494558595","0%","0%"
"2022 Mar 23 12:00:00 AM","5 - 11 Years","8.47517755286","34.6%","28%"
"2022 Mar 23 12:00:00 AM","12 - 17 Years","9.13002129685","68.7%","59%"
"2022 Mar 23 12:00:00 AM","18 - 24 Years","12.02310118368","77.6%","63.5%"
"2022 Mar 23 12:00:00 AM","25 - 49 Years","11.82041052402","82%","69.7%"
"2022 Mar 23 12:00:00 AM","50 - 64 Years","9.22857268902","92.5%","80.8%"
"2022 Mar 23 12:00:00 AM","65+ Years","7.99613451984","95%","89.4%"
"2022 Mar 22 12:00:00 AM","<2 Years","7.61924908164","0%","0%"
"2022 Mar 22 12:00:00 AM","2 - 4 Years","13.15062181853","0%","0%"
"2022 Mar 22 12:00:00 AM","5 - 11 Years","11.2001309424","34.6%","28%"
"2022 Mar 22 12:00:00 AM","12 - 17 Years","12.59518074327","68.7%","59%"
"2022 Mar 22 12:00:00 AM","18 - 24 Years","15.05664973461","77.6%","63.5%"
"2022 Mar 22 12:00:00 AM","25 - 49 Years","15.42142927621","82%","69.7%"
"2022 Mar 22 12:00:00 AM","50 - 64 Years","11.86206452647","92.5%","80.8%"
"2022 Mar 22 12:00:00 AM","65+ Years","9.24584435342","95%","89.3%"
"2022 Mar 21 12:00:00 AM","<2 Years","8.34996380176","0%","0%"
"2022 Mar 21 12:00:00 AM","2 - 4 Years","14.3816607109","0%","0%"
"2022 Mar 21 12:00:00 AM","5 - 11 Years","12.09455445636","34.5%","28%"
"2022 Mar 21 12:00:00 AM","12 - 17 Years","13.69674510915","68.6%","58.9%"
"2022 Mar 21 12:00:00 AM","18 - 24 Years","16.20728978026","77.6%","63.5%"
"2022 Mar 21 12:00:00 AM","25 - 49 Years","16.58349626875","82%","69.7%"
"2022 Mar 21 12:00:00 AM","50 - 64 Years","13.02034688463","92.5%","80.8%"
"2022 Mar 21 12:00:00 AM","65+ Years","9.94271152008","95%","89.3%"
"2022 Mar 20 12:00:00 AM","<2 Years","8.56298572016","0%","0%"
"2022 Mar 20 12:00:00 AM","2 - 4 Years","14.41185935617","0%","0%"
"2022 Mar 20 12:00:00 AM","5 - 11 Years","12.10007868918","34.5%","27.9%"
"2022 Mar 20 12:00:00 AM","12 - 17 Years","13.58424734861","68.6%","58.9%"
"2022 Mar 20 12:00:00 AM","18 - 24 Years","15.82626435841","77.5%","63.5%"
"2022 Mar 20 12:00:00 AM","25 - 49 Years","16.18401507154","81.9%","69.6%"
"2022 Mar 20 12:00:00 AM","50 - 64 Years","12.80490000931","92.5%","80.8%"
"2022 Mar 20 12:00:00 AM","65+ Years","9.98525820716","95%","89.3%"
"2022 Mar 19 12:00:00 AM","<2 Years","8.56546271921","0%","0%"
"2022 Mar 19 12:00:00 AM","2 - 4 Years","14.41896491976","0%","0%"
"2022 Mar 19 12:00:00 AM","5 - 11 Years","12.04483636097","34.5%","27.9%"
"2022 Mar 19 12:00:00 AM","12 - 17 Years","13.46775220572","68.6%","58.9%"
"2022 Mar 19 12:00:00 AM","18 - 24 Years","15.54025892389","77.5%","63.5%"
"2022 Mar 19 12:00:00 AM","25 - 49 Years","15.97170801144","81.9%","69.6%"
"2022 Mar 19 12:00:00 AM","50 - 64 Years","12.66369036079","92.5%","80.8%"
"2022 Mar 19 12:00:00 AM","65+ Years","9.91126396876","95%","89.3%"
"2022 Mar 18 12:00:00 AM","<2 Years","8.52954623297","0%","0%"
"2022 Mar 18 12:00:00 AM","2 - 4 Years","14.35856762923","0%","0%"
"2022 Mar 18 12:00:00 AM","5 - 11 Years","12.02424603864","34.5%","27.8%"
"2022 Mar 18 12:00:00 AM","12 - 17 Years","13.44319685697","68.6%","58.9%"
"2022 Mar 18 12:00:00 AM","18 - 24 Years","15.48873067205","77.5%","63.4%"
"2022 Mar 18 12:00:00 AM","25 - 49 Years","15.8899598724","81.9%","69.6%"
"2022 Mar 18 12:00:00 AM","50 - 64 Years","12.58809098304","92.4%","80.8%"
"2022 Mar 18 12:00:00 AM","65+ Years","9.87875935689","95%","89.3%"
"2022 Mar 17 12:00:00 AM","<2 Years","8.4341817695","0%","0%"
"2022 Mar 17 12:00:00 AM","2 - 4 Years","14.48469138299","0%","0%"
"2022 Mar 17 12:00:00 AM","5 - 11 Years","12.05236940573","34.4%","27.8%"
"2022 Mar 17 12:00:00 AM","12 - 17 Years","13.58253418474","68.6%","58.9%"
"2022 Mar 17 12:00:00 AM","18 - 24 Years","15.88913828038","77.5%","63.4%"
"2022 Mar 17 12:00:00 AM","25 - 49 Years","16.24129168028","81.9%","69.6%"
"2022 Mar 17 12:00:00 AM","50 - 64 Years","12.76857598397","92.4%","80.8%"
"2022 Mar 17 12:00:00 AM","65+ Years","9.91813486233","95%","89.3%"
"2022 Mar 16 12:00:00 AM","<2 Years","6.99009132262","0%","0%"
"2022 Mar 16 12:00:00 AM","2 - 4 Years","12.8024492025","0%","0%"
"2022 Mar 16 12:00:00 AM","5 - 11 Years","10.68436847814","34.4%","27.7%"
"2022 Mar 16 12:00:00 AM","12 - 17 Years","12.02755244898","68.5%","58.8%"
"2022 Mar 16 12:00:00 AM","18 - 24 Years","15.1521424582","77.5%","63.4%"
"2022 Mar 16 12:00:00 AM","25 - 49 Years","15.24854122166","81.9%","69.6%"
"2022 Mar 16 12:00:00 AM","50 - 64 Years","11.7669409851","92.4%","80.8%"
"2022 Mar 16 12:00:00 AM","65+ Years","9.05425212899","95%","89.3%"
"2022 Mar 15 12:00:00 AM","<2 Years","5.40481192982","0%","0%"
"2022 Mar 15 12:00:00 AM","2 - 4 Years","9.60139280415","0%","0%"
"2022 Mar 15 12:00:00 AM","5 - 11 Years","8.08295702259","34.3%","27.7%"
"2022 Mar 15 12:00:00 AM","12 - 17 Years","8.71086720429","68.5%","58.8%"
"2022 Mar 15 12:00:00 AM","18 - 24 Years","12.14412166507","77.4%","63.4%"
"2022 Mar 15 12:00:00 AM","25 - 49 Years","11.93192133503","81.9%","69.6%"
"2022 Mar 15 12:00:00 AM","50 - 64 Years","9.39271187854","92.4%","80.8%"
"2022 Mar 15 12:00:00 AM","65+ Years","7.988735096","95%","89.3%"
"2022 Mar 14 12:00:00 AM","<2 Years","4.96638309775","0%","0%"
"2022 Mar 14 12:00:00 AM","2 - 4 Years","8.57819164686","0%","0%"
"2022 Mar 14 12:00:00 AM","5 - 11 Years","7.11621627898","34.3%","27.6%"
"2022 Mar 14 12:00:00 AM","12 - 17 Years","7.35175720388","68.5%","58.8%"
"2022 Mar 14 12:00:00 AM","18 - 24 Years","10.4933266612","77.4%","63.4%"
"2022 Mar 14 12:00:00 AM","25 - 49 Years","10.28809589208","81.8%","69.6%"
"2022 Mar 14 12:00:00 AM","50 - 64 Years","8.13862490353","92.4%","80.8%"
"2022 Mar 14 12:00:00 AM","65+ Years","7.45280539787","95%","89.3%"
"2022 Mar 13 12:00:00 AM","<2 Years","5.21779850145","0%","0%"
"2022 Mar 13 12:00:00 AM","2 - 4 Years","9.28874800609","0%","0%"
"2022 Mar 13 12:00:00 AM","5 - 11 Years","7.77108896972","34.3%","27.6%"
"2022 Mar 13 12:00:00 AM","12 - 17 Years","7.95536193936","68.5%","58.8%"
"2022 Mar 13 12:00:00 AM","18 - 24 Years","11.25254108738","77.4%","63.3%"
"2022 Mar 13 12:00:00 AM","25 - 49 Years","11.14221843856","81.8%","69.6%"
"2022 Mar 13 12:00:00 AM","50 - 64 Years","8.72571196316","92.4%","80.8%"
"2022 Mar 13 12:00:00 AM","65+ Years","7.76965929731","95%","89.3%"
"2022 Mar 12 12:00:00 AM","<2 Years","5.31811696303","0%","0%"
"2022 Mar 12 12:00:00 AM","2 - 4 Years","9.54632468631","0%","0%"
"2022 Mar 12 12:00:00 AM","5 - 11 Years","7.88308023508","34.3%","27.6%"
"2022 Mar 12 12:00:00 AM","12 - 17 Years","8.15922843942","68.5%","58.8%"
"2022 Mar 12 12:00:00 AM","18 - 24 Years","11.43359907319","77.4%","63.3%"
"2022 Mar 12 12:00:00 AM","25 - 49 Years","11.33018624692","81.8%","69.5%"
"2022 Mar 12 12:00:00 AM","50 - 64 Years","8.8592027563","92.4%","80.8%"
"2022 Mar 12 12:00:00 AM","65+ Years","7.98450685381","95%","89.3%"
"2022 Mar 11 12:00:00 AM","<2 Years","5.4134814265","0%","0%"
"2022 Mar 11 12:00:00 AM","2 - 4 Years","9.8394291845","0%","0%"
"2022 Mar 11 12:00:00 AM","5 - 11 Years","7.94234018716","34.2%","27.5%"
"2022 Mar 11 12:00:00 AM","12 - 17 Years","8.20319964532","68.4%","58.7%"
"2022 Mar 11 12:00:00 AM","18 - 24 Years","11.53949199441","77.4%","63.3%"
"2022 Mar 11 12:00:00 AM","25 - 49 Years","11.4262204685","81.8%","69.5%"
"2022 Mar 11 12:00:00 AM","50 - 64 Years","8.98406659342","92.4%","80.7%"
"2022 Mar 11 12:00:00 AM","65+ Years","8.16684979844","95%","89.3%"
"2022 Mar 10 12:00:00 AM","<2 Years","5.58067886246","0%","0%"
"2022 Mar 10 12:00:00 AM","2 - 4 Years","9.97976406545","0%","0%"
"2022 Mar 10 12:00:00 AM","5 - 11 Years","8.15477204926","34.2%","27.4%"
"2022 Mar 10 12:00:00 AM","12 - 17 Years","8.31798162434","68.4%","58.7%"
"2022 Mar 10 12:00:00 AM","18 - 24 Years","11.47898175371","77.3%","63.3%"
"2022 Mar 10 12:00:00 AM","25 - 49 Years","11.4353476879","81.8%","69.5%"
"2022 Mar 10 12:00:00 AM","50 - 64 Years","9.08441171343","92.4%","80.7%"
"2022 Mar 10 12:00:00 AM","65+ Years","8.39808179345","95%","89.3%"
"2022 Mar 09 12:00:00 AM","<2 Years","5.68966682072","0%","0%"
"2022 Mar 09 12:00:00 AM","2 - 4 Years","10.03838496508","0%","0%"
"2022 Mar 09 12:00:00 AM","5 - 11 Years","8.02972350632","34.1%","27.4%"
"2022 Mar 09 12:00:00 AM","12 - 17 Years","8.17978640581","68.4%","58.7%"
"2022 Mar 09 12:00:00 AM","18 - 24 Years","10.77838662321","77.3%","63.3%"
"2022 Mar 09 12:00:00 AM","25 - 49 Years","10.51455675619","81.8%","69.5%"
"2022 Mar 09 12:00:00 AM","50 - 64 Years","8.54522696223","92.4%","80.7%"
"2022 Mar 09 12:00:00 AM","65+ Years","8.2767840955","95%","89.3%"
"2022 Mar 08 12:00:00 AM","<2 Years","6.09713316465","0%","0%"
"2022 Mar 08 12:00:00 AM","2 - 4 Years","10.74005936983","0%","0%"
"2022 Mar 08 12:00:00 AM","5 - 11 Years","8.65848164191","34.1%","27.3%"
"2022 Mar 08 12:00:00 AM","12 - 17 Years","8.89988628418","68.4%","58.7%"
"2022 Mar 08 12:00:00 AM","18 - 24 Years","11.67800371724","77.3%","63.2%"
"2022 Mar 08 12:00:00 AM","25 - 49 Years","11.2390463314","81.7%","69.5%"
"2022 Mar 08 12:00:00 AM","50 - 64 Years","9.26489671436","92.4%","80.7%"
"2022 Mar 08 12:00:00 AM","65+ Years","8.97021581537","95%","89.3%"
"2022 Mar 07 12:00:00 AM","<2 Years","6.51203050573","0%","0%"
"2022 Mar 07 12:00:00 AM","2 - 4 Years","11.39732400212","0%","0%"
"2022 Mar 07 12:00:00 AM","5 - 11 Years","9.20035866132","34.1%","27.3%"
"2022 Mar 07 12:00:00 AM","12 - 17 Years","9.62227038104","68.4%","58.6%"
"2022 Mar 07 12:00:00 AM","18 - 24 Years","12.69864129266","77.2%","63.2%"
"2022 Mar 07 12:00:00 AM","25 - 49 Years","12.04012518249","81.7%","69.5%"
"2022 Mar 07 12:00:00 AM","50 - 64 Years","9.95278294432","92.3%","80.7%"
"2022 Mar 07 12:00:00 AM","65+ Years","9.64197779401","95%","89.3%"
"2022 Mar 06 12:00:00 AM","<2 Years","6.58262497869","0%","0%"
"2022 Mar 06 12:00:00 AM","2 - 4 Years","11.24455438488","0%","0%"
"2022 Mar 06 12:00:00 AM","5 - 11 Years","9.11046432724","34%","27.2%"
"2022 Mar 06 12:00:00 AM","12 - 17 Years","9.50177785579","68.3%","58.6%"
"2022 Mar 06 12:00:00 AM","18 - 24 Years","12.45565485738","77.2%","63.2%"
"2022 Mar 06 12:00:00 AM","25 - 49 Years","11.82543710862","81.7%","69.4%"
"2022 Mar 06 12:00:00 AM","50 - 64 Years","9.97889083753","92.3%","80.7%"
"2022 Mar 06 12:00:00 AM","65+ Years","9.98367261634","95%","89.3%"
"2022 Mar 05 12:00:00 AM","<2 Years","6.77706940421","0%","0%"
"2022 Mar 05 12:00:00 AM","2 - 4 Years","11.62114925528","0%","0%"
"2022 Mar 05 12:00:00 AM","5 - 11 Years","9.52779500669","34%","27.2%"
"2022 Mar 05 12:00:00 AM","12 - 17 Years","9.83984219202","68.3%","58.6%"
"2022 Mar 05 12:00:00 AM","18 - 24 Years","12.88442664103","77.2%","63.2%"
"2022 Mar 05 12:00:00 AM","25 - 49 Years","12.08721634348","81.7%","69.4%"
"2022 Mar 05 12:00:00 AM","50 - 64 Years","10.20818624752","92.3%","80.7%"
"2022 Mar 05 12:00:00 AM","65+ Years","10.18002161324","95%","89.3%"
"2022 Mar 04 12:00:00 AM","<2 Years","6.95417483638","0%","0%"
"2022 Mar 04 12:00:00 AM","2 - 4 Years","11.82010503586","0%","0%"
"2022 Mar 04 12:00:00 AM","5 - 11 Years","9.70808587784","34%","27.1%"
"2022 Mar 04 12:00:00 AM","12 - 17 Years","10.01972439796","68.3%","58.6%"
"2022 Mar 04 12:00:00 AM","18 - 24 Years","13.16712292176","77.2%","63.2%"
"2022 Mar 04 12:00:00 AM","25 - 49 Years","12.38973736931","81.7%","69.4%"
"2022 Mar 04 12:00:00 AM","50 - 64 Years","10.43521140592","92.3%","80.7%"
"2022 Mar 04 12:00:00 AM","65+ Years","10.40623257064","95%","89.3%"
"2022 Mar 03 12:00:00 AM","<2 Years","7.18701274719","0%","0%"
"2022 Mar 03 12:00:00 AM","2 - 4 Years","12.28729584206","0%","0%"
"2022 Mar 03 12:00:00 AM","5 - 11 Years","10.06213898134","33.9%","27%"
"2022 Mar 03 12:00:00 AM","12 - 17 Years","10.43373899893","68.3%","58.5%"
"2022 Mar 03 12:00:00 AM","18 - 24 Years","14.02088459902","77.1%","63.1%"
"2022 Mar 03 12:00:00 AM","25 - 49 Years","13.46331001718","81.7%","69.4%"
"2022 Mar 03 12:00:00 AM","50 - 64 Years","11.40483585745","92.3%","80.7%"
"2022 Mar 03 12:00:00 AM","65+ Years","11.30129859016","95%","89.3%"
"2022 Mar 02 12:00:00 AM","<2 Years","8.15056537813","0%","0%"
"2022 Mar 02 12:00:00 AM","2 - 4 Years","13.95532689536","0%","0%"
"2022 Mar 02 12:00:00 AM","5 - 11 Years","11.54112676833","33.9%","26.9%"
"2022 Mar 02 12:00:00 AM","12 - 17 Years","12.03269194058","68.2%","58.5%"
"2022 Mar 02 12:00:00 AM","18 - 24 Years","16.26449086717","77.1%","63.1%"
"2022 Mar 02 12:00:00 AM","25 - 49 Years","15.95385040825","81.6%","69.4%"
"2022 Mar 02 12:00:00 AM","50 - 64 Years","13.55181278045","92.3%","80.7%"
"2022 Mar 02 12:00:00 AM","65+ Years","12.88556808737","95%","89.2%"
"2022 Mar 01 12:00:00 AM","<2 Years","8.71160566324","0%","0%"
"2022 Mar 01 12:00:00 AM","2 - 4 Years","14.86128625338","0%","0%"
"2022 Mar 01 12:00:00 AM","5 - 11 Years","12.06291566839","33.8%","26.9%"
"2022 Mar 01 12:00:00 AM","12 - 17 Years","12.55634902897","68.2%","58.5%"
"2022 Mar 01 12:00:00 AM","18 - 24 Years","17.49171418619","77.1%","63.1%"
"2022 Mar 01 12:00:00 AM","25 - 49 Years","17.12782246958","81.6%","69.4%"
"2022 Mar 01 12:00:00 AM","50 - 64 Years","14.54345867235","92.3%","80.7%"
"2022 Mar 01 12:00:00 AM","65+ Years","13.73227358679","95%","89.2%"
"2022 Feb 28 12:00:00 AM","<2 Years","9.04228503658","0%","0%"
"2022 Feb 28 12:00:00 AM","2 - 4 Years","15.5896065216","0%","0%"
"2022 Feb 28 12:00:00 AM","5 - 11 Years","12.71025531437","33.8%","26.8%"
"2022 Feb 28 12:00:00 AM","12 - 17 Years","13.06116131484","68.2%","58.4%"
"2022 Feb 28 12:00:00 AM","18 - 24 Years","18.01834237471","77.1%","63%"
"2022 Feb 28 12:00:00 AM","25 - 49 Years","17.66209550121","81.6%","69.3%"
"2022 Feb 28 12:00:00 AM","50 - 64 Years","14.97208217141","92.3%","80.6%"
"2022 Feb 28 12:00:00 AM","65+ Years","14.1968516979","95%","89.2%"
"2022 Feb 27 12:00:00 AM","<2 Years","9.51910735394","0%","0%"
"2022 Feb 27 12:00:00 AM","2 - 4 Years","16.87571353181","0%","0%"
"2022 Feb 27 12:00:00 AM","5 - 11 Years","13.82966576503","33.7%","26.7%"
"2022 Feb 27 12:00:00 AM","12 - 17 Years","13.9936935126","68.2%","58.4%"
"2022 Feb 27 12:00:00 AM","18 - 24 Years","18.97185140186","77%","63%"
"2022 Feb 27 12:00:00 AM","25 - 49 Years","18.65114216066","81.6%","69.3%"
"2022 Feb 27 12:00:00 AM","50 - 64 Years","15.57937447013","92.3%","80.6%"
"2022 Feb 27 12:00:00 AM","65+ Years","14.7644932125","95%","89.2%"
"2022 Feb 26 12:00:00 AM","<2 Years","9.84111723061","0%","0%"
"2022 Feb 26 12:00:00 AM","2 - 4 Years","17.32691681993","0%","0%"
"2022 Feb 26 12:00:00 AM","5 - 11 Years","14.03858220625","33.7%","26.7%"
"2022 Feb 26 12:00:00 AM","12 - 17 Years","14.09705439918","68.1%","58.4%"
"2022 Feb 26 12:00:00 AM","18 - 24 Years","19.26447514396","77%","63%"
"2022 Feb 26 12:00:00 AM","25 - 49 Years","19.11715946456","81.6%","69.3%"
"2022 Feb 26 12:00:00 AM","50 - 64 Years","15.9419336481","92.2%","80.6%"
"2022 Feb 26 12:00:00 AM","65+ Years","15.16115518336","95%","89.2%"
"2022 Feb 25 12:00:00 AM","<2 Years","11.37066414475","0%","0%"
"2022 Feb 25 12:00:00 AM","2 - 4 Years","19.43016364326","0%","0%"
"2022 Feb 25 12:00:00 AM","5 - 11 Years","16.01374654113","33.7%","26.6%"
"2022 Feb 25 12:00:00 AM","12 - 17 Years","16.02379269388","68.1%","58.3%"
"2022 Feb 25 12:00:00 AM","18 - 24 Years","21.26178582304","77%","63%"
"2022 Feb 25 12:00:00 AM","25 - 49 Years","21.12395722709","81.5%","69.3%"
"2022 Feb 25 12:00:00 AM","50 - 64 Years","17.41260262423","92.2%","80.6%"
"2022 Feb 25 12:00:00 AM","65+ Years","16.21953705764","95%","89.2%"
"2022 Feb 24 12:00:00 AM","<2 Years","13.14914946355","0%","0%"
"2022 Feb 24 12:00:00 AM","2 - 4 Years","22.57259914197","0%","0%"
"2022 Feb 24 12:00:00 AM","5 - 11 Years","18.85119339901","33.6%","26.5%"
"2022 Feb 24 12:00:00 AM","12 - 17 Years","18.96815032501","68.1%","58.3%"
"2022 Feb 24 12:00:00 AM","18 - 24 Years","24.58653990729","76.9%","62.9%"
"2022 Feb 24 12:00:00 AM","25 - 49 Years","24.05815984844","81.5%","69.3%"
"2022 Feb 24 12:00:00 AM","50 - 64 Years","19.58069288696","92.2%","80.6%"
"2022 Feb 24 12:00:00 AM","65+ Years","17.61908522398","95%","89.2%"
"2022 Feb 23 12:00:00 AM","<2 Years","13.70895124913","0%","0%"
"2022 Feb 23 12:00:00 AM","2 - 4 Years","23.64731563532","0%","0%"
"2022 Feb 23 12:00:00 AM","5 - 11 Years","20.09213697173","33.5%","26.4%"
"2022 Feb 23 12:00:00 AM","12 - 17 Years","20.03773563206","68%","58.3%"
"2022 Feb 23 12:00:00 AM","18 - 24 Years","25.9867846958","76.9%","62.9%"
"2022 Feb 23 12:00:00 AM","25 - 49 Years","25.52512888057","81.5%","69.2%"
"2022 Feb 23 12:00:00 AM","50 - 64 Years","20.60162502429","92.2%","80.6%"
"2022 Feb 23 12:00:00 AM","65+ Years","18.3341866851","95%","89.2%"
"2022 Feb 22 12:00:00 AM","<2 Years","14.73566735587","0%","0%"
"2022 Feb 22 12:00:00 AM","2 - 4 Years","25.29225360694","0%","0%"
"2022 Feb 22 12:00:00 AM","5 - 11 Years","21.9688695218","33.5%","26.3%"
"2022 Feb 22 12:00:00 AM","12 - 17 Years","22.07240325031","68%","58.2%"
"2022 Feb 22 12:00:00 AM","18 - 24 Years","27.85172922337","76.8%","62.9%"
"2022 Feb 22 12:00:00 AM","25 - 49 Years","27.20519864406","81.4%","69.2%"
"2022 Feb 22 12:00:00 AM","50 - 64 Years","21.81393937015","92.2%","80.6%"
"2022 Feb 22 12:00:00 AM","65+ Years","19.5968455104","95%","89.2%"
"2022 Feb 21 12:00:00 AM","<2 Years","15.50601406081","0%","0%"
"2022 Feb 21 12:00:00 AM","2 - 4 Years","26.55349114458","0%","0%"
"2022 Feb 21 12:00:00 AM","5 - 11 Years","23.43480003121","33.4%","26.2%"
"2022 Feb 21 12:00:00 AM","12 - 17 Years","23.54686628437","68%","58.2%"
"2022 Feb 21 12:00:00 AM","18 - 24 Years","29.2325918254","76.8%","62.8%"
"2022 Feb 21 12:00:00 AM","25 - 49 Years","28.51303659002","81.4%","69.2%"
"2022 Feb 21 12:00:00 AM","50 - 64 Years","22.89412507383","92.2%","80.6%"
"2022 Feb 21 12:00:00 AM","65+ Years","20.64597810488","95%","89.2%"
"2022 Feb 20 12:00:00 AM","<2 Years","16.54883066138","0%","0%"
"2022 Feb 20 12:00:00 AM","2 - 4 Years","28.27481392483","0%","0%"
"2022 Feb 20 12:00:00 AM","5 - 11 Years","24.66821055917","33.3%","26.1%"
"2022 Feb 20 12:00:00 AM","12 - 17 Years","25.07329528903","67.9%","58.1%"
"2022 Feb 20 12:00:00 AM","18 - 24 Years","30.82760395113","76.8%","62.8%"
"2022 Feb 20 12:00:00 AM","25 - 49 Years","29.96082523355","81.4%","69.2%"
"2022 Feb 20 12:00:00 AM","50 - 64 Years","24.27670828849","92.2%","80.5%"
"2022 Feb 20 12:00:00 AM","65+ Years","22.08754442802","95%","89.2%"
"2022 Feb 19 12:00:00 AM","<2 Years","17.45417381462","0%","0%"
"2022 Feb 19 12:00:00 AM","2 - 4 Years","30.28391203056","0%","0%"
"2022 Feb 19 12:00:00 AM","5 - 11 Years","26.09296042391","33.3%","26%"
"2022 Feb 19 12:00:00 AM","12 - 17 Years","26.38443670118","67.9%","58.1%"
"2022 Feb 19 12:00:00 AM","18 - 24 Years","32.32523240825","76.7%","62.8%"
"2022 Feb 19 12:00:00 AM","25 - 49 Years","31.51298164681","81.4%","69.1%"
"2022 Feb 19 12:00:00 AM","50 - 64 Years","25.49401718784","92.1%","80.5%"
"2022 Feb 19 12:00:00 AM","65+ Years","23.01273667318","95%","89.2%"
"2022 Feb 18 12:00:00 AM","<2 Years","17.23619789811","0%","0%"
"2022 Feb 18 12:00:00 AM","2 - 4 Years","30.66938885545","0%","0%"
"2022 Feb 18 12:00:00 AM","5 - 11 Years","25.96891628694","33.2%","25.9%"
"2022 Feb 18 12:00:00 AM","12 - 17 Years","26.22682562551","67.9%","58.1%"
"2022 Feb 18 12:00:00 AM","18 - 24 Years","32.08130050046","76.7%","62.7%"
"2022 Feb 18 12:00:00 AM","25 - 49 Years","31.43533414258","81.3%","69.1%"
"2022 Feb 18 12:00:00 AM","50 - 64 Years","25.63250253446","92.1%","80.5%"
"2022 Feb 18 12:00:00 AM","65+ Years","23.43556089262","95%","89.2%"
"2022 Feb 17 12:00:00 AM","<2 Years","17.89507964574","0%","0%"
"2022 Feb 17 12:00:00 AM","2 - 4 Years","32.36406577222","0%","0%"
"2022 Feb 17 12:00:00 AM","5 - 11 Years","26.89045876202","33.1%","25.7%"
"2022 Feb 17 12:00:00 AM","12 - 17 Years","26.92179910051","67.8%","58%"
"2022 Feb 17 12:00:00 AM","18 - 24 Years","32.97855391322","76.7%","62.7%"
"2022 Feb 17 12:00:00 AM","25 - 49 Years","32.31181176268","81.3%","69.1%"
"2022 Feb 17 12:00:00 AM","50 - 64 Years","26.50609534399","92.1%","80.5%"
"2022 Feb 17 12:00:00 AM","65+ Years","24.62052576759","95%","89.2%"
"2022 Feb 16 12:00:00 AM","<2 Years","18.80289979802","0%","0%"
"2022 Feb 16 12:00:00 AM","2 - 4 Years","33.75497984542","0%","0%"
"2022 Feb 16 12:00:00 AM","5 - 11 Years","28.10980760644","33.1%","25.6%"
"2022 Feb 16 12:00:00 AM","12 - 17 Years","27.92285785291","67.8%","58%"
"2022 Feb 16 12:00:00 AM","18 - 24 Years","33.39077992793","76.6%","62.7%"
"2022 Feb 16 12:00:00 AM","25 - 49 Years","32.76790817592","81.3%","69.1%"
"2022 Feb 16 12:00:00 AM","50 - 64 Years","26.87728147798","92.1%","80.5%"
"2022 Feb 16 12:00:00 AM","65+ Years","25.6207693117","95%","89.2%"
"2022 Feb 15 12:00:00 AM","<2 Years","19.48531303664","0%","0%"
"2022 Feb 15 12:00:00 AM","2 - 4 Years","35.49939570734","0%","0%"
"2022 Feb 15 12:00:00 AM","5 - 11 Years","29.38590538801","33%","25.5%"
"2022 Feb 15 12:00:00 AM","12 - 17 Years","28.86167165151","67.7%","57.9%"
"2022 Feb 15 12:00:00 AM","18 - 24 Years","34.15613992543","76.6%","62.6%"
"2022 Feb 15 12:00:00 AM","25 - 49 Years","34.04757079241","81.2%","69%"
"2022 Feb 15 12:00:00 AM","50 - 64 Years","27.90116494237","92.1%","80.5%"
"2022 Feb 15 12:00:00 AM","65+ Years","26.53195550459","95%","89.1%"
"2022 Feb 14 12:00:00 AM","<2 Years","21.47310477526","0%","0%"
"2022 Feb 14 12:00:00 AM","2 - 4 Years","39.28133192937","0%","0%"
"2022 Feb 14 12:00:00 AM","5 - 11 Years","32.26905271741","32.9%","25.4%"
"2022 Feb 14 12:00:00 AM","12 - 17 Years","31.61415492964","67.7%","57.9%"
"2022 Feb 14 12:00:00 AM","18 - 24 Years","37.53147678901","76.5%","62.6%"
"2022 Feb 14 12:00:00 AM","25 - 49 Years","37.7249142634","81.2%","69%"
"2022 Feb 14 12:00:00 AM","50 - 64 Years","30.96328027889","92.1%","80.5%"
"2022 Feb 14 12:00:00 AM","65+ Years","28.92170513983","95%","89.1%"
"2022 Feb 13 12:00:00 AM","<2 Years","23.51291349397","0%","0%"
"2022 Feb 13 12:00:00 AM","2 - 4 Years","43.50558948502","0%","0%"
"2022 Feb 13 12:00:00 AM","5 - 11 Years","36.29069421085","32.9%","25.3%"
"2022 Feb 13 12:00:00 AM","12 - 17 Years","35.11643292649","67.7%","57.8%"
"2022 Feb 13 12:00:00 AM","18 - 24 Years","41.43296910486","76.5%","62.5%"
"2022 Feb 13 12:00:00 AM","25 - 49 Years","41.94843583481","81.2%","69%"
"2022 Feb 13 12:00:00 AM","50 - 64 Years","34.53801842307","92%","80.4%"
"2022 Feb 13 12:00:00 AM","65+ Years","31.62804440937","95%","89.1%"
"2022 Feb 12 12:00:00 AM","<2 Years","24.15817174682","0%","0%"
"2022 Feb 12 12:00:00 AM","2 - 4 Years","44.73662837739","0%","0%"
"2022 Feb 12 12:00:00 AM","5 - 11 Years","37.43169938981","32.8%","25.2%"
"2022 Feb 12 12:00:00 AM","12 - 17 Years","36.19058667051","67.6%","57.8%"
"2022 Feb 12 12:00:00 AM","18 - 24 Years","42.42618797746","76.5%","62.5%"
"2022 Feb 12 12:00:00 AM","25 - 49 Years","43.17042500693","81.2%","69%"
"2022 Feb 12 12:00:00 AM","50 - 64 Years","35.49561054121","92%","80.4%"
"2022 Feb 12 12:00:00 AM","65+ Years","32.63304472594","95%","89.1%"
"2022 Feb 11 12:00:00 AM","<2 Years","25.72487364673","0%","0%"
"2022 Feb 11 12:00:00 AM","2 - 4 Years","47.77603320401","0%","0%"
"2022 Feb 11 12:00:00 AM","5 - 11 Years","39.6529431867","32.8%","25.1%"
"2022 Feb 11 12:00:00 AM","12 - 17 Years","38.00140087694","67.6%","57.7%"
"2022 Feb 11 12:00:00 AM","18 - 24 Years","44.77568716682","76.4%","62.5%"
"2022 Feb 11 12:00:00 AM","25 - 49 Years","45.59231283465","81.1%","68.9%"
"2022 Feb 11 12:00:00 AM","50 - 64 Years","37.4232811612","92%","80.4%"
"2022 Feb 11 12:00:00 AM","65+ Years","34.16525399113","95%","89.1%"
"2022 Feb 10 12:00:00 AM","<2 Years","27.30767604048","0%","0%"
"2022 Feb 10 12:00:00 AM","2 - 4 Years","50.32870692456","0%","0%"
"2022 Feb 10 12:00:00 AM","5 - 11 Years","42.30909476747","32.6%","24.8%"
"2022 Feb 10 12:00:00 AM","12 - 17 Years","40.60540995335","67.5%","57.6%"
"2022 Feb 10 12:00:00 AM","18 - 24 Years","47.42111925206","76.4%","62.4%"
"2022 Feb 10 12:00:00 AM","25 - 49 Years","49.07481001309","81.1%","68.9%"
"2022 Feb 10 12:00:00 AM","50 - 64 Years","39.90057968967","92%","80.4%"
"2022 Feb 10 12:00:00 AM","65+ Years","35.62399754819","95%","89.1%"
"2022 Feb 09 12:00:00 AM","<2 Years","29.05148337256","0%","0%"
"2022 Feb 09 12:00:00 AM","2 - 4 Years","54.13373622826","0%","0%"
"2022 Feb 09 12:00:00 AM","5 - 11 Years","45.68189000598","32.6%","24.7%"
"2022 Feb 09 12:00:00 AM","12 - 17 Years","43.70794971478","67.5%","57.6%"
"2022 Feb 09 12:00:00 AM","18 - 24 Years","50.8011834782","76.3%","62.4%"
"2022 Feb 09 12:00:00 AM","25 - 49 Years","52.75876741119","81%","68.9%"
"2022 Feb 09 12:00:00 AM","50 - 64 Years","42.68413515683","92%","80.4%"
"2022 Feb 09 12:00:00 AM","65+ Years","37.33167886445","95%","89.1%"
"2022 Feb 08 12:00:00 AM","<2 Years","31.64985537731","0%","0%"
"2022 Feb 08 12:00:00 AM","2 - 4 Years","59.74357868442","0%","0%"
"2022 Feb 08 12:00:00 AM","5 - 11 Years","50.78778774122","32.4%","24.5%"
"2022 Feb 08 12:00:00 AM","12 - 17 Years","48.69154340115","67.4%","57.5%"
"2022 Feb 08 12:00:00 AM","18 - 24 Years","56.36859835809","76.3%","62.3%"
"2022 Feb 08 12:00:00 AM","25 - 49 Years","58.51328082912","81%","68.8%"
"2022 Feb 08 12:00:00 AM","50 - 64 Years","46.84845763739","91.9%","80.4%"
"2022 Feb 08 12:00:00 AM","65+ Years","40.19446309518","95%","89.1%"
"2022 Feb 07 12:00:00 AM","<2 Years","34.7423886928","0%","0%"
"2022 Feb 07 12:00:00 AM","2 - 4 Years","66.32155418003","0%","0%"
"2022 Feb 07 12:00:00 AM","5 - 11 Years","57.21799474447","32.4%","24.3%"
"2022 Feb 07 12:00:00 AM","12 - 17 Years","54.67162740294","67.4%","57.5%"
"2022 Feb 07 12:00:00 AM","18 - 24 Years","61.92419483159","76.2%","62.3%"
"2022 Feb 07 12:00:00 AM","25 - 49 Years","63.90601243435","81%","68.8%"
"2022 Feb 07 12:00:00 AM","50 - 64 Years","50.78212255701","91.9%","80.3%"
"2022 Feb 07 12:00:00 AM","65+ Years","43.26390266316","95%","89.1%"
"2022 Feb 06 12:00:00 AM","<2 Years","37.76432753532","0%","0%"
"2022 Feb 06 12:00:00 AM","2 - 4 Years","73.00966591132","0%","0%"
"2022 Feb 06 12:00:00 AM","5 - 11 Years","63.89327680376","32.3%","24.2%"
"2022 Feb 06 12:00:00 AM","12 - 17 Years","60.89269645522","67.3%","57.4%"
"2022 Feb 06 12:00:00 AM","18 - 24 Years","66.48089959743","76.1%","62.2%"
"2022 Feb 06 12:00:00 AM","25 - 49 Years","68.73338555055","80.9%","68.7%"
"2022 Feb 06 12:00:00 AM","50 - 64 Years","54.43677355695","91.9%","80.3%"
"2022 Feb 06 12:00:00 AM","65+ Years","46.02203789958","95%","89.1%"
"2022 Feb 05 12:00:00 AM","<2 Years","39.9044547156","0%","0%"
"2022 Feb 05 12:00:00 AM","2 - 4 Years","77.3920222569","0%","0%"
"2022 Feb 05 12:00:00 AM","5 - 11 Years","67.67235425607","32.2%","24.1%"
"2022 Feb 05 12:00:00 AM","12 - 17 Years","64.4240982378","67.3%","57.4%"
"2022 Feb 05 12:00:00 AM","18 - 24 Years","69.97820241491","76.1%","62.2%"
"2022 Feb 05 12:00:00 AM","25 - 49 Years","72.25239160662","80.9%","68.7%"
"2022 Feb 05 12:00:00 AM","50 - 64 Years","57.28911764711","91.9%","80.3%"
"2022 Feb 05 12:00:00 AM","65+ Years","48.08489156016","95%","89.1%"
"2022 Feb 04 12:00:00 AM","<2 Years","41.61729955953","0%","0%"
"2022 Feb 04 12:00:00 AM","2 - 4 Years","81.00520134361","0%","0%"
"2022 Feb 04 12:00:00 AM","5 - 11 Years","71.124497566","32.1%","23.9%"
"2022 Feb 04 12:00:00 AM","12 - 17 Years","67.94179470944","67.2%","57.3%"
"2022 Feb 04 12:00:00 AM","18 - 24 Years","73.31997500435","76.1%","62.1%"
"2022 Feb 04 12:00:00 AM","25 - 49 Years","75.6084304988","80.9%","68.7%"
"2022 Feb 04 12:00:00 AM","50 - 64 Years","59.8667612956","91.8%","80.3%"
"2022 Feb 04 12:00:00 AM","65+ Years","50.07427951262","95%","89%"
"2022 Feb 03 12:00:00 AM","<2 Years","45.15816970329","0%","0%"
"2022 Feb 03 12:00:00 AM","2 - 4 Years","88.46071394287","0%","0%"
"2022 Feb 03 12:00:00 AM","5 - 11 Years","78.26281077626","32%","23.6%"
"2022 Feb 03 12:00:00 AM","12 - 17 Years","74.39356982902","67.2%","57.2%"
"2022 Feb 03 12:00:00 AM","18 - 24 Years","78.97437335524","76%","62.1%"
"2022 Feb 03 12:00:00 AM","25 - 49 Years","81.04150705938","80.8%","68.7%"
"2022 Feb 03 12:00:00 AM","50 - 64 Years","64.17093127373","91.8%","80.3%"
"2022 Feb 03 12:00:00 AM","65+ Years","53.41432658104","95%","89%"
"2022 Feb 02 12:00:00 AM","<2 Years","49.30962011318","0%","0%"
"2022 Feb 02 12:00:00 AM","2 - 4 Years","96.48467162952","0%","0%"
"2022 Feb 02 12:00:00 AM","5 - 11 Years","86.71589139784","31.9%","23.4%"
"2022 Feb 02 12:00:00 AM","12 - 17 Years","83.12899238206","67.1%","57.2%"
"2022 Feb 02 12:00:00 AM","18 - 24 Years","86.72819341637","75.9%","62%"
"2022 Feb 02 12:00:00 AM","25 - 49 Years","88.43468705712","80.8%","68.6%"
"2022 Feb 02 12:00:00 AM","50 - 64 Years","69.95575933495","91.8%","80.2%"
"2022 Feb 02 12:00:00 AM","65+ Years","57.58786589203","95%","89%"
"2022 Feb 01 12:00:00 AM","<2 Years","54.4630166393","0%","0%"
"2022 Feb 01 12:00:00 AM","2 - 4 Years","107.51428271574","0%","0%"
"2022 Feb 01 12:00:00 AM","5 - 11 Years","97.81156411963","31.8%","23.2%"
"2022 Feb 01 12:00:00 AM","12 - 17 Years","94.11151487274","67.1%","57.1%"
"2022 Feb 01 12:00:00 AM","18 - 24 Years","97.60018181815","75.9%","62%"
"2022 Feb 01 12:00:00 AM","25 - 49 Years","99.52505230717","80.7%","68.6%"
"2022 Feb 01 12:00:00 AM","50 - 64 Years","77.15858653555","91.8%","80.2%"
"2022 Feb 01 12:00:00 AM","65+ Years","61.84015621389","95%","89%"
"2022 Jan 31 12:00:00 AM","<2 Years","57.03042615592","0%","0%"
"2022 Jan 31 12:00:00 AM","2 - 4 Years","113.3941365884","0%","0%"
"2022 Jan 31 12:00:00 AM","5 - 11 Years","104.87605349129","31.7%","23%"
"2022 Jan 31 12:00:00 AM","12 - 17 Years","102.0097713499","67%","57%"
"2022 Jan 31 12:00:00 AM","18 - 24 Years","103.66680618374","75.8%","61.9%"
"2022 Jan 31 12:00:00 AM","25 - 49 Years","106.02469075287","80.7%","68.5%"
"2022 Jan 31 12:00:00 AM","50 - 64 Years","81.68614926955","91.7%","80.2%"
"2022 Jan 31 12:00:00 AM","65+ Years","64.18524504095","95%","89%"
"2022 Jan 30 12:00:00 AM","<2 Years","61.72062385946","0%","0%"
"2022 Jan 30 12:00:00 AM","2 - 4 Years","123.00263495615","0%","0%"
"2022 Jan 30 12:00:00 AM","5 - 11 Years","115.44642189213","31.6%","22.9%"
"2022 Jan 30 12:00:00 AM","12 - 17 Years","113.07623887002","66.9%","57%"
"2022 Jan 30 12:00:00 AM","18 - 24 Years","114.19936995414","75.7%","61.9%"
"2022 Jan 30 12:00:00 AM","25 - 49 Years","117.3614909269","80.6%","68.5%"
"2022 Jan 30 12:00:00 AM","50 - 64 Years","90.02818871501","91.7%","80.2%"
"2022 Jan 30 12:00:00 AM","65+ Years","69.16267889914","95%","89%"
"2022 Jan 29 12:00:00 AM","<2 Years","63.80873405966","0%","0%"
"2022 Jan 29 12:00:00 AM","2 - 4 Years","127.35656904735","0%","0%"
"2022 Jan 29 12:00:00 AM","5 - 11 Years","119.6950591342","31.5%","22.8%"
"2022 Jan 29 12:00:00 AM","12 - 17 Years","118.28425702285","66.9%","56.9%"
"2022 Jan 29 12:00:00 AM","18 - 24 Years","118.75891113751","75.7%","61.9%"
"2022 Jan 29 12:00:00 AM","25 - 49 Years","122.40527173801","80.6%","68.5%"
"2022 Jan 29 12:00:00 AM","50 - 64 Years","93.36863689573","91.7%","80.2%"
"2022 Jan 29 12:00:00 AM","65+ Years","70.99218644362","95%","89%"
"2022 Jan 28 12:00:00 AM","<2 Years","67.0201633296","0%","0%"
"2022 Jan 28 12:00:00 AM","2 - 4 Years","133.94875567015","0%","0%"
"2022 Jan 28 12:00:00 AM","5 - 11 Years","125.83549501586","31.4%","22.6%"
"2022 Jan 28 12:00:00 AM","12 - 17 Years","125.50981115526","66.9%","56.9%"
"2022 Jan 28 12:00:00 AM","18 - 24 Years","125.03826681803","75.7%","61.8%"
"2022 Jan 28 12:00:00 AM","25 - 49 Years","129.26126857619","80.6%","68.4%"
"2022 Jan 28 12:00:00 AM","50 - 64 Years","97.81333544691","91.7%","80.1%"
"2022 Jan 28 12:00:00 AM","65+ Years","73.54895164553","95%","89%"
"2022 Jan 27 12:00:00 AM","<2 Years","71.08615727222","0%","0%"
"2022 Jan 27 12:00:00 AM","2 - 4 Years","142.39371799965","0%","0%"
"2022 Jan 27 12:00:00 AM","5 - 11 Years","134.82191520612","31.2%","22.3%"
"2022 Jan 27 12:00:00 AM","12 - 17 Years","137.28438640669","66.8%","56.8%"
"2022 Jan 27 12:00:00 AM","18 - 24 Years","134.37717154354","75.6%","61.8%"
"2022 Jan 27 12:00:00 AM","25 - 49 Years","138.72275585855","80.5%","68.4%"
"2022 Jan 27 12:00:00 AM","50 - 64 Years","104.20931523455","91.6%","80.1%"
"2022 Jan 27 12:00:00 AM","65+ Years","77.3054805701","95%","89%"
"2022 Jan 26 12:00:00 AM","<2 Years","76.11570384578","0%","0%"
"2022 Jan 26 12:00:00 AM","2 - 4 Years","153.67380020249","0%","0%"
"2022 Jan 26 12:00:00 AM","5 - 11 Years","147.18414385279","31%","22%"
"2022 Jan 26 12:00:00 AM","12 - 17 Years","152.90273031894","66.7%","56.7%"
"2022 Jan 26 12:00:00 AM","18 - 24 Years","147.40058264365","75.5%","61.7%"
"2022 Jan 26 12:00:00 AM","25 - 49 Years","151.92428664087","80.4%","68.4%"
"2022 Jan 26 12:00:00 AM","50 - 64 Years","112.4308043209","91.6%","80.1%"
"2022 Jan 26 12:00:00 AM","65+ Years","81.84978386851","95%","88.9%"
"2022 Jan 25 12:00:00 AM","<2 Years","79.73336096013","0%","0%"
"2022 Jan 25 12:00:00 AM","2 - 4 Years","161.63025503502","0%","0%"
"2022 Jan 25 12:00:00 AM","5 - 11 Years","158.65094457953","30.9%","21.8%"
"2022 Jan 25 12:00:00 AM","12 - 17 Years","167.73301885279","66.6%","56.6%"
"2022 Jan 25 12:00:00 AM","18 - 24 Years","155.98925493183","75.4%","61.6%"
"2022 Jan 25 12:00:00 AM","25 - 49 Years","160.0371941863","80.4%","68.3%"
"2022 Jan 25 12:00:00 AM","50 - 64 Years","118.53891620768","91.5%","80%"
"2022 Jan 25 12:00:00 AM","65+ Years","85.20647964057","95%","88.9%"
"2022 Jan 24 12:00:00 AM","<2 Years","85.3289018169","0%","0%"
"2022 Jan 24 12:00:00 AM","2 - 4 Years","176.04389078209","0%","0%"
"2022 Jan 24 12:00:00 AM","5 - 11 Years","176.4038200532","30.7%","21.6%"
"2022 Jan 24 12:00:00 AM","12 - 17 Years","187.60058020749","66.5%","56.5%"
"2022 Jan 24 12:00:00 AM","18 - 24 Years","171.86137470701","75.3%","61.6%"
"2022 Jan 24 12:00:00 AM","25 - 49 Years","175.74937169809","80.3%","68.3%"
"2022 Jan 24 12:00:00 AM","50 - 64 Years","129.19888252042","91.5%","80%"
"2022 Jan 24 12:00:00 AM","65+ Years","90.22672445099","95%","88.9%"
"2022 Jan 23 12:00:00 AM","<2 Years","86.47079837952","0%","0%"
"2022 Jan 23 12:00:00 AM","2 - 4 Years","178.48998104875","0%","0%"
"2022 Jan 23 12:00:00 AM","5 - 11 Years","175.81523815631","30.6%","21.4%"
"2022 Jan 23 12:00:00 AM","12 - 17 Years","190.29938435115","66.5%","56.5%"
"2022 Jan 23 12:00:00 AM","18 - 24 Years","175.43573353412","75.2%","61.5%"
"2022 Jan 23 12:00:00 AM","25 - 49 Years","178.71664395497","80.3%","68.2%"
"2022 Jan 23 12:00:00 AM","50 - 64 Years","130.2102796011","91.4%","80%"
"2022 Jan 23 12:00:00 AM","65+ Years","90.65034146584","95%","88.9%"
"2022 Jan 22 12:00:00 AM","<2 Years","88.6542730432","0%","0%"
"2022 Jan 22 12:00:00 AM","2 - 4 Years","182.38738267915","0%","0%"
"2022 Jan 22 12:00:00 AM","5 - 11 Years","179.64503810997","30.5%","21.3%"
"2022 Jan 22 12:00:00 AM","12 - 17 Years","196.37197920171","66.4%","56.4%"
"2022 Jan 22 12:00:00 AM","18 - 24 Years","181.13456909301","75.1%","61.5%"
"2022 Jan 22 12:00:00 AM","25 - 49 Years","183.59745760219","80.2%","68.2%"
"2022 Jan 22 12:00:00 AM","50 - 64 Years","133.348902416","91.4%","80%"
"2022 Jan 22 12:00:00 AM","65+ Years","92.32446110967","95%","88.9%"
"2022 Jan 21 12:00:00 AM","<2 Years","90.64330328135","0%","0%"
"2022 Jan 21 12:00:00 AM","2 - 4 Years","186.56190128965","0%","0%"
"2022 Jan 21 12:00:00 AM","5 - 11 Years","183.70735804509","30.3%","21.2%"
"2022 Jan 21 12:00:00 AM","12 - 17 Years","202.47255572875","66.3%","56.4%"
"2022 Jan 21 12:00:00 AM","18 - 24 Years","186.10160892854","75.1%","61.5%"
"2022 Jan 21 12:00:00 AM","25 - 49 Years","187.72296077389","80.2%","68.2%"
"2022 Jan 21 12:00:00 AM","50 - 64 Years","136.11588504659","91.4%","80%"
"2022 Jan 21 12:00:00 AM","65+ Years","93.51418275712","95%","88.9%"
"2022 Jan 20 12:00:00 AM","<2 Years","93.39896472586","0%","0%"
"2022 Jan 20 12:00:00 AM","2 - 4 Years","193.4773910559","0%","0%"
"2022 Jan 20 12:00:00 AM","5 - 11 Years","191.76872033939","30.1%","21%"
"2022 Jan 20 12:00:00 AM","12 - 17 Years","214.90327274088","66.2%","56.3%"
"2022 Jan 20 12:00:00 AM","18 - 24 Years","194.66144430513","75%","61.4%"
"2022 Jan 20 12:00:00 AM","25 - 49 Years","194.47273794275","80.1%","68.1%"
"2022 Jan 20 12:00:00 AM","50 - 64 Years","140.94788851801","91.3%","79.9%"
"2022 Jan 20 12:00:00 AM","65+ Years","95.52524045082","95%","88.9%"
"2022 Jan 19 12:00:00 AM","<2 Years","94.82447767985","0%","0%"
"2022 Jan 19 12:00:00 AM","2 - 4 Years","196.12954266674","0%","0%"
"2022 Jan 19 12:00:00 AM","5 - 11 Years","195.48100479487","29.9%","20.7%"
"2022 Jan 19 12:00:00 AM","12 - 17 Years","222.22190877669","66.1%","56.2%"
"2022 Jan 19 12:00:00 AM","18 - 24 Years","200.11020238491","74.9%","61.4%"
"2022 Jan 19 12:00:00 AM","25 - 49 Years","197.94954714388","80%","68.1%"
"2022 Jan 19 12:00:00 AM","50 - 64 Years","143.68127142516","91.3%","79.9%"
"2022 Jan 19 12:00:00 AM","65+ Years","96.37987390436","95%","88.9%"
"2022 Jan 18 12:00:00 AM","<2 Years","97.73495156507","0%","0%"
"2022 Jan 18 12:00:00 AM","2 - 4 Years","201.40009446136","0%","0%"
"2022 Jan 18 12:00:00 AM","5 - 11 Years","201.42307049797","29.7%","20.5%"
"2022 Jan 18 12:00:00 AM","12 - 17 Years","231.16519521214","66%","56.2%"
"2022 Jan 18 12:00:00 AM","18 - 24 Years","213.62951381695","74.7%","61.3%"
"2022 Jan 18 12:00:00 AM","25 - 49 Years","209.48211956025","80%","68.1%"
"2022 Jan 18 12:00:00 AM","50 - 64 Years","151.73680512071","91.2%","79.9%"
"2022 Jan 18 12:00:00 AM","65+ Years","98.85630250458","95%","88.8%"
"2022 Jan 17 12:00:00 AM","<2 Years","99.79581477571","0%","0%"
"2022 Jan 17 12:00:00 AM","2 - 4 Years","202.70218898966","0%","0%"
"2022 Jan 17 12:00:00 AM","5 - 11 Years","202.79659565838","29.5%","20.2%"
"2022 Jan 17 12:00:00 AM","12 - 17 Years","236.94883642396","65.9%","56.1%"
"2022 Jan 17 12:00:00 AM","18 - 24 Years","221.65941185124","74.6%","61.3%"
"2022 Jan 17 12:00:00 AM","25 - 49 Years","214.67352322437","79.9%","68%"
"2022 Jan 17 12:00:00 AM","50 - 64 Years","154.79279077795","91.2%","79.9%"
"2022 Jan 17 12:00:00 AM","65+ Years","100.54786364747","95%","88.8%"
"2022 Jan 16 12:00:00 AM","<2 Years","104.03396015239","0%","0%"
"2022 Jan 16 12:00:00 AM","2 - 4 Years","213.01591454394","0%","0%"
"2022 Jan 16 12:00:00 AM","5 - 11 Years","218.10424480443","29.3%","20%"
"2022 Jan 16 12:00:00 AM","12 - 17 Years","258.63006725819","65.8%","56%"
"2022 Jan 16 12:00:00 AM","18 - 24 Years","239.52931504176","74.5%","61.2%"
"2022 Jan 16 12:00:00 AM","25 - 49 Years","228.77031517976","79.8%","68%"
"2022 Jan 16 12:00:00 AM","50 - 64 Years","164.63138006759","91.1%","79.8%"
"2022 Jan 16 12:00:00 AM","65+ Years","104.75734301711","95%","88.8%"
"2022 Jan 15 12:00:00 AM","<2 Years","105.92143342944","0%","0%"
"2022 Jan 15 12:00:00 AM","2 - 4 Years","216.65929227592","0%","0%"
"2022 Jan 15 12:00:00 AM","5 - 11 Years","221.95162186253","29.2%","20%"
"2022 Jan 15 12:00:00 AM","12 - 17 Years","264.60386965914","65.8%","56%"
"2022 Jan 15 12:00:00 AM","18 - 24 Years","249.73049069711","74.5%","61.2%"
"2022 Jan 15 12:00:00 AM","25 - 49 Years","236.29471549129","79.8%","68%"
"2022 Jan 15 12:00:00 AM","50 - 64 Years","169.13306193353","91.1%","79.8%"
"2022 Jan 15 12:00:00 AM","65+ Years","106.77659293006","95%","88.8%"
"2022 Jan 14 12:00:00 AM","<2 Years","106.73512761778","0%","0%"
"2022 Jan 14 12:00:00 AM","2 - 4 Years","217.4160347985","0%","0%"
"2022 Jan 14 12:00:00 AM","5 - 11 Years","223.11823939365","29%","19.9%"
"2022 Jan 14 12:00:00 AM","12 - 17 Years","267.50939557597","65.7%","55.9%"
"2022 Jan 14 12:00:00 AM","18 - 24 Years","256.86880815371","74.4%","61.2%"
"2022 Jan 14 12:00:00 AM","25 - 49 Years","240.60514406488","79.7%","67.9%"
"2022 Jan 14 12:00:00 AM","50 - 64 Years","171.94249826875","91.1%","79.8%"
"2022 Jan 14 12:00:00 AM","65+ Years","107.68619353213","95%","88.8%"
"2022 Jan 13 12:00:00 AM","<2 Years","106.19266482555","0%","0%"
"2022 Jan 13 12:00:00 AM","2 - 4 Years","213.60922910391","0%","0%"
"2022 Jan 13 12:00:00 AM","5 - 11 Years","221.10641424097","28.7%","19.7%"
"2022 Jan 13 12:00:00 AM","12 - 17 Years","264.35089246158","65.5%","55.9%"
"2022 Jan 13 12:00:00 AM","18 - 24 Years","264.46047967924","74.3%","61.1%"
"2022 Jan 13 12:00:00 AM","25 - 49 Years","244.08949314291","79.6%","67.9%"
"2022 Jan 13 12:00:00 AM","50 - 64 Years","173.10100765207","91%","79.8%"
"2022 Jan 13 12:00:00 AM","65+ Years","107.58656557542","95%","88.8%"
"2022 Jan 12 12:00:00 AM","<2 Years","106.39577874776","0%","0%"
"2022 Jan 12 12:00:00 AM","2 - 4 Years","211.15070410095","0%","0%"
"2022 Jan 12 12:00:00 AM","5 - 11 Years","219.86446626228","28.4%","19.4%"
"2022 Jan 12 12:00:00 AM","12 - 17 Years","263.03860894018","65.4%","55.8%"
"2022 Jan 12 12:00:00 AM","18 - 24 Years","275.96924381704","74.1%","61.1%"
"2022 Jan 12 12:00:00 AM","25 - 49 Years","250.74019368372","79.5%","67.9%"
"2022 Jan 12 12:00:00 AM","50 - 64 Years","176.54656848113","90.9%","79.7%"
"2022 Jan 12 12:00:00 AM","65+ Years","108.51281488113","95%","88.8%"
"2022 Jan 11 12:00:00 AM","<2 Years","104.80430685733","0%","0%"
"2022 Jan 11 12:00:00 AM","2 - 4 Years","204.19435734405","0%","0%"
"2022 Jan 11 12:00:00 AM","5 - 11 Years","212.48610002582","28.1%","19.2%"
"2022 Jan 11 12:00:00 AM","12 - 17 Years","257.36518127041","65.2%","55.7%"
"2022 Jan 11 12:00:00 AM","18 - 24 Years","282.25285412387","74%","61%"
"2022 Jan 11 12:00:00 AM","25 - 49 Years","250.90210261928","79.4%","67.8%"
"2022 Jan 11 12:00:00 AM","50 - 64 Years","174.35577570256","90.9%","79.7%"
"2022 Jan 11 12:00:00 AM","65+ Years","107.35136960336","95%","88.7%"
"2022 Jan 10 12:00:00 AM","<2 Years","103.76644425486","0%","0%"
"2022 Jan 10 12:00:00 AM","2 - 4 Years","197.87218213776","0%","0%"
"2022 Jan 10 12:00:00 AM","5 - 11 Years","205.10823599233","27.8%","18.9%"
"2022 Jan 10 12:00:00 AM","12 - 17 Years","251.54385045354","65.1%","55.6%"
"2022 Jan 10 12:00:00 AM","18 - 24 Years","291.28258933834","73.8%","60.9%"
"2022 Jan 10 12:00:00 AM","25 - 49 Years","255.78172575962","79.3%","67.8%"
"2022 Jan 10 12:00:00 AM","50 - 64 Years","175.685008005","90.8%","79.7%"
"2022 Jan 10 12:00:00 AM","65+ Years","107.11802348726","95%","88.7%"
"2022 Jan 09 12:00:00 AM","<2 Years","104.58509244129","0%","0%"
"2022 Jan 09 12:00:00 AM","2 - 4 Years","194.39223236841","0%","0%"
"2022 Jan 09 12:00:00 AM","5 - 11 Years","199.11544778788","27.6%","18.7%"
"2022 Jan 09 12:00:00 AM","12 - 17 Years","244.12527985888","65%","55.6%"
"2022 Jan 09 12:00:00 AM","18 - 24 Years","300.71840499619","73.6%","60.9%"
"2022 Jan 09 12:00:00 AM","25 - 49 Years","263.71169208129","79.2%","67.7%"
"2022 Jan 09 12:00:00 AM","50 - 64 Years","179.55533290542","90.7%","79.6%"
"2022 Jan 09 12:00:00 AM","65+ Years","107.58630131028","95%","88.7%"
"2022 Jan 08 12:00:00 AM","<2 Years","104.12313211824","0%","0%"
"2022 Jan 08 12:00:00 AM","2 - 4 Years","190.68668095501","0%","0%"
"2022 Jan 08 12:00:00 AM","5 - 11 Years","195.35746286088","27.5%","18.6%"
"2022 Jan 08 12:00:00 AM","12 - 17 Years","239.94972846267","64.9%","55.5%"
"2022 Jan 08 12:00:00 AM","18 - 24 Years","300.60967565745","73.6%","60.8%"
"2022 Jan 08 12:00:00 AM","25 - 49 Years","264.27043664321","79.2%","67.7%"
"2022 Jan 08 12:00:00 AM","50 - 64 Years","179.86998977497","90.7%","79.6%"
"2022 Jan 08 12:00:00 AM","65+ Years","107.24302089713","95%","88.7%"
"2022 Jan 07 12:00:00 AM","<2 Years","102.00777492847","0%","0%"
"2022 Jan 07 12:00:00 AM","2 - 4 Years","182.04098645402","0%","0%"
"2022 Jan 07 12:00:00 AM","5 - 11 Years","186.30826729766","27.2%","18.3%"
"2022 Jan 07 12:00:00 AM","12 - 17 Years","229.66731893858","64.8%","55.4%"
"2022 Jan 07 12:00:00 AM","18 - 24 Years","294.31613788926","73.5%","60.8%"
"2022 Jan 07 12:00:00 AM","25 - 49 Years","259.10906020816","79.1%","67.7%"
"2022 Jan 07 12:00:00 AM","50 - 64 Years","175.81055291759","90.6%","79.6%"
"2022 Jan 07 12:00:00 AM","65+ Years","105.4679519709","95%","88.7%"
"2022 Jan 06 12:00:00 AM","<2 Years","98.22911287579","0%","0%"
"2022 Jan 06 12:00:00 AM","2 - 4 Years","171.12328799439","0%","0%"
"2022 Jan 06 12:00:00 AM","5 - 11 Years","170.22622115075","26.9%","17.9%"
"2022 Jan 06 12:00:00 AM","12 - 17 Years","212.21531863503","64.7%","55.4%"
"2022 Jan 06 12:00:00 AM","18 - 24 Years","281.85102830678","73.3%","60.7%"
"2022 Jan 06 12:00:00 AM","25 - 49 Years","250.45923406026","79%","67.6%"
"2022 Jan 06 12:00:00 AM","50 - 64 Years","169.555101703","90.5%","79.5%"
"2022 Jan 06 12:00:00 AM","65+ Years","101.43526597801","95%","88.7%"
"2022 Jan 05 12:00:00 AM","<2 Years","95.95151224817","0%","0%"
"2022 Jan 05 12:00:00 AM","2 - 4 Years","163.95377432972","0%","0%"
"2022 Jan 05 12:00:00 AM","5 - 11 Years","155.97721589433","26.6%","17.6%"
"2022 Jan 05 12:00:00 AM","12 - 17 Years","195.90028808392","64.6%","55.3%"
"2022 Jan 05 12:00:00 AM","18 - 24 Years","271.36857457945","73.2%","60.7%"
"2022 Jan 05 12:00:00 AM","25 - 49 Years","244.30087425322","78.8%","67.5%"
"2022 Jan 05 12:00:00 AM","50 - 64 Years","165.0259497929","90.4%","79.5%"
"2022 Jan 05 12:00:00 AM","65+ Years","98.82353362757","95%","88.6%"
"2022 Jan 04 12:00:00 AM","<2 Years","93.19461230413","0%","0%"
"2022 Jan 04 12:00:00 AM","2 - 4 Years","155.76638868044","0%","0%"
"2022 Jan 04 12:00:00 AM","5 - 11 Years","141.70109167679","26.3%","17.3%"
"2022 Jan 04 12:00:00 AM","12 - 17 Years","178.60818307454","64.5%","55.2%"
"2022 Jan 04 12:00:00 AM","18 - 24 Years","258.34279979806","73%","60.6%"
"2022 Jan 04 12:00:00 AM","25 - 49 Years","236.93825059871","78.7%","67.5%"
"2022 Jan 04 12:00:00 AM","50 - 64 Years","159.89540823818","90.4%","79.5%"
"2022 Jan 04 12:00:00 AM","65+ Years","95.94119377669","95%","88.6%"
"2022 Jan 03 12:00:00 AM","<2 Years","89.63640316702","0%","0%"
"2022 Jan 03 12:00:00 AM","2 - 4 Years","146.38349195675","0%","0%"
"2022 Jan 03 12:00:00 AM","5 - 11 Years","126.9061917771","26%","17.1%"
"2022 Jan 03 12:00:00 AM","12 - 17 Years","159.9895181782","64.4%","55.1%"
"2022 Jan 03 12:00:00 AM","18 - 24 Years","243.10887396767","72.8%","60.5%"
"2022 Jan 03 12:00:00 AM","25 - 49 Years","226.4685362683","78.6%","67.4%"
"2022 Jan 03 12:00:00 AM","50 - 64 Years","152.39290782849","90.3%","79.4%"
"2022 Jan 03 12:00:00 AM","65+ Years","90.94182591211","95%","88.6%"
"2022 Jan 02 12:00:00 AM","<2 Years","82.14967353462","0%","0%"
"2022 Jan 02 12:00:00 AM","2 - 4 Years","130.53453236403","0%","0%"
"2022 Jan 02 12:00:00 AM","5 - 11 Years","108.304091058","25.7%","16.8%"
"2022 Jan 02 12:00:00 AM","12 - 17 Years","138.72287299956","64.3%","55.1%"
"2022 Jan 02 12:00:00 AM","18 - 24 Years","222.23567734658","72.7%","60.5%"
"2022 Jan 02 12:00:00 AM","25 - 49 Years","208.37574183394","78.5%","67.4%"
"2022 Jan 02 12:00:00 AM","50 - 64 Years","138.99456405512","90.2%","79.4%"
"2022 Jan 02 12:00:00 AM","65+ Years","83.28632915405","95%","88.6%"
"2022 Jan 01 12:00:00 AM","<2 Years","78.1319810735","0%","0%"
"2022 Jan 01 12:00:00 AM","2 - 4 Years","123.0452683377","0%","0%"
"2022 Jan 01 12:00:00 AM","5 - 11 Years","101.85228932645","25.6%","16.7%"
"2022 Jan 01 12:00:00 AM","12 - 17 Years","131.0113513838","64.2%","55%"
"2022 Jan 01 12:00:00 AM","18 - 24 Years","213.28394361425","72.6%","60.4%"
"2022 Jan 01 12:00:00 AM","25 - 49 Years","199.67194604085","78.5%","67.4%"
"2022 Jan 01 12:00:00 AM","50 - 64 Years","132.38427251795","90.2%","79.4%"
"2022 Jan 01 12:00:00 AM","65+ Years","79.12336044855","95%","88.6%"
"2021 Dec 31 12:00:00 AM","<2 Years","73.54953282869","0%","0%"
"2021 Dec 31 12:00:00 AM","2 - 4 Years","116.57387629597","0%","0%"
"2021 Dec 31 12:00:00 AM","5 - 11 Years","96.99247105322","25.6%","16.7%"
"2021 Dec 31 12:00:00 AM","12 - 17 Years","124.66293715081","64.2%","55%"
"2021 Dec 31 12:00:00 AM","18 - 24 Years","203.48412103973","72.6%","60.4%"
"2021 Dec 31 12:00:00 AM","25 - 49 Years","190.74010204115","78.5%","67.4%"
"2021 Dec 31 12:00:00 AM","50 - 64 Years","125.88567735871","90.1%","79.4%"
"2021 Dec 31 12:00:00 AM","65+ Years","74.64380210874","95%","88.6%"
"2021 Dec 30 12:00:00 AM","<2 Years","67.22451575133","0%","0%"
"2021 Dec 30 12:00:00 AM","2 - 4 Years","107.44145068892","0%","0%"
"2021 Dec 30 12:00:00 AM","5 - 11 Years","89.75773487009","25.4%","16.6%"
"2021 Dec 30 12:00:00 AM","12 - 17 Years","116.41405313573","64.2%","55%"
"2021 Dec 30 12:00:00 AM","18 - 24 Years","190.66445926569","72.6%","60.4%"
"2021 Dec 30 12:00:00 AM","25 - 49 Years","178.24176398875","78.4%","67.3%"
"2021 Dec 30 12:00:00 AM","50 - 64 Years","116.32542091327","90.1%","79.4%"
"2021 Dec 30 12:00:00 AM","65+ Years","68.53108522136","95%","88.6%"
"2021 Dec 29 12:00:00 AM","<2 Years","59.15569134189","0%","0%"
"2021 Dec 29 12:00:00 AM","2 - 4 Years","95.72259993425","0%","0%"
"2021 Dec 29 12:00:00 AM","5 - 11 Years","81.37094504236","25.1%","16.3%"
"2021 Dec 29 12:00:00 AM","12 - 17 Years","107.2897423851","64%","54.9%"
"2021 Dec 29 12:00:00 AM","18 - 24 Years","174.73088377731","72.4%","60.3%"
"2021 Dec 29 12:00:00 AM","25 - 49 Years","163.05433545356","78.3%","67.3%"
"2021 Dec 29 12:00:00 AM","50 - 64 Years","104.26130399582","90%","79.3%"
"2021 Dec 29 12:00:00 AM","65+ Years","60.41497432924","95%","88.5%"
"2021 Dec 28 12:00:00 AM","<2 Years","50.86641401689","0%","0%"
"2021 Dec 28 12:00:00 AM","2 - 4 Years","84.51534975822","0%","0%"
"2021 Dec 28 12:00:00 AM","5 - 11 Years","73.10870155459","24.7%","16%"
"2021 Dec 28 12:00:00 AM","12 - 17 Years","97.59037963009","63.9%","54.9%"
"2021 Dec 28 12:00:00 AM","18 - 24 Years","156.53384709805","72.2%","60.3%"
"2021 Dec 28 12:00:00 AM","25 - 49 Years","146.09860736728","78.2%","67.2%"
"2021 Dec 28 12:00:00 AM","50 - 64 Years","91.46457689221","89.9%","79.3%"
"2021 Dec 28 12:00:00 AM","65+ Years","52.43126027085","95%","88.5%"
"2021 Dec 27 12:00:00 AM","<2 Years","42.71461013924","0%","0%"
"2021 Dec 27 12:00:00 AM","2 - 4 Years","73.45021085405","0%","0%"
"2021 Dec 27 12:00:00 AM","5 - 11 Years","65.00414980369","24.3%","15.6%"
"2021 Dec 27 12:00:00 AM","12 - 17 Years","88.14799145499","63.8%","54.8%"
"2021 Dec 27 12:00:00 AM","18 - 24 Years","137.54686813602","72%","60.2%"
"2021 Dec 27 12:00:00 AM","25 - 49 Years","128.71284174056","78.1%","67.2%"
"2021 Dec 27 12:00:00 AM","50 - 64 Years","79.0690032435","89.8%","79.2%"
"2021 Dec 27 12:00:00 AM","65+ Years","45.35159724663","95%","88.5%"
"2021 Dec 26 12:00:00 AM","<2 Years","36.36234607231","0%","0%"
"2021 Dec 26 12:00:00 AM","2 - 4 Years","64.24140043837","0%","0%"
"2021 Dec 26 12:00:00 AM","5 - 11 Years","58.93552894871","24%","15.3%"
"2021 Dec 26 12:00:00 AM","12 - 17 Years","79.49537182214","63.7%","54.7%"
"2021 Dec 26 12:00:00 AM","18 - 24 Years","120.39552405371","71.9%","60.1%"
"2021 Dec 26 12:00:00 AM","25 - 49 Years","113.32368842862","77.9%","67.1%"
"2021 Dec 26 12:00:00 AM","50 - 64 Years","68.16135248295","89.7%","79.2%"
"2021 Dec 26 12:00:00 AM","65+ Years","39.26742099406","95%","88.5%"
"2021 Dec 25 12:00:00 AM","<2 Years","32.9589493759","0%","0%"
"2021 Dec 25 12:00:00 AM","2 - 4 Years","59.72936755723","0%","0%"
"2021 Dec 25 12:00:00 AM","5 - 11 Years","54.47496204752","23.9%","15.2%"
"2021 Dec 25 12:00:00 AM","12 - 17 Years","73.53013524052","63.7%","54.7%"
"2021 Dec 25 12:00:00 AM","18 - 24 Years","110.76021369608","71.8%","60.1%"
"2021 Dec 25 12:00:00 AM","25 - 49 Years","105.092391588","77.9%","67.1%"
"2021 Dec 25 12:00:00 AM","50 - 64 Years","62.48935592545","89.6%","79.2%"
"2021 Dec 25 12:00:00 AM","65+ Years","36.04417911626","95%","88.4%"
"2021 Dec 24 12:00:00 AM","<2 Years","31.18665655473","0%","0%"
"2021 Dec 24 12:00:00 AM","2 - 4 Years","58.50721061935","0%","0%"
"2021 Dec 24 12:00:00 AM","5 - 11 Years","53.57049447388","23.9%","15.2%"
"2021 Dec 24 12:00:00 AM","12 - 17 Years","72.39659181582","63.7%","54.7%"
"2021 Dec 24 12:00:00 AM","18 - 24 Years","108.65559188702","71.8%","60.1%"
"2021 Dec 24 12:00:00 AM","25 - 49 Years","103.52396491406","77.9%","67.1%"
"2021 Dec 24 12:00:00 AM","50 - 64 Years","61.19485847224","89.6%","79.2%"
"2021 Dec 24 12:00:00 AM","65+ Years","34.69721971221","95%","88.4%"
"2021 Dec 23 12:00:00 AM","<2 Years","29.54316768423","0%","0%"
"2021 Dec 23 12:00:00 AM","2 - 4 Years","56.82141565707","0%","0%"
"2021 Dec 23 12:00:00 AM","5 - 11 Years","53.3726264983","23.9%","15.1%"
"2021 Dec 23 12:00:00 AM","12 - 17 Years","70.1763314454","63.6%","54.7%"
"2021 Dec 23 12:00:00 AM","18 - 24 Years","103.79160855517","71.8%","60.1%"
"2021 Dec 23 12:00:00 AM","25 - 49 Years","99.81037712253","77.9%","67.1%"
"2021 Dec 23 12:00:00 AM","50 - 64 Years","58.88850988804","89.6%","79.2%"
"2021 Dec 23 12:00:00 AM","65+ Years","33.33466866507","95%","88.4%"
"2021 Dec 22 12:00:00 AM","<2 Years","26.76769024731","0%","0%"
"2021 Dec 22 12:00:00 AM","2 - 4 Years","52.31471194862","0%","0%"
"2021 Dec 22 12:00:00 AM","5 - 11 Years","50.14496792209","23.7%","14.9%"
"2021 Dec 22 12:00:00 AM","12 - 17 Years","64.03178371247","63.5%","54.6%"
"2021 Dec 22 12:00:00 AM","18 - 24 Years","92.72201639863","71.6%","60%"
"2021 Dec 22 12:00:00 AM","25 - 49 Years","90.0619776823","77.7%","67%"
"2021 Dec 22 12:00:00 AM","50 - 64 Years","53.21265390285","89.5%","79.1%"
"2021 Dec 22 12:00:00 AM","65+ Years","30.58551844331","95%","88.4%"
"2021 Dec 21 12:00:00 AM","<2 Years","24.31422268704","0%","0%"
"2021 Dec 21 12:00:00 AM","2 - 4 Years","48.22901288303","0%","0%"
"2021 Dec 21 12:00:00 AM","5 - 11 Years","47.13878086168","23.3%","14.6%"
"2021 Dec 21 12:00:00 AM","12 - 17 Years","58.16705274432","63.4%","54.5%"
"2021 Dec 21 12:00:00 AM","18 - 24 Years","81.77675387727","71.4%","60%"
"2021 Dec 21 12:00:00 AM","25 - 49 Years","79.8959748846","77.6%","67%"
"2021 Dec 21 12:00:00 AM","50 - 64 Years","47.81081728385","89.4%","79.1%"
"2021 Dec 21 12:00:00 AM","65+ Years","28.11516794125","95%","88.4%"
"2021 Dec 20 12:00:00 AM","<2 Years","22.00813657033","0%","0%"
"2021 Dec 20 12:00:00 AM","2 - 4 Years","44.65846717787","0%","0%"
"2021 Dec 20 12:00:00 AM","5 - 11 Years","44.37716665433","23%","14.3%"
"2021 Dec 20 12:00:00 AM","12 - 17 Years","52.73289696118","63.3%","54.5%"
"2021 Dec 20 12:00:00 AM","18 - 24 Years","72.28893723132","71.2%","59.9%"
"2021 Dec 20 12:00:00 AM","25 - 49 Years","70.74970736812","77.5%","66.9%"
"2021 Dec 20 12:00:00 AM","50 - 64 Years","43.08801291363","89.3%","79%"
"2021 Dec 20 12:00:00 AM","65+ Years","25.84565894341","95%","88.4%"
"2021 Dec 19 12:00:00 AM","<2 Years","20.04635332175","0%","0%"
"2021 Dec 19 12:00:00 AM","2 - 4 Years","41.59064009688","0%","0%"
"2021 Dec 19 12:00:00 AM","5 - 11 Years","41.90883898946","22.6%","14%"
"2021 Dec 19 12:00:00 AM","12 - 17 Years","48.17188369511","63.2%","54.4%"
"2021 Dec 19 12:00:00 AM","18 - 24 Years","63.91772362063","71%","59.8%"
"2021 Dec 19 12:00:00 AM","25 - 49 Years","62.77331127816","77.3%","66.9%"
"2021 Dec 19 12:00:00 AM","50 - 64 Years","38.95910635778","89.2%","79%"
"2021 Dec 19 12:00:00 AM","65+ Years","23.72466695266","95%","88.3%"
"2021 Dec 18 12:00:00 AM","<2 Years","18.923034252","0%","0%"
"2021 Dec 18 12:00:00 AM","2 - 4 Years","40.13577595135","0%","0%"
"2021 Dec 18 12:00:00 AM","5 - 11 Years","40.84567527298","22.5%","13.9%"
"2021 Dec 18 12:00:00 AM","12 - 17 Years","45.94591277848","63.2%","54.4%"
"2021 Dec 18 12:00:00 AM","18 - 24 Years","59.57895026853","70.9%","59.8%"
"2021 Dec 18 12:00:00 AM","25 - 49 Years","59.04596651825","77.3%","66.8%"
"2021 Dec 18 12:00:00 AM","50 - 64 Years","37.04028971897","89.1%","79%"
"2021 Dec 18 12:00:00 AM","65+ Years","22.74239343788","95%","88.3%"
"2021 Dec 17 12:00:00 AM","<2 Years","17.95576612249","0%","0%"
"2021 Dec 17 12:00:00 AM","2 - 4 Years","38.81947029587","0%","0%"
"2021 Dec 17 12:00:00 AM","5 - 11 Years","39.77045868489","22.2%","13.6%"
"2021 Dec 17 12:00:00 AM","12 - 17 Years","43.52635434498","63.1%","54.3%"
"2021 Dec 17 12:00:00 AM","18 - 24 Years","55.23024945507","70.8%","59.7%"
"2021 Dec 17 12:00:00 AM","25 - 49 Years","55.35592430721","77.2%","66.8%"
"2021 Dec 17 12:00:00 AM","50 - 64 Years","35.21727769701","89%","78.9%"
"2021 Dec 17 12:00:00 AM","65+ Years","21.90414442284","95%","88.3%"
"2021 Dec 16 12:00:00 AM","<2 Years","17.18913491613","0%","0%"
"2021 Dec 16 12:00:00 AM","2 - 4 Years","37.85489003821","0%","0%"
"2021 Dec 16 12:00:00 AM","5 - 11 Years","38.6209160552","21.9%","13.2%"
"2021 Dec 16 12:00:00 AM","12 - 17 Years","41.24270691152","63%","54.2%"
"2021 Dec 16 12:00:00 AM","18 - 24 Years","50.17717162106","70.7%","59.7%"
"2021 Dec 16 12:00:00 AM","25 - 49 Years","51.00488622119","77.1%","66.7%"
"2021 Dec 16 12:00:00 AM","50 - 64 Years","33.34908766853","88.9%","78.9%"
"2021 Dec 16 12:00:00 AM","65+ Years","21.17979368192","95%","88.3%"
"2021 Dec 15 12:00:00 AM","<2 Years","16.60704013909","0%","0%"
"2021 Dec 15 12:00:00 AM","2 - 4 Years","37.16565036975","0%","0%"
"2021 Dec 15 12:00:00 AM","5 - 11 Years","38.09510953127","21.5%","13.1%"
"2021 Dec 15 12:00:00 AM","12 - 17 Years","39.73055427241","62.9%","54.2%"
"2021 Dec 15 12:00:00 AM","18 - 24 Years","46.0289109799","70.6%","59.6%"
"2021 Dec 15 12:00:00 AM","25 - 49 Years","47.46577382672","77%","66.7%"
"2021 Dec 15 12:00:00 AM","50 - 64 Years","32.06775767451","88.8%","78.9%"
"2021 Dec 15 12:00:00 AM","65+ Years","20.71706542677","95%","88.3%"
"2021 Dec 14 12:00:00 AM","<2 Years","16.29617675816","0%","0%"
"2021 Dec 14 12:00:00 AM","2 - 4 Years","36.6504970093","0%","0%"
"2021 Dec 14 12:00:00 AM","5 - 11 Years","37.44274785545","21.2%","12.6%"
"2021 Dec 14 12:00:00 AM","12 - 17 Years","38.43825766278","62.9%","54.1%"
"2021 Dec 14 12:00:00 AM","18 - 24 Years","42.33447714392","70.4%","59.6%"
"2021 Dec 14 12:00:00 AM","25 - 49 Years","44.58554085056","76.8%","66.6%"
"2021 Dec 14 12:00:00 AM","50 - 64 Years","31.23888882118","88.7%","78.8%"
"2021 Dec 14 12:00:00 AM","65+ Years","20.50565331705","95%","88.2%"
"2021 Dec 13 12:00:00 AM","<2 Years","16.10173233263","0%","0%"
"2021 Dec 13 12:00:00 AM","2 - 4 Years","36.55457190081","0%","0%"
"2021 Dec 13 12:00:00 AM","5 - 11 Years","37.31267728268","21%","12.2%"
"2021 Dec 13 12:00:00 AM","12 - 17 Years","37.27901678008","62.8%","54.1%"
"2021 Dec 13 12:00:00 AM","18 - 24 Years","39.44038578833","70.3%","59.5%"
"2021 Dec 13 12:00:00 AM","25 - 49 Years","42.37741514691","76.7%","66.6%"
"2021 Dec 13 12:00:00 AM","50 - 64 Years","30.65498011378","88.6%","78.8%"
"2021 Dec 13 12:00:00 AM","65+ Years","20.44143688872","95%","88.2%"
"2021 Dec 12 12:00:00 AM","<2 Years","16.04599985398","0%","0%"
"2021 Dec 12 12:00:00 AM","2 - 4 Years","36.68602482727","0%","0%"
"2021 Dec 12 12:00:00 AM","5 - 11 Years","37.68832511448","20.7%","11.7%"
"2021 Dec 12 12:00:00 AM","12 - 17 Years","36.7296622337","62.7%","54%"
"2021 Dec 12 12:00:00 AM","18 - 24 Years","37.93424807862","70.2%","59.4%"
"2021 Dec 12 12:00:00 AM","25 - 49 Years","41.19603548722","76.6%","66.5%"
"2021 Dec 12 12:00:00 AM","50 - 64 Years","30.62569386834","88.5%","78.7%"
"2021 Dec 12 12:00:00 AM","65+ Years","20.64412824892","95%","88.2%"
"2021 Dec 11 12:00:00 AM","<2 Years","15.8342164351","0%","0%"
"2021 Dec 11 12:00:00 AM","2 - 4 Years","36.25791462083","0%","0%"
"2021 Dec 11 12:00:00 AM","5 - 11 Years","37.64513565788","20.6%","11.4%"
"2021 Dec 11 12:00:00 AM","12 - 17 Years","36.04154141416","62.7%","54%"
"2021 Dec 11 12:00:00 AM","18 - 24 Years","36.70891570461","70.1%","59.4%"
"2021 Dec 11 12:00:00 AM","25 - 49 Years","40.07669446379","76.6%","66.5%"
"2021 Dec 11 12:00:00 AM","50 - 64 Years","30.36075550849","88.5%","78.7%"
"2021 Dec 11 12:00:00 AM","65+ Years","20.62034438657","95%","88.2%"
"2021 Dec 10 12:00:00 AM","<2 Years","15.72646697637","0%","0%"
"2021 Dec 10 12:00:00 AM","2 - 4 Years","36.14067282155","0%","0%"
"2021 Dec 10 12:00:00 AM","5 - 11 Years","37.85053667821","20.3%","10.6%"
"2021 Dec 10 12:00:00 AM","12 - 17 Years","35.76343781324","62.6%","53.9%"
"2021 Dec 10 12:00:00 AM","18 - 24 Years","36.10523150646","70.1%","59.4%"
"2021 Dec 10 12:00:00 AM","25 - 49 Years","39.57893030978","76.5%","66.5%"
"2021 Dec 10 12:00:00 AM","50 - 64 Years","30.29537226287","88.4%","78.7%"
"2021 Dec 10 12:00:00 AM","65+ Years","20.76331182577","95%","88.1%"
"2021 Dec 09 12:00:00 AM","<2 Years","15.85898642561","0%","0%"
"2021 Dec 09 12:00:00 AM","2 - 4 Years","36.15843673053","0%","0%"
"2021 Dec 09 12:00:00 AM","5 - 11 Years","38.31457223515","19.9%","9.8%"
"2021 Dec 09 12:00:00 AM","12 - 17 Years","35.8713671368","62.5%","53.8%"
"2021 Dec 09 12:00:00 AM","18 - 24 Years","36.07734006739","70%","59.3%"
"2021 Dec 09 12:00:00 AM","25 - 49 Years","39.58408917292","76.4%","66.4%"
"2021 Dec 09 12:00:00 AM","50 - 64 Years","30.47835454054","88.3%","78.6%"
"2021 Dec 09 12:00:00 AM","65+ Years","20.98265188961","95%","88.1%"
"2021 Dec 08 12:00:00 AM","<2 Years","15.95063539051","0%","0%"
"2021 Dec 08 12:00:00 AM","2 - 4 Years","36.48351626488","0%","0%"
"2021 Dec 08 12:00:00 AM","5 - 11 Years","38.57320677175","19.6%","9.2%"
"2021 Dec 08 12:00:00 AM","12 - 17 Years","35.5264501451","62.5%","53.7%"
"2021 Dec 08 12:00:00 AM","18 - 24 Years","36.14541408817","69.9%","59.2%"
"2021 Dec 08 12:00:00 AM","25 - 49 Years","39.75710950602","76.3%","66.3%"
"2021 Dec 08 12:00:00 AM","50 - 64 Years","30.80595184411","88.2%","78.6%"
"2021 Dec 08 12:00:00 AM","65+ Years","21.23793201209","95%","88.1%"
"2021 Dec 07 12:00:00 AM","<2 Years","16.15127231366","0%","0%"
"2021 Dec 07 12:00:00 AM","2 - 4 Years","37.14788646077","0%","0%"
"2021 Dec 07 12:00:00 AM","5 - 11 Years","39.58866120479","19.3%","8.5%"
"2021 Dec 07 12:00:00 AM","12 - 17 Years","35.93132787211","62.4%","53.6%"
"2021 Dec 07 12:00:00 AM","18 - 24 Years","36.82095419714","69.7%","59.2%"
"2021 Dec 07 12:00:00 AM","25 - 49 Years","40.5003826342","76.1%","66.3%"
"2021 Dec 07 12:00:00 AM","50 - 64 Years","31.45342759587","88%","78.5%"
"2021 Dec 07 12:00:00 AM","65+ Years","21.82380782115","95%","88%"
"2021 Dec 06 12:00:00 AM","<2 Years","16.31227725199","0%","0%"
"2021 Dec 06 12:00:00 AM","2 - 4 Years","37.36282975944","0%","0%"
"2021 Dec 06 12:00:00 AM","5 - 11 Years","39.96581564554","18.9%","7.9%"
"2021 Dec 06 12:00:00 AM","12 - 17 Years","36.05695988896","62.3%","53.6%"
"2021 Dec 06 12:00:00 AM","18 - 24 Years","37.09183207149","69.6%","59.1%"
"2021 Dec 06 12:00:00 AM","25 - 49 Years","40.85753469793","76%","66.2%"
"2021 Dec 06 12:00:00 AM","50 - 64 Years","31.8554891514","87.9%","78.5%"
"2021 Dec 06 12:00:00 AM","65+ Years","22.04975451341","95%","88%"
"2021 Dec 05 12:00:00 AM","<2 Years","16.18099630227","0%","0%"
"2021 Dec 05 12:00:00 AM","2 - 4 Years","36.63628588212","0%","0%"
"2021 Dec 05 12:00:00 AM","5 - 11 Years","39.99896104247","18.7%","7.3%"
"2021 Dec 05 12:00:00 AM","12 - 17 Years","35.48590526694","62.3%","53.5%"
"2021 Dec 05 12:00:00 AM","18 - 24 Years","36.82237240591","69.5%","59.1%"
"2021 Dec 05 12:00:00 AM","25 - 49 Years","40.63861371072","75.9%","66.1%"
"2021 Dec 05 12:00:00 AM","50 - 64 Years","31.59758857146","87.8%","78.4%"
"2021 Dec 05 12:00:00 AM","65+ Years","21.89145969626","95%","88%"
"2021 Dec 04 12:00:00 AM","<2 Years","16.12154832504","0%","0%"
"2021 Dec 04 12:00:00 AM","2 - 4 Years","36.30410078418","0%","0%"
"2021 Dec 04 12:00:00 AM","5 - 11 Years","40.11999196154","18.5%","6.8%"
"2021 Dec 04 12:00:00 AM","12 - 17 Years","35.378546998","62.2%","53.5%"
"2021 Dec 04 12:00:00 AM","18 - 24 Years","36.83182713102","69.5%","59%"
"2021 Dec 04 12:00:00 AM","25 - 49 Years","40.77658023015","75.9%","66.1%"
"2021 Dec 04 12:00:00 AM","50 - 64 Years","31.67227984857","87.8%","78.4%"
"2021 Dec 04 12:00:00 AM","65+ Years","21.91762194484","95%","87.9%"
"2021 Dec 03 12:00:00 AM","<2 Years","15.90976490616","0%","0%"
"2021 Dec 03 12:00:00 AM","2 - 4 Years","35.68591675164","0%","0%"
"2021 Dec 03 12:00:00 AM","5 - 11 Years","39.9241327979","18.2%","5.6%"
"2021 Dec 03 12:00:00 AM","12 - 17 Years","34.98509036343","62.2%","53.4%"
"2021 Dec 03 12:00:00 AM","18 - 24 Years","36.5330578176","69.4%","59%"
"2021 Dec 03 12:00:00 AM","25 - 49 Years","40.55951114253","75.8%","66.1%"
"2021 Dec 03 12:00:00 AM","50 - 64 Years","31.47454093561","87.7%","78.4%"
"2021 Dec 03 12:00:00 AM","65+ Years","21.78178966434","95%","87.9%"
"2021 Dec 02 12:00:00 AM","<2 Years","15.11093271213","0%","0%"
"2021 Dec 02 12:00:00 AM","2 - 4 Years","33.71057007297","0%","0%"
"2021 Dec 02 12:00:00 AM","5 - 11 Years","37.93088915561","17.8%","4.6%"
"2021 Dec 02 12:00:00 AM","12 - 17 Years","32.9018831023","62.1%","53.3%"
"2021 Dec 02 12:00:00 AM","18 - 24 Years","34.7617150686","69.3%","58.9%"
"2021 Dec 02 12:00:00 AM","25 - 49 Years","38.9816926921","75.6%","66%"
"2021 Dec 02 12:00:00 AM","50 - 64 Years","30.2990046654","87.5%","78.3%"
"2021 Dec 02 12:00:00 AM","65+ Years","21.0722377711","95%","87.9%"
"2021 Dec 01 12:00:00 AM","<2 Years","13.67179626336","0%","0%"
"2021 Dec 01 12:00:00 AM","2 - 4 Years","30.33898014841","0%","0%"
"2021 Dec 01 12:00:00 AM","5 - 11 Years","34.33812901024","17.5%","3.8%"
"2021 Dec 01 12:00:00 AM","12 - 17 Years","29.71768252991","62%","53.2%"
"2021 Dec 01 12:00:00 AM","18 - 24 Years","31.17979246141","69.2%","58.8%"
"2021 Dec 01 12:00:00 AM","25 - 49 Years","35.44072839804","75.5%","65.9%"
"2021 Dec 01 12:00:00 AM","50 - 64 Years","27.57606491554","87.4%","78.2%"
"2021 Dec 01 12:00:00 AM","65+ Years","19.35372158422","95%","87.8%"
"2021 Nov 30 12:00:00 AM","<2 Years","12.79741559827","0%","0%"
"2021 Nov 30 12:00:00 AM","2 - 4 Years","28.56969481391","0%","0%"
"2021 Nov 30 12:00:00 AM","5 - 11 Years","32.5251762391","17.1%","3%"
"2021 Nov 30 12:00:00 AM","12 - 17 Years","27.4688694284","61.9%","53.1%"
"2021 Nov 30 12:00:00 AM","18 - 24 Years","28.96029574229","69%","58.8%"
"2021 Nov 30 12:00:00 AM","25 - 49 Years","33.57401361161","75.4%","65.8%"
"2021 Nov 30 12:00:00 AM","50 - 64 Years","26.24978394016","87.3%","78.2%"
"2021 Nov 30 12:00:00 AM","65+ Years","18.50199504719","95%","87.8%"
"2021 Nov 29 12:00:00 AM","<2 Years","12.00849140045","0%","0%"
"2021 Nov 29 12:00:00 AM","2 - 4 Years","27.07752645952","0%","0%"
"2021 Nov 29 12:00:00 AM","5 - 11 Years","31.08234706694","16.7%","2.2%"
"2021 Nov 29 12:00:00 AM","12 - 17 Years","25.61008663373","61.9%","53%"
"2021 Nov 29 12:00:00 AM","18 - 24 Years","26.92185700899","68.9%","58.7%"
"2021 Nov 29 12:00:00 AM","25 - 49 Years","31.70478553288","75.2%","65.8%"
"2021 Nov 29 12:00:00 AM","50 - 64 Years","24.89807614704","87.1%","78.1%"
"2021 Nov 29 12:00:00 AM","65+ Years","17.79402874477","95%","87.8%"
"2021 Nov 28 12:00:00 AM","<2 Years","11.36447164712","0%","0%"
"2021 Nov 28 12:00:00 AM","2 - 4 Years","25.85004034894","0%","0%"
"2021 Nov 28 12:00:00 AM","5 - 11 Years","29.50040766829","16.4%","1.5%"
"2021 Nov 28 12:00:00 AM","12 - 17 Years","23.71761161635","61.8%","53%"
"2021 Nov 28 12:00:00 AM","18 - 24 Years","24.8758544956","68.8%","58.6%"
"2021 Nov 28 12:00:00 AM","25 - 49 Years","29.85090176504","75.1%","65.7%"
"2021 Nov 28 12:00:00 AM","50 - 64 Years","23.75727472607","87%","78.1%"
"2021 Nov 28 12:00:00 AM","65+ Years","17.30936648324","95%","87.7%"
"2021 Nov 27 12:00:00 AM","<2 Years","10.90622682264","0%","0%"
"2021 Nov 27 12:00:00 AM","2 - 4 Years","25.21942158012","0%","0%"
"2021 Nov 27 12:00:00 AM","5 - 11 Years","28.88872443415","16.3%","1.2%"
"2021 Nov 27 12:00:00 AM","12 - 17 Years","22.71598180933","61.8%","52.9%"
"2021 Nov 27 12:00:00 AM","18 - 24 Years","23.67652261564","68.8%","58.6%"
"2021 Nov 27 12:00:00 AM","25 - 49 Years","28.65417779447","75.1%","65.7%"
"2021 Nov 27 12:00:00 AM","50 - 64 Years","23.01739973484","87%","78%"
"2021 Nov 27 12:00:00 AM","65+ Years","16.93516704904","95%","87.7%"
"2021 Nov 26 12:00:00 AM","<2 Years","10.6671964142","0%","0%"
"2021 Nov 26 12:00:00 AM","2 - 4 Years","25.06487557199","0%","0%"
"2021 Nov 26 12:00:00 AM","5 - 11 Years","28.72952608832","16.1%","0.8%"
"2021 Nov 26 12:00:00 AM","12 - 17 Years","22.06212426712","61.7%","52.9%"
"2021 Nov 26 12:00:00 AM","18 - 24 Years","22.98490947399","68.8%","58.6%"
"2021 Nov 26 12:00:00 AM","25 - 49 Years","27.8804806016","75%","65.7%"
"2021 Nov 26 12:00:00 AM","50 - 64 Years","22.5395117764","86.9%","78%"
"2021 Nov 26 12:00:00 AM","65+ Years","16.59849326431","95%","87.7%"
"2021 Nov 25 12:00:00 AM","<2 Years","10.59412494219","0%","0%"
"2021 Nov 25 12:00:00 AM","2 - 4 Years","25.48943299663","0%","0%"
"2021 Nov 25 12:00:00 AM","5 - 11 Years","29.80725369133","15.8%","0.6%"
"2021 Nov 25 12:00:00 AM","12 - 17 Years","22.61319197737","61.7%","52.8%"
"2021 Nov 25 12:00:00 AM","18 - 24 Years","23.00523713297","68.7%","58.5%"
"2021 Nov 25 12:00:00 AM","25 - 49 Years","27.89992554729","75%","65.6%"
"2021 Nov 25 12:00:00 AM","50 - 64 Years","22.51907951215","86.8%","78%"
"2021 Nov 25 12:00:00 AM","65+ Years","16.50520767089","95%","87.7%"
"2021 Nov 24 12:00:00 AM","<2 Years","11.29635417321","0%","0%"
"2021 Nov 24 12:00:00 AM","2 - 4 Years","27.34931426693","0%","0%"
"2021 Nov 24 12:00:00 AM","5 - 11 Years","32.75418079966","15.8%","0.6%"
"2021 Nov 24 12:00:00 AM","12 - 17 Years","24.72552302422","61.7%","52.8%"
"2021 Nov 24 12:00:00 AM","18 - 24 Years","25.05880342644","68.7%","58.5%"
"2021 Nov 24 12:00:00 AM","25 - 49 Years","29.96532270398","75%","65.6%"
"2021 Nov 24 12:00:00 AM","50 - 64 Years","24.15048230042","86.8%","78%"
"2021 Nov 24 12:00:00 AM","65+ Years","17.59609415704","95%","87.7%"
"2021 Nov 23 12:00:00 AM","<2 Years","11.25548368887","0%","0%"
"2021 Nov 23 12:00:00 AM","2 - 4 Years","27.22319051316","0%","0%"
"2021 Nov 23 12:00:00 AM","5 - 11 Years","33.5908509705","15.3%","0.5%"
"2021 Nov 23 12:00:00 AM","12 - 17 Years","25.38337794878","61.6%","52.8%"
"2021 Nov 23 12:00:00 AM","18 - 24 Years","25.01956631724","68.5%","58.5%"
"2021 Nov 23 12:00:00 AM","25 - 49 Years","29.73118968442","74.9%","65.6%"
"2021 Nov 23 12:00:00 AM","50 - 64 Years","23.89780329912","86.7%","77.9%"
"2021 Nov 23 12:00:00 AM","65+ Years","17.39023161521","95%","87.6%"
"2021 Nov 22 12:00:00 AM","<2 Years","11.1700272216","0%","0%"
"2021 Nov 22 12:00:00 AM","2 - 4 Years","27.39372403938","0%","0%"
"2021 Nov 22 12:00:00 AM","5 - 11 Years","34.1944989569","14.7%","0.5%"
"2021 Nov 22 12:00:00 AM","12 - 17 Years","25.87562703297","61.5%","52.7%"
"2021 Nov 22 12:00:00 AM","18 - 24 Years","25.11694998586","68.4%","58.4%"
"2021 Nov 22 12:00:00 AM","25 - 49 Years","29.80156186883","74.7%","65.5%"
"2021 Nov 22 12:00:00 AM","50 - 64 Years","23.95592173967","86.6%","77.9%"
"2021 Nov 22 12:00:00 AM","65+ Years","17.41454400782","95%","87.6%"
"2021 Nov 21 12:00:00 AM","<2 Years","10.97558279608","0%","0%"
"2021 Nov 21 12:00:00 AM","2 - 4 Years","27.26227111292","0%","0%"
"2021 Nov 21 12:00:00 AM","5 - 11 Years","34.77805882396","14.1%","0.5%"
"2021 Nov 21 12:00:00 AM","12 - 17 Years","26.32847334823","61.4%","52.7%"
"2021 Nov 21 12:00:00 AM","18 - 24 Years","25.14815057871","68.3%","58.3%"
"2021 Nov 21 12:00:00 AM","25 - 49 Years","29.70645359705","74.6%","65.4%"
"2021 Nov 21 12:00:00 AM","50 - 64 Years","23.8067662106","86.5%","77.8%"
"2021 Nov 21 12:00:00 AM","65+ Years","17.26972671267","95%","87.6%"
"2021 Nov 20 12:00:00 AM","<2 Years","10.96939029845","0%","0%"
"2021 Nov 20 12:00:00 AM","2 - 4 Years","27.1929918679","0%","0%"
"2021 Nov 20 12:00:00 AM","5 - 11 Years","34.90360956988","13.8%","0.5%"
"2021 Nov 20 12:00:00 AM","12 - 17 Years","26.44154216339","61.4%","52.7%"
"2021 Nov 20 12:00:00 AM","18 - 24 Years","25.13585943607","68.3%","58.3%"
"2021 Nov 20 12:00:00 AM","25 - 49 Years","29.62814470011","74.6%","65.4%"
"2021 Nov 20 12:00:00 AM","50 - 64 Years","23.62673525999","86.5%","77.8%"
"2021 Nov 20 12:00:00 AM","65+ Years","17.13917973491","95%","87.5%"
"2021 Nov 19 12:00:00 AM","<2 Years","10.84801734494","0%","0%"
"2021 Nov 19 12:00:00 AM","2 - 4 Years","26.84304286097","0%","0%"
"2021 Nov 19 12:00:00 AM","5 - 11 Years","34.86895756401","12.9%","0.5%"
"2021 Nov 19 12:00:00 AM","12 - 17 Years","26.55803730628","61.3%","52.6%"
"2021 Nov 19 12:00:00 AM","18 - 24 Years","25.03563934993","68.2%","58.3%"
"2021 Nov 19 12:00:00 AM","25 - 49 Years","29.56332821447","74.5%","65.4%"
"2021 Nov 19 12:00:00 AM","50 - 64 Years","23.57497352387","86.4%","77.8%"
"2021 Nov 19 12:00:00 AM","65+ Years","17.11196042579","95%","87.5%"
"2021 Nov 18 12:00:00 AM","<2 Years","10.73407538858","0%","0%"
"2021 Nov 18 12:00:00 AM","2 - 4 Years","26.70803715272","0%","0%"
"2021 Nov 18 12:00:00 AM","5 - 11 Years","35.09745992159","12.1%","0.5%"
"2021 Nov 18 12:00:00 AM","12 - 17 Years","26.84527778115","61.2%","52.5%"
"2021 Nov 18 12:00:00 AM","18 - 24 Years","25.20393345685","68.1%","58.2%"
"2021 Nov 18 12:00:00 AM","25 - 49 Years","29.46107690141","74.4%","65.3%"
"2021 Nov 18 12:00:00 AM","50 - 64 Years","23.50890920278","86.3%","77.7%"
"2021 Nov 18 12:00:00 AM","65+ Years","17.1682489","95%","87.5%"
"2021 Nov 17 12:00:00 AM","<2 Years","10.52353046922","0%","0%"
"2021 Nov 17 12:00:00 AM","2 - 4 Years","26.09873507467","0%","0%"
"2021 Nov 17 12:00:00 AM","5 - 11 Years","34.2994593805","11.4%","0.5%"
"2021 Nov 17 12:00:00 AM","12 - 17 Years","26.16058328935","61.1%","52.5%"
"2021 Nov 17 12:00:00 AM","18 - 24 Years","24.47875604106","68%","58.1%"
"2021 Nov 17 12:00:00 AM","25 - 49 Years","28.68076578143","74.3%","65.2%"
"2021 Nov 17 12:00:00 AM","50 - 64 Years","22.83555258296","86.2%","77.6%"
"2021 Nov 17 12:00:00 AM","65+ Years","16.75229557413","95%","87.4%"
"2021 Nov 16 12:00:00 AM","<2 Years","10.66471941515","0%","0%"
"2021 Nov 16 12:00:00 AM","2 - 4 Years","26.49309385405","0%","0%"
"2021 Nov 16 12:00:00 AM","5 - 11 Years","34.59626134386","10.6%","0.5%"
"2021 Nov 16 12:00:00 AM","12 - 17 Years","26.43697372641","61%","52.4%"
"2021 Nov 16 12:00:00 AM","18 - 24 Years","24.68486904842","67.9%","58.1%"
"2021 Nov 16 12:00:00 AM","25 - 49 Years","28.74783100229","74.2%","65.1%"
"2021 Nov 16 12:00:00 AM","50 - 64 Years","22.93544365266","86.1%","77.6%"
"2021 Nov 16 12:00:00 AM","65+ Years","16.79801344286","95%","87.4%"
"2021 Nov 15 12:00:00 AM","<2 Years","10.49876047871","0%","0%"
"2021 Nov 15 12:00:00 AM","2 - 4 Years","25.8944501214","0%","0%"
"2021 Nov 15 12:00:00 AM","5 - 11 Years","34.34114222814","9.9%","0.5%"
"2021 Nov 15 12:00:00 AM","12 - 17 Years","26.24509937341","60.9%","52.4%"
"2021 Nov 15 12:00:00 AM","18 - 24 Years","24.52461145784","67.8%","58%"
"2021 Nov 15 12:00:00 AM","25 - 49 Years","28.22070101193","74.1%","65.1%"
"2021 Nov 15 12:00:00 AM","50 - 64 Years","22.40079940462","86%","77.5%"
"2021 Nov 15 12:00:00 AM","65+ Years","16.44891919668","95%","87.3%"
"2021 Nov 14 12:00:00 AM","<2 Years","10.46160549294","0%","0%"
"2021 Nov 14 12:00:00 AM","2 - 4 Years","25.63687344117","0%","0%"
"2021 Nov 14 12:00:00 AM","5 - 11 Years","34.02776756632","9.3%","0.5%"
"2021 Nov 14 12:00:00 AM","12 - 17 Years","25.96813788173","60.8%","52.3%"
"2021 Nov 14 12:00:00 AM","18 - 24 Years","24.41210022905","67.7%","57.9%"
"2021 Nov 14 12:00:00 AM","25 - 49 Years","27.75997484972","74%","65%"
"2021 Nov 14 12:00:00 AM","50 - 64 Years","21.86252275405","85.9%","77.5%"
"2021 Nov 14 12:00:00 AM","65+ Years","16.13840766053","95%","87.3%"
"2021 Nov 13 12:00:00 AM","<2 Years","10.38853402093","0%","0%"
"2021 Nov 13 12:00:00 AM","2 - 4 Years","25.43258848789","0%","0%"
"2021 Nov 13 12:00:00 AM","5 - 11 Years","33.91929172184","8.8%","0.5%"
"2021 Nov 13 12:00:00 AM","12 - 17 Years","25.90303765482","60.8%","52.3%"
"2021 Nov 13 12:00:00 AM","18 - 24 Years","24.30526183533","67.7%","57.9%"
"2021 Nov 13 12:00:00 AM","25 - 49 Years","27.6025633846","73.9%","65%"
"2021 Nov 13 12:00:00 AM","50 - 64 Years","21.64798397936","85.8%","77.5%"
"2021 Nov 13 12:00:00 AM","65+ Years","16.03349440108","95%","87.3%"
"2021 Nov 12 12:00:00 AM","<2 Years","10.31670104845","0%","0%"
"2021 Nov 12 12:00:00 AM","2 - 4 Years","25.17678819857","0%","0%"
"2021 Nov 12 12:00:00 AM","5 - 11 Years","33.74452508351","7.6%","0.5%"
"2021 Nov 12 12:00:00 AM","12 - 17 Years","25.83907953716","60.7%","52.2%"
"2021 Nov 12 12:00:00 AM","18 - 24 Years","24.17147747505","67.6%","57.9%"
"2021 Nov 12 12:00:00 AM","25 - 49 Years","27.24633727066","73.9%","64.9%"
"2021 Nov 12 12:00:00 AM","50 - 64 Years","21.23843059361","85.8%","77.4%"
"2021 Nov 12 12:00:00 AM","65+ Years","15.80754770882","95%","87.2%"
"2021 Nov 11 12:00:00 AM","<2 Years","10.09500963336","0%","0%"
"2021 Nov 11 12:00:00 AM","2 - 4 Years","24.72913769225","0%","0%"
"2021 Nov 11 12:00:00 AM","5 - 11 Years","33.19260400443","6.4%","0.5%"
"2021 Nov 11 12:00:00 AM","12 - 17 Years","25.40165169669","60.6%","52.2%"
"2021 Nov 11 12:00:00 AM","18 - 24 Years","24.01263809323","67.6%","57.8%"
"2021 Nov 11 12:00:00 AM","25 - 49 Years","26.83336366216","73.8%","64.8%"
"2021 Nov 11 12:00:00 AM","50 - 64 Years","20.75895345906","85.7%","77.4%"
"2021 Nov 11 12:00:00 AM","65+ Years","15.57129467621","95%","87.2%"
"2021 Nov 10 12:00:00 AM","<2 Years","10.04918515091","0%","0%"
"2021 Nov 10 12:00:00 AM","2 - 4 Years","24.69716265609","0%","0%"
"2021 Nov 10 12:00:00 AM","5 - 11 Years","33.39398740089","5.4%","0.5%"
"2021 Nov 10 12:00:00 AM","12 - 17 Years","25.68603689845","60.5%","52.1%"
"2021 Nov 10 12:00:00 AM","18 - 24 Years","24.40784560275","67.5%","57.7%"
"2021 Nov 10 12:00:00 AM","25 - 49 Years","26.92701686998","73.7%","64.8%"
"2021 Nov 10 12:00:00 AM","50 - 64 Years","20.68653243353","85.6%","77.3%"
"2021 Nov 10 12:00:00 AM","65+ Years","15.4872583626","95%","87.1%"
"2021 Nov 09 12:00:00 AM","<2 Years","9.72222127615","0%","0%"
"2021 Nov 09 12:00:00 AM","2 - 4 Years","24.08430779625","0%","0%"
"2021 Nov 09 12:00:00 AM","5 - 11 Years","32.64018072236","4.4%","0.5%"
"2021 Nov 09 12:00:00 AM","12 - 17 Years","25.22576687311","60.4%","52.1%"
"2021 Nov 09 12:00:00 AM","18 - 24 Years","24.55628478695","67.4%","57.7%"
"2021 Nov 09 12:00:00 AM","25 - 49 Years","26.76365287046","73.6%","64.7%"
"2021 Nov 09 12:00:00 AM","50 - 64 Years","20.41591844472","85.5%","77.3%"
"2021 Nov 09 12:00:00 AM","65+ Years","15.42357046455","95%","87.1%"
"2021 Nov 08 12:00:00 AM","<2 Years","9.4782368696","0%","0%"
"2021 Nov 08 12:00:00 AM","2 - 4 Years","23.45901820012","0%","0%"
"2021 Nov 08 12:00:00 AM","5 - 11 Years","31.75529906509","3.5%","0.5%"
"2021 Nov 08 12:00:00 AM","12 - 17 Years","24.5513513645","60.3%","52%"
"2021 Nov 08 12:00:00 AM","18 - 24 Years","24.14831339853","67.3%","57.6%"
"2021 Nov 08 12:00:00 AM","25 - 49 Years","26.2038500802","73.5%","64.7%"
"2021 Nov 08 12:00:00 AM","50 - 64 Years","19.94506826619","85.4%","77.2%"
"2021 Nov 08 12:00:00 AM","65+ Years","15.18520331084","95%","87%"
"2021 Nov 07 12:00:00 AM","<2 Years","9.11907200717","0%","0%"
"2021 Nov 07 12:00:00 AM","2 - 4 Years","22.8301758222","0%","0%"
"2021 Nov 07 12:00:00 AM","5 - 11 Years","30.81366847066","2.7%","0.4%"
"2021 Nov 07 12:00:00 AM","12 - 17 Years","24.03797325931","60.2%","51.9%"
"2021 Nov 07 12:00:00 AM","18 - 24 Years","23.59095735341","67.2%","57.5%"
"2021 Nov 07 12:00:00 AM","25 - 49 Years","25.69722326387","73.4%","64.6%"
"2021 Nov 07 12:00:00 AM","50 - 64 Years","19.6236006419","85.3%","77.2%"
"2021 Nov 07 12:00:00 AM","65+ Years","15.04937103034","95%","87%"
"2021 Nov 06 12:00:00 AM","<2 Years","8.95435157026","0%","0%"
"2021 Nov 06 12:00:00 AM","2 - 4 Years","22.61345613263","0%","0%"
"2021 Nov 06 12:00:00 AM","5 - 11 Years","30.30995887801","2.3%","0.4%"
"2021 Nov 06 12:00:00 AM","12 - 17 Years","23.68049306592","60.2%","51.9%"
"2021 Nov 06 12:00:00 AM","18 - 24 Years","23.32007947907","67.2%","57.5%"
"2021 Nov 06 12:00:00 AM","25 - 49 Years","25.35078576205","73.4%","64.5%"
"2021 Nov 06 12:00:00 AM","50 - 64 Years","19.48193694305","85.3%","77.2%"
"2021 Nov 06 12:00:00 AM","65+ Years","14.97749091304","95%","87%"
"2021 Nov 05 12:00:00 AM","<2 Years","8.79086963288","0%","0%"
"2021 Nov 05 12:00:00 AM","2 - 4 Years","22.49443794246","0%","0%"
"2021 Nov 05 12:00:00 AM","5 - 11 Years","29.95389696257","1.5%","0.4%"
"2021 Nov 05 12:00:00 AM","12 - 17 Years","23.46292125493","60.1%","51.9%"
"2021 Nov 05 12:00:00 AM","18 - 24 Years","23.00523713297","67.1%","57.4%"
"2021 Nov 05 12:00:00 AM","25 - 49 Years","25.14284389384","73.3%","64.5%"
"2021 Nov 05 12:00:00 AM","50 - 64 Years","19.42790495535","85.2%","77.1%"
"2021 Nov 05 12:00:00 AM","65+ Years","15.02056613039","95%","87%"
"2021 Nov 04 12:00:00 AM","<2 Years","8.75990714474","0%","0%"
"2021 Nov 04 12:00:00 AM","2 - 4 Years","22.23686126224","0%","0%"
"2021 Nov 04 12:00:00 AM","5 - 11 Years","29.25784362717","1.1%","0.4%"
"2021 Nov 04 12:00:00 AM","12 - 17 Years","23.05176192708","60.1%","51.8%"
"2021 Nov 04 12:00:00 AM","18 - 24 Years","22.40769850614","67%","57.4%"
"2021 Nov 04 12:00:00 AM","25 - 49 Years","24.84892097324","73.2%","64.4%"
"2021 Nov 04 12:00:00 AM","50 - 64 Years","19.20723650139","85.1%","77.1%"
"2021 Nov 04 12:00:00 AM","65+ Years","14.93150877917","95%","86.9%"
"2021 Nov 03 12:00:00 AM","<2 Years","8.80449312766","0%","0%"
"2021 Nov 03 12:00:00 AM","2 - 4 Years","22.46246290629","0%","0%"
"2021 Nov 03 12:00:00 AM","5 - 11 Years","29.00875094726","0.8%","0.4%"
"2021 Nov 03 12:00:00 AM","12 - 17 Years","23.13913328425","60%","51.7%"
"2021 Nov 03 12:00:00 AM","18 - 24 Years","22.34151543038","67%","57.3%"
"2021 Nov 03 12:00:00 AM","25 - 49 Years","25.06069891918","73.1%","64.3%"
"2021 Nov 03 12:00:00 AM","50 - 64 Years","19.60044407574","85%","77%"
"2021 Nov 03 12:00:00 AM","65+ Years","15.42647738105","95%","86.8%"
"2021 Nov 02 12:00:00 AM","<2 Years","8.56174722064","0%","0%"
"2021 Nov 02 12:00:00 AM","2 - 4 Years","21.76967045604","0%","0%"
"2021 Nov 02 12:00:00 AM","5 - 11 Years","28.04452121856","0.7%","0.4%"
"2021 Nov 02 12:00:00 AM","12 - 17 Years","22.48413363279","59.9%","51.6%"
"2021 Nov 02 12:00:00 AM","18 - 24 Years","21.33222352509","66.9%","57.2%"
"2021 Nov 02 12:00:00 AM","25 - 49 Years","24.22112701233","73%","64.2%"
"2021 Nov 02 12:00:00 AM","50 - 64 Years","19.03810275838","85%","76.9%"
"2021 Nov 02 12:00:00 AM","65+ Years","15.08927506605","95%","86.8%"
"2021 Nov 01 12:00:00 AM","<2 Years","8.63977269075","0%","0%"
"2021 Nov 01 12:00:00 AM","2 - 4 Years","22.03257630896","0%","0%"
"2021 Nov 01 12:00:00 AM","5 - 11 Years","28.06109391702","0.7%","0.4%"
"2021 Nov 01 12:00:00 AM","12 - 17 Years","22.92612991023","59.9%","51.6%"
"2021 Nov 01 12:00:00 AM","18 - 24 Years","21.66975721145","66.8%","57.1%"
"2021 Nov 01 12:00:00 AM","25 - 49 Years","24.84455578135","72.9%","64.2%"
"2021 Nov 01 12:00:00 AM","50 - 64 Years","19.65334093765","84.9%","76.9%"
"2021 Nov 01 12:00:00 AM","65+ Years","15.5633667221","95%","86.7%"
"2021 Oct 31 12:00:00 AM","<2 Years","8.56793971826","0%","0%"
"2021 Oct 31 12:00:00 AM","2 - 4 Years","21.55472715737","0%","0%"
"2021 Oct 31 12:00:00 AM","5 - 11 Years","27.43534899933","0.7%","0.4%"
"2021 Oct 31 12:00:00 AM","12 - 17 Years","22.67486587654","59.8%","51.5%"
"2021 Oct 31 12:00:00 AM","18 - 24 Years","21.26793139436","66.7%","57.1%"
"2021 Oct 31 12:00:00 AM","25 - 49 Years","24.51796006085","72.8%","64.1%"
"2021 Oct 31 12:00:00 AM","50 - 64 Years","19.48965579844","84.8%","76.8%"
"2021 Oct 31 12:00:00 AM","65+ Years","15.52504827721","95%","86.7%"
"2021 Oct 30 12:00:00 AM","<2 Years","8.63358019312","0%","0%"
"2021 Oct 30 12:00:00 AM","2 - 4 Years","21.34866581319","0%","0%"
"2021 Oct 30 12:00:00 AM","5 - 11 Years","27.15662634338","0.7%","0.4%"
"2021 Oct 30 12:00:00 AM","12 - 17 Years","22.6451710362","59.8%","51.5%"
"2021 Oct 30 12:00:00 AM","18 - 24 Years","21.08356425475","66.7%","57%"
"2021 Oct 30 12:00:00 AM","25 - 49 Years","24.4088302636","72.8%","64.1%"
"2021 Oct 30 12:00:00 AM","50 - 64 Years","19.47853156568","84.7%","76.8%"
"2021 Oct 30 12:00:00 AM","65+ Years","15.57816556978","95%","86.6%"
"2021 Oct 29 12:00:00 AM","<2 Years","8.68683567272","0%","0%"
"2021 Oct 29 12:00:00 AM","2 - 4 Years","21.12484056003","0%","0%"
"2021 Oct 29 12:00:00 AM","5 - 11 Years","26.70665246999","0.7%","0.4%"
"2021 Oct 29 12:00:00 AM","12 - 17 Years","22.43045449832","59.7%","51.4%"
"2021 Oct 29 12:00:00 AM","18 - 24 Years","20.99279889371","66.6%","57%"
"2021 Oct 29 12:00:00 AM","25 - 49 Years","24.30525616512","72.7%","64%"
"2021 Oct 29 12:00:00 AM","50 - 64 Years","19.35457582919","84.7%","76.8%"
"2021 Oct 29 12:00:00 AM","65+ Years","15.61225577247","95%","86.6%"
"2021 Oct 28 12:00:00 AM","<2 Years","8.8404096139","0%","0%"
"2021 Oct 28 12:00:00 AM","2 - 4 Years","21.60091332072","0%","0%"
"2021 Oct 28 12:00:00 AM","5 - 11 Years","27.20433562683","0.7%","0.4%"
"2021 Oct 28 12:00:00 AM","12 - 17 Years","23.27218901118","59.6%","51.3%"
"2021 Oct 28 12:00:00 AM","18 - 24 Years","21.81583271437","66.5%","56.9%"
"2021 Oct 28 12:00:00 AM","25 - 49 Years","25.11532995708","72.6%","63.9%"
"2021 Oct 28 12:00:00 AM","50 - 64 Years","20.15029900939","84.6%","76.7%"
"2021 Oct 28 12:00:00 AM","65+ Years","16.27001169883","95%","86.5%"
"2021 Oct 27 12:00:00 AM","<2 Years","8.75866864521","0%","0%"
"2021 Oct 27 12:00:00 AM","2 - 4 Years","21.16925033249","0%","0%"
"2021 Oct 27 12:00:00 AM","5 - 11 Years","26.63684625526","0.7%","0.4%"
"2021 Oct 27 12:00:00 AM","12 - 17 Years","22.81249004045","59.6%","51.2%"
"2021 Oct 27 12:00:00 AM","18 - 24 Years","21.3152050199","66.5%","56.8%"
"2021 Oct 27 12:00:00 AM","25 - 49 Years","24.54520944053","72.5%","63.8%"
"2021 Oct 27 12:00:00 AM","50 - 64 Years","19.72485386254","84.5%","76.6%"
"2021 Oct 27 12:00:00 AM","65+ Years","16.00072552408","95%","86.5%"
"2021 Oct 26 12:00:00 AM","<2 Years","8.81316262434","0%","0%"
"2021 Oct 26 12:00:00 AM","2 - 4 Years","21.11595860554","0%","0%"
"2021 Oct 26 12:00:00 AM","5 - 11 Years","26.36565664406","0.7%","0.4%"
"2021 Oct 26 12:00:00 AM","12 - 17 Years","22.80792160347","59.5%","51.2%"
"2021 Oct 26 12:00:00 AM","18 - 24 Years","21.11665579263","66.4%","56.7%"
"2021 Oct 26 12:00:00 AM","25 - 49 Years","24.41716381176","72.4%","63.8%"
"2021 Oct 26 12:00:00 AM","50 - 64 Years","19.71622690652","84.4%","76.6%"
"2021 Oct 26 12:00:00 AM","65+ Years","16.10061774592","95%","86.4%"
"2021 Oct 25 12:00:00 AM","<2 Years","8.98283705935","0%","0%"
"2021 Oct 25 12:00:00 AM","2 - 4 Years","20.92055560676","0%","0%"
"2021 Oct 25 12:00:00 AM","5 - 11 Years","26.1180705731","0.7%","0.4%"
"2021 Oct 25 12:00:00 AM","12 - 17 Years","22.68000536814","59.5%","51.1%"
"2021 Oct 25 12:00:00 AM","18 - 24 Years","20.59617317543","66.3%","56.7%"
"2021 Oct 25 12:00:00 AM","25 - 49 Years","23.9160926942","72.3%","63.7%"
"2021 Oct 25 12:00:00 AM","50 - 64 Years","19.2994087157","84.3%","76.5%"
"2021 Oct 25 12:00:00 AM","65+ Years","15.92065318752","95%","86.3%"
"2021 Oct 24 12:00:00 AM","<2 Years","9.18099698345","0%","0%"
"2021 Oct 24 12:00:00 AM","2 - 4 Years","21.16925033249","0%","0%"
"2021 Oct 24 12:00:00 AM","5 - 11 Years","26.06785027473","0.7%","0.4%"
"2021 Oct 24 12:00:00 AM","12 - 17 Years","22.90557194384","59.4%","51%"
"2021 Oct 24 12:00:00 AM","18 - 24 Years","20.63730122965","66.2%","56.6%"
"2021 Oct 24 12:00:00 AM","25 - 49 Years","24.02032818539","72.2%","63.6%"
"2021 Oct 24 12:00:00 AM","50 - 64 Years","19.40179706214","84.2%","76.5%"
"2021 Oct 24 12:00:00 AM","65+ Years","16.01737422772","95%","86.3%"
"2021 Oct 23 12:00:00 AM","<2 Years","9.16241949056","0%","0%"
"2021 Oct 23 12:00:00 AM","2 - 4 Years","21.2545170956","0%","0%"
"2021 Oct 23 12:00:00 AM","5 - 11 Years","26.04374453151","0.7%","0.4%"
"2021 Oct 23 12:00:00 AM","12 - 17 Years","23.0471934901","59.4%","51%"
"2021 Oct 23 12:00:00 AM","18 - 24 Years","20.71293903051","66.2%","56.5%"
"2021 Oct 23 12:00:00 AM","25 - 49 Years","24.07363643787","72.2%","63.6%"
"2021 Oct 23 12:00:00 AM","50 - 64 Years","19.36842436385","84.2%","76.4%"
"2021 Oct 23 12:00:00 AM","65+ Years","16.05622120288","95%","86.2%"
"2021 Oct 22 12:00:00 AM","<2 Years","9.24911445736","0%","0%"
"2021 Oct 22 12:00:00 AM","2 - 4 Years","21.46946039426","0%","0%"
"2021 Oct 22 12:00:00 AM","5 - 11 Years","26.17180629235","0.7%","0.4%"
"2021 Oct 22 12:00:00 AM","12 - 17 Years","23.32072865405","59.3%","50.9%"
"2021 Oct 22 12:00:00 AM","18 - 24 Years","20.75926718354","66.1%","56.5%"
"2021 Oct 22 12:00:00 AM","25 - 49 Years","24.15313584168","72.1%","63.5%"
"2021 Oct 22 12:00:00 AM","50 - 64 Years","19.45310474794","84.1%","76.4%"
"2021 Oct 22 12:00:00 AM","65+ Years","16.10775290462","95%","86.2%"
"2021 Oct 21 12:00:00 AM","<2 Years","9.16985048772","0%","0%"
"2021 Oct 21 12:00:00 AM","2 - 4 Years","21.0679960513","0%","0%"
"2021 Oct 21 12:00:00 AM","5 - 11 Years","25.5852332074","0.7%","0.4%"
"2021 Oct 21 12:00:00 AM","12 - 17 Years","22.75081614127","59.2%","50.8%"
"2021 Oct 21 12:00:00 AM","18 - 24 Years","20.0113984275","66%","56.4%"
"2021 Oct 21 12:00:00 AM","25 - 49 Years","23.3552316756","72%","63.4%"
"2021 Oct 21 12:00:00 AM","50 - 64 Years","18.78701293319","84%","76.3%"
"2021 Oct 21 12:00:00 AM","65+ Years","15.6558595201","95%","86.1%"
"2021 Oct 20 12:00:00 AM","<2 Years","9.15622699294","0%","0%"
"2021 Oct 20 12:00:00 AM","2 - 4 Years","21.37175889487","0%","0%"
"2021 Oct 20 12:00:00 AM","5 - 11 Years","25.93426428107","0.7%","0.4%"
"2021 Oct 20 12:00:00 AM","12 - 17 Years","23.37669200701","59.2%","50.7%"
"2021 Oct 20 12:00:00 AM","18 - 24 Years","20.18961999578","66%","56.3%"
"2021 Oct 20 12:00:00 AM","25 - 49 Years","23.61423306108","72%","63.3%"
"2021 Oct 20 12:00:00 AM","50 - 64 Years","18.86919604053","84%","76.3%"
"2021 Oct 20 12:00:00 AM","65+ Years","15.73989583371","94.9%","86.1%"
"2021 Oct 19 12:00:00 AM","<2 Years","9.40516539759","0%","0%"
"2021 Oct 19 12:00:00 AM","2 - 4 Years","21.89401781891","0%","0%"
"2021 Oct 19 12:00:00 AM","5 - 11 Years","26.52284617796","0.7%","0.4%"
"2021 Oct 19 12:00:00 AM","12 - 17 Years","24.35890595688","59.1%","50.6%"
"2021 Oct 19 12:00:00 AM","18 - 24 Years","20.8911605988","65.9%","56.2%"
"2021 Oct 19 12:00:00 AM","25 - 49 Years","24.2929542607","71.9%","63.2%"
"2021 Oct 19 12:00:00 AM","50 - 64 Years","19.36297576005","83.9%","76.2%"
"2021 Oct 19 12:00:00 AM","65+ Years","16.10669584407","94.8%","86.1%"
"2021 Oct 18 12:00:00 AM","<2 Years","9.37544140897","0%","0%"
"2021 Oct 18 12:00:00 AM","2 - 4 Years","22.14981810823","0%","0%"
"2021 Oct 18 12:00:00 AM","5 - 11 Years","26.83622083978","0.7%","0.4%"
"2021 Oct 18 12:00:00 AM","12 - 17 Years","25.0698689613","59%","50.5%"
"2021 Oct 18 12:00:00 AM","18 - 24 Years","21.20505747239","65.8%","56.1%"
"2021 Oct 18 12:00:00 AM","25 - 49 Years","24.63502657063","71.8%","63.2%"
"2021 Oct 18 12:00:00 AM","50 - 64 Years","19.54209861003","83.9%","76.2%"
"2021 Oct 18 12:00:00 AM","65+ Years","16.34109902073","94.7%","86%"
"2021 Oct 17 12:00:00 AM","<2 Years","9.37915690755","0%","0%"
"2021 Oct 17 12:00:00 AM","2 - 4 Years","22.30614050726","0%","0%"
"2021 Oct 17 12:00:00 AM","5 - 11 Years","27.01199188408","0.7%","0.4%"
"2021 Oct 17 12:00:00 AM","12 - 17 Years","25.38052267567","59%","50.5%"
"2021 Oct 17 12:00:00 AM","18 - 24 Years","21.59837403689","65.7%","56%"
"2021 Oct 17 12:00:00 AM","25 - 49 Years","24.96135773405","71.7%","63.1%"
"2021 Oct 17 12:00:00 AM","50 - 64 Years","19.73370784372","83.8%","76.1%"
"2021 Oct 17 12:00:00 AM","65+ Years","16.60827107438","94.7%","86%"
"2021 Oct 16 12:00:00 AM","<2 Years","9.54140034541","0%","0%"
"2021 Oct 16 12:00:00 AM","2 - 4 Years","22.58858666006","0%","0%"
"2021 Oct 16 12:00:00 AM","5 - 11 Years","27.29925199075","0.7%","0.4%"
"2021 Oct 16 12:00:00 AM","12 - 17 Years","25.85335590271","58.9%","50.4%"
"2021 Oct 16 12:00:00 AM","18 - 24 Years","21.9585990635","65.7%","56%"
"2021 Oct 16 12:00:00 AM","25 - 49 Years","25.27644522138","71.7%","63%"
"2021 Oct 16 12:00:00 AM","50 - 64 Years","19.99092734819","83.8%","76.1%"
"2021 Oct 16 12:00:00 AM","65+ Years","16.81941891896","94.6%","86%"
"2021 Oct 15 12:00:00 AM","<2 Years","9.69992828468","0%","0%"
"2021 Oct 15 12:00:00 AM","2 - 4 Years","22.78931883154","0%","0%"
"2021 Oct 15 12:00:00 AM","5 - 11 Years","27.77483821631","0.7%","0.4%"
"2021 Oct 15 12:00:00 AM","12 - 17 Years","26.39300252052","58.9%","50.3%"
"2021 Oct 15 12:00:00 AM","18 - 24 Years","22.45355392291","65.6%","55.9%"
"2021 Oct 15 12:00:00 AM","25 - 49 Years","25.67023844128","71.6%","63%"
"2021 Oct 15 12:00:00 AM","50 - 64 Years","20.26222241248","83.7%","76%"
"2021 Oct 15 12:00:00 AM","65+ Years","17.0530293002","94.6%","86%"
"2021 Oct 14 12:00:00 AM","<2 Years","10.2659225679","0%","0%"
"2021 Oct 14 12:00:00 AM","2 - 4 Years","24.11805922331","0%","0%"
"2021 Oct 14 12:00:00 AM","5 - 11 Years","29.49438123249","0.7%","0.4%"
"2021 Oct 14 12:00:00 AM","12 - 17 Years","28.34486721858","58.8%","50.2%"
"2021 Oct 14 12:00:00 AM","18 - 24 Years","24.15114981607","65.5%","55.8%"
"2021 Oct 14 12:00:00 AM","25 - 49 Years","27.53735006333","71.5%","62.9%"
"2021 Oct 14 12:00:00 AM","50 - 64 Years","21.62119501067","83.7%","76%"
"2021 Oct 14 12:00:00 AM","65+ Years","18.13889474875","94.5%","85.9%"
"2021 Oct 13 12:00:00 AM","<2 Years","10.74026788621","0%","0%"
"2021 Oct 13 12:00:00 AM","2 - 4 Years","24.74512521033","0%","0%"
"2021 Oct 13 12:00:00 AM","5 - 11 Years","30.51385328939","0.7%","0.4%"
"2021 Oct 13 12:00:00 AM","12 - 17 Years","29.6577217946","58.7%","50.1%"
"2021 Oct 13 12:00:00 AM","18 - 24 Years","25.16138719386","65.4%","55.7%"
"2021 Oct 13 12:00:00 AM","25 - 49 Years","28.70563414735","71.5%","62.8%"
"2021 Oct 13 12:00:00 AM","50 - 64 Years","22.53928475124","83.6%","75.9%"
"2021 Oct 13 12:00:00 AM","65+ Years","18.71710686883","94.4%","85.9%"
"2021 Oct 12 12:00:00 AM","<2 Years","10.84058634778","0%","0%"
"2021 Oct 12 12:00:00 AM","2 - 4 Years","24.94763377272","0%","0%"
"2021 Oct 12 12:00:00 AM","5 - 11 Years","30.91662008232","0.7%","0.4%"
"2021 Oct 12 12:00:00 AM","12 - 17 Years","30.20307895863","58.6%","50%"
"2021 Oct 12 12:00:00 AM","18 - 24 Years","25.39775532157","65.3%","55.6%"
"2021 Oct 12 12:00:00 AM","25 - 49 Years","28.98632921374","71.4%","62.7%"
"2021 Oct 12 12:00:00 AM","50 - 64 Years","22.69229970801","83.5%","75.8%"
"2021 Oct 12 12:00:00 AM","65+ Years","18.85188208878","94.4%","85.8%"
"2021 Oct 11 12:00:00 AM","<2 Years","11.07466275813","0%","0%"
"2021 Oct 11 12:00:00 AM","2 - 4 Years","25.20876323473","0%","0%"
"2021 Oct 11 12:00:00 AM","5 - 11 Years","31.39973935263","0.7%","0.4%"
"2021 Oct 11 12:00:00 AM","12 - 17 Years","30.87007075715","58.5%","49.9%"
"2021 Oct 11 12:00:00 AM","18 - 24 Years","25.87427346701","65.3%","55.5%"
"2021 Oct 11 12:00:00 AM","25 - 49 Years","29.52946490769","71.3%","62.6%"
"2021 Oct 11 12:00:00 AM","50 - 64 Years","23.02511859022","83.5%","75.8%"
"2021 Oct 11 12:00:00 AM","65+ Years","19.07862157645","94.3%","85.8%"
"2021 Oct 10 12:00:00 AM","<2 Years","11.39295713621","0%","0%"
"2021 Oct 10 12:00:00 AM","2 - 4 Years","25.94241267564","0%","0%"
"2021 Oct 10 12:00:00 AM","5 - 11 Years","32.60653312246","0.7%","0.4%"
"2021 Oct 10 12:00:00 AM","12 - 17 Years","32.37822601391","58.5%","49.8%"
"2021 Oct 10 12:00:00 AM","18 - 24 Years","26.5857415314","65.2%","55.4%"
"2021 Oct 10 12:00:00 AM","25 - 49 Years","30.42816532286","71.2%","62.5%"
"2021 Oct 10 12:00:00 AM","50 - 64 Years","23.52934146703","83.4%","75.7%"
"2021 Oct 10 12:00:00 AM","65+ Years","19.53236481693","94.2%","85.7%"
"2021 Oct 09 12:00:00 AM","<2 Years","11.42020412578","0%","0%"
"2021 Oct 09 12:00:00 AM","2 - 4 Years","26.0791947748","0%","0%"
"2021 Oct 09 12:00:00 AM","5 - 11 Years","32.84156411883","0.7%","0.4%"
"2021 Oct 09 12:00:00 AM","12 - 17 Years","32.72542722409","58.4%","49.7%"
"2021 Oct 09 12:00:00 AM","18 - 24 Years","26.70250738648","65.1%","55.3%"
"2021 Oct 09 12:00:00 AM","25 - 49 Years","30.52195080923","71.2%","62.4%"
"2021 Oct 09 12:00:00 AM","50 - 64 Years","23.56407631627","83.4%","75.7%"
"2021 Oct 09 12:00:00 AM","65+ Years","19.55033484626","94.2%","85.7%"
"2021 Oct 08 12:00:00 AM","<2 Years","11.50070659494","0%","0%"
"2021 Oct 08 12:00:00 AM","2 - 4 Years","26.32433671873","0%","0%"
"2021 Oct 08 12:00:00 AM","5 - 11 Years","33.25286836247","0.7%","0.4%"
"2021 Oct 08 12:00:00 AM","12 - 17 Years","33.28734497216","58.3%","49.6%"
"2021 Oct 08 12:00:00 AM","18 - 24 Years","27.08542375336","65.1%","55.2%"
"2021 Oct 08 12:00:00 AM","25 - 49 Years","31.01191052925","71.1%","62.4%"
"2021 Oct 08 12:00:00 AM","50 - 64 Years","23.85852794672","83.3%","75.6%"
"2021 Oct 08 12:00:00 AM","65+ Years","19.73029940466","94.1%","85.7%"
"2021 Oct 07 12:00:00 AM","<2 Years","11.99362940614","0%","0%"
"2021 Oct 07 12:00:00 AM","2 - 4 Years","27.48076719339","0%","0%"
"2021 Oct 07 12:00:00 AM","5 - 11 Years","34.74039360018","0.7%","0.4%"
"2021 Oct 07 12:00:00 AM","12 - 17 Years","34.88230053146","58.2%","49.4%"
"2021 Oct 07 12:00:00 AM","18 - 24 Years","28.09566113116","65%","55.1%"
"2021 Oct 07 12:00:00 AM","25 - 49 Years","32.1586332109","71%","62.2%"
"2021 Oct 07 12:00:00 AM","50 - 64 Years","24.7323477814","83.3%","75.5%"
"2021 Oct 07 12:00:00 AM","65+ Years","20.37404927875","94%","85.6%"
"2021 Oct 06 12:00:00 AM","<2 Years","12.20665132455","0%","0%"
"2021 Oct 06 12:00:00 AM","2 - 4 Years","28.393832115","0%","0%"
"2021 Oct 06 12:00:00 AM","5 - 11 Years","35.61724000972","0.7%","0.4%"
"2021 Oct 06 12:00:00 AM","12 - 17 Years","35.74459301071","58.1%","49.3%"
"2021 Oct 06 12:00:00 AM","18 - 24 Years","29.07517065235","64.9%","55%"
"2021 Oct 06 12:00:00 AM","25 - 49 Years","32.99066524085","70.9%","62.1%"
"2021 Oct 06 12:00:00 AM","50 - 64 Years","25.23861388464","83.2%","75.5%"
"2021 Oct 06 12:00:00 AM","65+ Years","20.85950433569","93.9%","85.6%"
"2021 Oct 05 12:00:00 AM","<2 Years","12.90640355652","0%","0%"
"2021 Oct 05 12:00:00 AM","2 - 4 Years","30.26970090338","0%","0%"
"2021 Oct 05 12:00:00 AM","5 - 11 Years","37.59692417145","0.7%","0.4%"
"2021 Oct 05 12:00:00 AM","12 - 17 Years","37.84150558277","58.1%","49.2%"
"2021 Oct 05 12:00:00 AM","18 - 24 Years","31.15899206617","64.8%","54.8%"
"2021 Oct 05 12:00:00 AM","25 - 49 Years","35.12286306132","70.8%","62%"
"2021 Oct 05 12:00:00 AM","50 - 64 Years","26.63368348301","83.1%","75.4%"
"2021 Oct 05 12:00:00 AM","65+ Years","21.8732254018","93.8%","85.5%"
"2021 Oct 04 12:00:00 AM","<2 Years","13.44019685207","0%","0%"
"2021 Oct 04 12:00:00 AM","2 - 4 Years","32.03365706518","0%","0%"
"2021 Oct 04 12:00:00 AM","5 - 11 Years","39.34760377261","0.7%","0.4%"
"2021 Oct 04 12:00:00 AM","12 - 17 Years","39.67401986483","58%","49.1%"
"2021 Oct 04 12:00:00 AM","18 - 24 Years","32.95586257296","64.7%","54.7%"
"2021 Oct 04 12:00:00 AM","25 - 49 Years","36.88256450717","70.7%","61.9%"
"2021 Oct 04 12:00:00 AM","50 - 64 Years","27.93521871613","83.1%","75.3%"
"2021 Oct 04 12:00:00 AM","65+ Years","22.72257355259","93.7%","85.5%"
"2021 Oct 03 12:00:00 AM","<2 Years","13.77830722256","0%","0%"
"2021 Oct 03 12:00:00 AM","2 - 4 Years","32.87033717818","0%","0%"
"2021 Oct 03 12:00:00 AM","5 - 11 Years","40.21792154336","0.7%","0.4%"
"2021 Oct 03 12:00:00 AM","12 - 17 Years","40.64481272227","57.9%","49%"
"2021 Oct 03 12:00:00 AM","18 - 24 Years","33.69994943897","64.6%","54.6%"
"2021 Oct 03 12:00:00 AM","25 - 49 Years","37.36313245069","70.6%","61.8%"
"2021 Oct 03 12:00:00 AM","50 - 64 Years","28.19538954766","83%","75.3%"
"2021 Oct 03 12:00:00 AM","65+ Years","22.80000323778","93.6%","85.4%"
"2021 Oct 02 12:00:00 AM","<2 Years","13.80803121118","0%","0%"
"2021 Oct 02 12:00:00 AM","2 - 4 Years","33.29134182102","0%","0%"
"2021 Oct 02 12:00:00 AM","5 - 11 Years","40.69953420472","0.7%","0.4%"
"2021 Oct 02 12:00:00 AM","12 - 17 Years","41.25812538631","57.9%","48.9%"
"2021 Oct 02 12:00:00 AM","18 - 24 Years","34.07861117954","64.6%","54.5%"
"2021 Oct 02 12:00:00 AM","25 - 49 Years","37.7761060592","70.6%","61.7%"
"2021 Oct 02 12:00:00 AM","50 - 64 Years","28.41310667456","83%","75.2%"
"2021 Oct 02 12:00:00 AM","65+ Years","22.97151131179","93.6%","85.4%"
"2021 Oct 01 12:00:00 AM","<2 Years","13.94550465852","0%","0%"
"2021 Oct 01 12:00:00 AM","2 - 4 Years","33.69991172758","0%","0%"
"2021 Oct 01 12:00:00 AM","5 - 11 Years","40.98026567261","0.7%","0.4%"
"2021 Oct 01 12:00:00 AM","12 - 17 Years","41.82232735287","57.8%","48.7%"
"2021 Oct 01 12:00:00 AM","18 - 24 Years","34.43079968982","64.5%","54.4%"
"2021 Oct 01 12:00:00 AM","25 - 49 Years","38.03629795155","70.5%","61.6%"
"2021 Oct 01 12:00:00 AM","50 - 64 Years","28.60426185794","82.9%","75.2%"
"2021 Oct 01 12:00:00 AM","65+ Years","23.10496520605","93.5%","85.4%"
"2021 Sep 30 12:00:00 AM","<2 Years","13.73248274012","0%","0%"
"2021 Sep 30 12:00:00 AM","2 - 4 Years","33.07817491325","0%","0%"
"2021 Sep 30 12:00:00 AM","5 - 11 Years","40.45445914868","0.7%","0.4%"
"2021 Sep 30 12:00:00 AM","12 - 17 Years","41.53451582337","57.6%","48.5%"
"2021 Sep 30 12:00:00 AM","18 - 24 Years","33.90937160011","64.4%","54.3%"
"2021 Sep 30 12:00:00 AM","25 - 49 Years","36.96947150934","70.4%","61.5%"
"2021 Sep 30 12:00:00 AM","50 - 64 Years","27.61670241889","82.8%","75.1%"
"2021 Sep 30 12:00:00 AM","65+ Years","22.24346085894","93.4%","85.3%"
"2021 Sep 29 12:00:00 AM","<2 Years","13.96160515236","0%","0%"
"2021 Sep 29 12:00:00 AM","2 - 4 Years","33.39437249311","0%","0%"
"2021 Sep 29 12:00:00 AM","5 - 11 Years","40.72916418076","0.7%","0.4%"
"2021 Sep 29 12:00:00 AM","12 - 17 Years","42.15468114289","57.6%","48.4%"
"2021 Sep 29 12:00:00 AM","18 - 24 Years","34.52912883094","64.3%","54.1%"
"2021 Sep 29 12:00:00 AM","25 - 49 Years","37.07026775844","70.3%","61.3%"
"2021 Sep 29 12:00:00 AM","50 - 64 Years","27.62056184658","82.8%","75%"
"2021 Sep 29 12:00:00 AM","65+ Years","22.15863174992","93.3%","85.2%"
"2021 Sep 28 12:00:00 AM","<2 Years","13.6594112681","0%","0%"
"2021 Sep 28 12:00:00 AM","2 - 4 Years","32.43689779904","0%","0%"
"2021 Sep 28 12:00:00 AM","5 - 11 Years","39.84779794437","0.7%","0.4%"
"2021 Sep 28 12:00:00 AM","12 - 17 Years","41.53565793262","57.5%","48.3%"
"2021 Sep 28 12:00:00 AM","18 - 24 Years","33.52030966191","64.2%","54%"
"2021 Sep 28 12:00:00 AM","25 - 49 Years","35.72446587089","70.2%","61.2%"
"2021 Sep 28 12:00:00 AM","50 - 64 Years","26.48316580299","82.7%","74.9%"
"2021 Sep 28 12:00:00 AM","65+ Years","21.25880895793","93.2%","85.2%"
"2021 Sep 27 12:00:00 AM","<2 Years","13.52441481981","0%","0%"
"2021 Sep 27 12:00:00 AM","2 - 4 Years","31.86845271166","0%","0%"
"2021 Sep 27 12:00:00 AM","5 - 11 Years","39.30592092497","0.7%","0.4%"
"2021 Sep 27 12:00:00 AM","12 - 17 Years","41.27468597035","57.4%","48.1%"
"2021 Sep 27 12:00:00 AM","18 - 24 Years","32.89204317848","64.1%","53.8%"
"2021 Sep 27 12:00:00 AM","25 - 49 Years","34.72113312889","70.1%","61.1%"
"2021 Sep 27 12:00:00 AM","50 - 64 Years","25.57869757192","82.6%","74.8%"
"2021 Sep 27 12:00:00 AM","65+ Years","20.63355764343","93%","85.1%"
"2021 Sep 26 12:00:00 AM","<2 Years","13.63216427854","0%","0%"
"2021 Sep 26 12:00:00 AM","2 - 4 Years","32.22017810948","0%","0%"
"2021 Sep 26 12:00:00 AM","5 - 11 Years","39.70467009402","0.7%","0.4%"
"2021 Sep 26 12:00:00 AM","12 - 17 Years","41.95652518905","57.3%","48%"
"2021 Sep 26 12:00:00 AM","18 - 24 Years","33.53969184838","63.9%","53.7%"
"2021 Sep 26 12:00:00 AM","25 - 49 Years","35.14058838596","70%","61%"
"2021 Sep 26 12:00:00 AM","50 - 64 Years","25.90833810192","82.6%","74.7%"
"2021 Sep 26 12:00:00 AM","65+ Years","20.73054294877","92.9%","85%"
"2021 Sep 25 12:00:00 AM","<2 Years","14.28113802997","0%","0%"
"2021 Sep 25 12:00:00 AM","2 - 4 Years","33.19008753983","0%","0%"
"2021 Sep 25 12:00:00 AM","5 - 11 Years","40.75377212696","0.7%","0.4%"
"2021 Sep 25 12:00:00 AM","12 - 17 Years","43.40357760124","57.2%","47.9%"
"2021 Sep 25 12:00:00 AM","18 - 24 Years","34.93757295561","63.9%","53.7%"
"2021 Sep 25 12:00:00 AM","25 - 49 Years","36.43175923561","69.9%","60.9%"
"2021 Sep 25 12:00:00 AM","50 - 64 Years","26.84867630802","82.5%","74.7%"
"2021 Sep 25 12:00:00 AM","65+ Years","21.38803460999","92.8%","85%"
"2021 Sep 24 12:00:00 AM","<2 Years","14.74929085065","0%","0%"
"2021 Sep 24 12:00:00 AM","2 - 4 Years","34.37494026886","0%","0%"
"2021 Sep 24 12:00:00 AM","5 - 11 Years","42.06703292933","0.7%","0.4%"
"2021 Sep 24 12:00:00 AM","12 - 17 Years","44.81807989999","57.1%","47.8%"
"2021 Sep 24 12:00:00 AM","18 - 24 Years","36.89848294303","63.8%","53.6%"
"2021 Sep 24 12:00:00 AM","25 - 49 Years","38.3570734162","69.9%","60.8%"
"2021 Sep 24 12:00:00 AM","50 - 64 Years","28.2426107806","82.5%","74.6%"
"2021 Sep 24 12:00:00 AM","65+ Years","22.26301647909","92.8%","85%"
"2021 Sep 23 12:00:00 AM","<2 Years","14.93258878045","0%","0%"
"2021 Sep 23 12:00:00 AM","2 - 4 Years","34.86522415673","0%","0%"
"2021 Sep 23 12:00:00 AM","5 - 11 Years","42.48335920281","0.7%","0.4%"
"2021 Sep 23 12:00:00 AM","12 - 17 Years","45.64953542965","56.9%","47.5%"
"2021 Sep 23 12:00:00 AM","18 - 24 Years","38.00752219821","63.7%","53.4%"
"2021 Sep 23 12:00:00 AM","25 - 49 Years","39.27812890499","69.7%","60.7%"
"2021 Sep 23 12:00:00 AM","50 - 64 Years","28.81970873326","82.4%","74.5%"
"2021 Sep 23 12:00:00 AM","65+ Years","22.58594847669","92.7%","84.9%"
"2021 Sep 22 12:00:00 AM","<2 Years","14.94745077475","0%","0%"
"2021 Sep 22 12:00:00 AM","2 - 4 Years","35.04108685564","0%","0%"
"2021 Sep 22 12:00:00 AM","5 - 11 Years","42.71688359023","0.7%","0.4%"
"2021 Sep 22 12:00:00 AM","12 - 17 Years","46.11551600122","56.8%","47.3%"
"2021 Sep 22 12:00:00 AM","18 - 24 Years","38.24341758965","63.5%","53.2%"
"2021 Sep 22 12:00:00 AM","25 - 49 Years","39.34254855501","69.6%","60.5%"
"2021 Sep 22 12:00:00 AM","50 - 64 Years","28.69598002193","82.3%","74.4%"
"2021 Sep 22 12:00:00 AM","65+ Years","22.5013836328","92.6%","84.9%"
"2021 Sep 21 12:00:00 AM","<2 Years","15.61500201906","0%","0%"
"2021 Sep 21 12:00:00 AM","2 - 4 Years","36.376932811","0%","0%"
"2021 Sep 21 12:00:00 AM","5 - 11 Years","44.22499915027","0.7%","0.4%"
"2021 Sep 21 12:00:00 AM","12 - 17 Years","48.04910695138","56.7%","47.2%"
"2021 Sep 21 12:00:00 AM","18 - 24 Years","40.54800683475","63.4%","53.1%"
"2021 Sep 21 12:00:00 AM","25 - 49 Years","41.13492280076","69.5%","60.4%"
"2021 Sep 21 12:00:00 AM","50 - 64 Years","30.06221742519","82.3%","74.3%"
"2021 Sep 21 12:00:00 AM","65+ Years","23.4183836587","92.6%","84.8%"
"2021 Sep 20 12:00:00 AM","<2 Years","16.56616965474","0%","0%"
"2021 Sep 20 12:00:00 AM","2 - 4 Years","38.13200701831","0%","0%"
"2021 Sep 20 12:00:00 AM","5 - 11 Years","46.297088661","0.7%","0.4%"
"2021 Sep 20 12:00:00 AM","12 - 17 Years","50.71478992696","56.6%","47%"
"2021 Sep 20 12:00:00 AM","18 - 24 Years","43.76497705277","63.3%","52.9%"
"2021 Sep 20 12:00:00 AM","25 - 49 Years","43.91634370596","69.4%","60.2%"
"2021 Sep 20 12:00:00 AM","50 - 64 Years","31.92359669892","82.2%","74.2%"
"2021 Sep 20 12:00:00 AM","65+ Years","24.59277792819","92.5%","84.8%"
"2021 Sep 19 12:00:00 AM","<2 Years","17.46284331129","0%","0%"
"2021 Sep 19 12:00:00 AM","2 - 4 Years","39.92793821627","0%","0%"
"2021 Sep 19 12:00:00 AM","5 - 11 Years","48.39730153882","0.7%","0.4%"
"2021 Sep 19 12:00:00 AM","12 - 17 Years","53.36905181011","56.5%","46.8%"
"2021 Sep 19 12:00:00 AM","18 - 24 Years","46.46808296117","63.2%","52.7%"
"2021 Sep 19 12:00:00 AM","25 - 49 Years","46.04483772725","69.3%","60.1%"
"2021 Sep 19 12:00:00 AM","50 - 64 Years","33.33682830997","82.1%","74.1%"
"2021 Sep 19 12:00:00 AM","65+ Years","25.48440850093","92.5%","84.7%"
"2021 Sep 18 12:00:00 AM","<2 Years","17.65481073777","0%","0%"
"2021 Sep 18 12:00:00 AM","2 - 4 Years","40.5532278124","0%","0%"
"2021 Sep 18 12:00:00 AM","5 - 11 Years","49.43384849717","0.7%","0.4%"
"2021 Sep 18 12:00:00 AM","12 - 17 Years","55.11647895349","56.4%","46.7%"
"2021 Sep 18 12:00:00 AM","18 - 24 Years","48.09287747099","63.1%","52.6%"
"2021 Sep 18 12:00:00 AM","25 - 49 Years","46.77554439393","69.2%","60%"
"2021 Sep 18 12:00:00 AM","50 - 64 Years","33.6685120664","82.1%","74.1%"
"2021 Sep 18 12:00:00 AM","65+ Years","25.59355000258","92.5%","84.7%"
"2021 Sep 17 12:00:00 AM","<2 Years","17.53467628378","0%","0%"
"2021 Sep 17 12:00:00 AM","2 - 4 Years","39.84977701676","0%","0%"
"2021 Sep 17 12:00:00 AM","5 - 11 Years","48.95324024177","0.7%","0.4%"
"2021 Sep 17 12:00:00 AM","12 - 17 Years","55.04966556272","56.3%","46.4%"
"2021 Sep 17 12:00:00 AM","18 - 24 Years","47.28166205672","63%","52.5%"
"2021 Sep 17 12:00:00 AM","25 - 49 Years","45.70752744483","69.1%","59.9%"
"2021 Sep 17 12:00:00 AM","50 - 64 Years","32.68549313052","82%","74%"
"2021 Sep 17 12:00:00 AM","65+ Years","24.90461079003","92.4%","84.7%"
"2021 Sep 16 12:00:00 AM","<2 Years","17.79104568558","0%","0%"
"2021 Sep 16 12:00:00 AM","2 - 4 Years","40.25124135972","0%","0%"
"2021 Sep 16 12:00:00 AM","5 - 11 Years","49.56191025801","0.7%","0.4%"
"2021 Sep 16 12:00:00 AM","12 - 17 Years","56.27457772695","56.1%","46.1%"
"2021 Sep 16 12:00:00 AM","18 - 24 Years","48.08767737218","62.8%","52.3%"
"2021 Sep 16 12:00:00 AM","25 - 49 Years","46.1354485286","69%","59.7%"
"2021 Sep 16 12:00:00 AM","50 - 64 Years","32.80808671606","81.9%","73.9%"
"2021 Sep 16 12:00:00 AM","65+ Years","24.96724162753","92.4%","84.6%"
"2021 Sep 15 12:00:00 AM","<2 Years","18.58368538198","0%","0%"
"2021 Sep 15 12:00:00 AM","2 - 4 Years","41.67413046909","0%","0%"
"2021 Sep 15 12:00:00 AM","5 - 11 Years","52.16432611953","0.7%","0.4%"
"2021 Sep 15 12:00:00 AM","12 - 17 Years","60.09664631213","55.9%","45.9%"
"2021 Sep 15 12:00:00 AM","18 - 24 Years","50.66692638166","62.7%","52.1%"
"2021 Sep 15 12:00:00 AM","25 - 49 Years","48.03020636595","68.8%","59.5%"
"2021 Sep 15 12:00:00 AM","50 - 64 Years","33.95547186662","81.9%","73.8%"
"2021 Sep 15 12:00:00 AM","65+ Years","25.68815692167","92.3%","84.6%"
"2021 Sep 14 12:00:00 AM","<2 Years","18.6666648502","0%","0%"
"2021 Sep 14 12:00:00 AM","2 - 4 Years","42.09513511194","0%","0%"
"2021 Sep 14 12:00:00 AM","5 - 11 Years","53.60564868274","0.7%","0.4%"
"2021 Sep 14 12:00:00 AM","12 - 17 Years","62.07021108583","55.8%","45.7%"
"2021 Sep 14 12:00:00 AM","18 - 24 Years","51.60294416736","62.5%","52%"
"2021 Sep 14 12:00:00 AM","25 - 49 Years","48.55019331504","68.7%","59.4%"
"2021 Sep 14 12:00:00 AM","50 - 64 Years","34.02176321287","81.8%","73.7%"
"2021 Sep 14 12:00:00 AM","65+ Years","25.62922579609","92.3%","84.5%"
"2021 Sep 13 12:00:00 AM","<2 Years","18.71248933265","0%","0%"
"2021 Sep 13 12:00:00 AM","2 - 4 Years","42.36514652845","0%","0%"
"2021 Sep 13 12:00:00 AM","5 - 11 Years","54.66479477535","0.7%","0.4%"
"2021 Sep 13 12:00:00 AM","12 - 17 Years","63.86846209057","55.7%","45.5%"
"2021 Sep 13 12:00:00 AM","18 - 24 Years","51.63461749647","62.3%","51.8%"
"2021 Sep 13 12:00:00 AM","25 - 49 Years","48.33973815452","68.6%","59.2%"
"2021 Sep 13 12:00:00 AM","50 - 64 Years","33.79950558279","81.7%","73.6%"
"2021 Sep 13 12:00:00 AM","65+ Years","25.35412578832","92.2%","84.5%"
"2021 Sep 12 12:00:00 AM","<2 Years","17.49256729991","0%","0%"
"2021 Sep 12 12:00:00 AM","2 - 4 Years","39.10369283956","0%","0%"
"2021 Sep 12 12:00:00 AM","5 - 11 Years","51.17448403866","0.7%","0.4%"
"2021 Sep 12 12:00:00 AM","12 - 17 Years","60.4901029467","55.5%","45.3%"
"2021 Sep 12 12:00:00 AM","18 - 24 Years","48.40157424577","62.2%","51.6%"
"2021 Sep 12 12:00:00 AM","25 - 49 Years","45.14243351289","68.4%","59%"
"2021 Sep 12 12:00:00 AM","50 - 64 Years","31.34263931857","81.6%","73.4%"
"2021 Sep 12 12:00:00 AM","65+ Years","23.58724908134","92.2%","84.4%"
"2021 Sep 11 12:00:00 AM","<2 Years","17.35880935114","0%","0%"
"2021 Sep 11 12:00:00 AM","2 - 4 Years","38.55123527026","0%","0%"
"2021 Sep 11 12:00:00 AM","5 - 11 Years","50.67981409972","0.7%","0.4%"
"2021 Sep 11 12:00:00 AM","12 - 17 Years","59.67806327419","55.4%","45.2%"
"2021 Sep 11 12:00:00 AM","18 - 24 Years","47.14882316895","62.1%","51.5%"
"2021 Sep 11 12:00:00 AM","25 - 49 Years","44.4924167569","68.4%","59%"
"2021 Sep 11 12:00:00 AM","50 - 64 Years","30.95033984486","81.6%","73.4%"
"2021 Sep 11 12:00:00 AM","65+ Years","23.33566867078","92.2%","84.4%"
"2021 Sep 10 12:00:00 AM","<2 Years","17.62013275105","0%","0%"
"2021 Sep 10 12:00:00 AM","2 - 4 Years","39.17119569369","0%","0%"
"2021 Sep 10 12:00:00 AM","5 - 11 Years","51.39143572762","0.7%","0.4%"
"2021 Sep 10 12:00:00 AM","12 - 17 Years","60.67969308121","55.2%","44.9%"
"2021 Sep 10 12:00:00 AM","18 - 24 Years","47.82294506915","62%","51.4%"
"2021 Sep 10 12:00:00 AM","25 - 49 Years","44.91557581315","68.2%","58.9%"
"2021 Sep 10 12:00:00 AM","50 - 64 Years","31.16374349375","81.5%","73.3%"
"2021 Sep 10 12:00:00 AM","65+ Years","23.50136291177","92.1%","84.4%"
"2021 Sep 09 12:00:00 AM","<2 Years","17.69320422306","0%","0%"
"2021 Sep 09 12:00:00 AM","2 - 4 Years","39.0699414125","0%","0%"
"2021 Sep 09 12:00:00 AM","5 - 11 Years","51.98102203048","0.7%","0.4%"
"2021 Sep 09 12:00:00 AM","12 - 17 Years","61.23361606457","55%","44.5%"
"2021 Sep 09 12:00:00 AM","18 - 24 Years","48.03331270281","61.7%","51.2%"
"2021 Sep 09 12:00:00 AM","25 - 49 Years","44.9122688496","68.1%","58.6%"
"2021 Sep 09 12:00:00 AM","50 - 64 Years","31.1689650724","81.4%","73.2%"
"2021 Sep 09 12:00:00 AM","65+ Years","23.50083438149","92.1%","84.3%"
"2021 Sep 08 12:00:00 AM","<2 Years","17.41330333027","0%","0%"
"2021 Sep 08 12:00:00 AM","2 - 4 Years","38.56722278834","0%","0%"
"2021 Sep 08 12:00:00 AM","5 - 11 Years","51.51096003774","0.7%","0.4%"
"2021 Sep 08 12:00:00 AM","12 - 17 Years","60.02811975749","54.8%","44.3%"
"2021 Sep 08 12:00:00 AM","18 - 24 Years","47.07318536808","61.5%","51%"
"2021 Sep 08 12:00:00 AM","25 - 49 Years","44.19359953025","67.9%","58.5%"
"2021 Sep 08 12:00:00 AM","50 - 64 Years","30.61366153495","81.3%","73.1%"
"2021 Sep 08 12:00:00 AM","65+ Years","23.07906722261","92%","84.2%"
"2021 Sep 07 12:00:00 AM","<2 Years","17.50866779374","0%","0%"
"2021 Sep 07 12:00:00 AM","2 - 4 Years","38.49971993421","0%","0%"
"2021 Sep 07 12:00:00 AM","5 - 11 Years","51.7309249446","0.7%","0.4%"
"2021 Sep 07 12:00:00 AM","12 - 17 Years","60.41129740886","54.7%","44%"
"2021 Sep 07 12:00:00 AM","18 - 24 Years","46.89354559103","61.4%","50.9%"
"2021 Sep 07 12:00:00 AM","25 - 49 Years","44.08632163259","67.7%","58.3%"
"2021 Sep 07 12:00:00 AM","50 - 64 Years","30.53670000625","81.2%","72.9%"
"2021 Sep 07 12:00:00 AM","65+ Years","23.06876088226","92%","84.2%"
"2021 Sep 06 12:00:00 AM","<2 Years","17.18541941755","0%","0%"
"2021 Sep 06 12:00:00 AM","2 - 4 Years","38.20483904513","0%","0%"
"2021 Sep 06 12:00:00 AM","5 - 11 Years","51.37888065303","0.7%","0.4%"
"2021 Sep 06 12:00:00 AM","12 - 17 Years","59.94474578267","54.5%","43.7%"
"2021 Sep 06 12:00:00 AM","18 - 24 Years","46.61888582664","61.2%","50.7%"
"2021 Sep 06 12:00:00 AM","25 - 49 Years","43.3675200347","67.6%","58.1%"
"2021 Sep 06 12:00:00 AM","50 - 64 Years","29.9382616887","81.1%","72.8%"
"2021 Sep 06 12:00:00 AM","65+ Years","22.6977326297","91.9%","84.1%"
"2021 Sep 05 12:00:00 AM","<2 Years","18.09076257079","0%","0%"
"2021 Sep 05 12:00:00 AM","2 - 4 Years","40.90495321022","0%","0%"
"2021 Sep 05 12:00:00 AM","5 - 11 Years","54.67132341414","0.7%","0.4%"
"2021 Sep 05 12:00:00 AM","12 - 17 Years","63.6463218426","54.4%","43.6%"
"2021 Sep 05 12:00:00 AM","18 - 24 Years","49.22129891264","61.1%","50.6%"
"2021 Sep 05 12:00:00 AM","25 - 49 Years","45.70911478734","67.6%","58.1%"
"2021 Sep 05 12:00:00 AM","50 - 64 Years","31.65820428875","81.1%","72.8%"
"2021 Sep 05 12:00:00 AM","65+ Years","23.9212802147","91.9%","84.1%"
"2021 Sep 04 12:00:00 AM","<2 Years","17.87526365333","0%","0%"
"2021 Sep 04 12:00:00 AM","2 - 4 Years","40.32229699565","0%","0%"
"2021 Sep 04 12:00:00 AM","5 - 11 Years","54.12944639473","0.7%","0.4%"
"2021 Sep 04 12:00:00 AM","12 - 17 Years","62.92165352726","54.3%","43.4%"
"2021 Sep 04 12:00:00 AM","18 - 24 Years","48.81663667801","61%","50.6%"
"2021 Sep 04 12:00:00 AM","25 - 49 Years","45.18515948199","67.5%","58%"
"2021 Sep 04 12:00:00 AM","50 - 64 Years","31.25864000997","81%","72.7%"
"2021 Sep 04 12:00:00 AM","65+ Years","23.6395735785","91.9%","84.1%"
"2021 Sep 03 12:00:00 AM","<2 Years","18.0139756002","0%","0%"
"2021 Sep 03 12:00:00 AM","2 - 4 Years","41.00798388231","0%","0%"
"2021 Sep 03 12:00:00 AM","5 - 11 Years","54.92995795075","0.7%","0.4%"
"2021 Sep 03 12:00:00 AM","12 - 17 Years","63.83876725023","54.1%","43.2%"
"2021 Sep 03 12:00:00 AM","18 - 24 Years","49.34137392151","60.9%","50.4%"
"2021 Sep 03 12:00:00 AM","25 - 49 Years","45.61982677141","67.4%","57.9%"
"2021 Sep 03 12:00:00 AM","50 - 64 Years","31.53084317489","81%","72.7%"
"2021 Sep 03 12:00:00 AM","65+ Years","23.74395830767","91.8%","84%"
"2021 Sep 02 12:00:00 AM","<2 Years","18.53414540096","0%","0%"
"2021 Sep 02 12:00:00 AM","2 - 4 Years","42.66180380843","0%","0%"
"2021 Sep 02 12:00:00 AM","5 - 11 Years","55.90423173912","0.7%","0.4%"
"2021 Sep 02 12:00:00 AM","12 - 17 Years","64.94490005308","53.8%","42.8%"
"2021 Sep 02 12:00:00 AM","18 - 24 Years","50.67070827171","60.7%","50.3%"
"2021 Sep 02 12:00:00 AM","25 - 49 Years","46.72580766209","67.2%","57.7%"
"2021 Sep 02 12:00:00 AM","50 - 64 Years","32.11565998293","80.8%","72.5%"
"2021 Sep 02 12:00:00 AM","65+ Years","24.0507701319","91.8%","84%"
"2021 Sep 01 12:00:00 AM","<2 Years","18.82766978853","0%","0%"
"2021 Sep 01 12:00:00 AM","2 - 4 Years","43.43808663089","0%","0%"
"2021 Sep 01 12:00:00 AM","5 - 11 Years","56.04083095068","0.7%","0.4%"
"2021 Sep 01 12:00:00 AM","12 - 17 Years","65.44457284735","53.6%","42.5%"
"2021 Sep 01 12:00:00 AM","18 - 24 Years","51.52494268522","60.5%","50.1%"
"2021 Sep 01 12:00:00 AM","25 - 49 Years","47.61696820037","67%","57.6%"
"2021 Sep 01 12:00:00 AM","50 - 64 Years","32.77403294229","80.7%","72.4%"
"2021 Sep 01 12:00:00 AM","65+ Years","24.37000241758","91.7%","83.9%"
"2021 Aug 31 12:00:00 AM","<2 Years","19.26857561965","0%","0%"
"2021 Aug 31 12:00:00 AM","2 - 4 Years","44.4506294428","0%","0%"
"2021 Aug 31 12:00:00 AM","5 - 11 Years","56.43656690183","0.7%","0.4%"
"2021 Aug 31 12:00:00 AM","12 - 17 Years","65.66157360371","53.4%","42.2%"
"2021 Aug 31 12:00:00 AM","18 - 24 Years","52.99137054948","60.3%","49.9%"
"2021 Aug 31 12:00:00 AM","25 - 49 Years","49.12110750283","66.9%","57.4%"
"2021 Aug 31 12:00:00 AM","50 - 64 Years","33.68962540613","80.6%","72.3%"
"2021 Aug 31 12:00:00 AM","65+ Years","24.7962620838","91.6%","83.9%"
"2021 Aug 30 12:00:00 AM","<2 Years","19.94975035875","0%","0%"
"2021 Aug 30 12:00:00 AM","2 - 4 Years","45.62482382643","0%","0%"
"2021 Aug 30 12:00:00 AM","5 - 11 Years","57.0969638254","0.7%","0.4%"
"2021 Aug 30 12:00:00 AM","12 - 17 Years","66.33827333081","53.2%","41.9%"
"2021 Aug 30 12:00:00 AM","18 - 24 Years","54.40012459059","60.1%","49.7%"
"2021 Aug 30 12:00:00 AM","25 - 49 Years","50.72009052001","66.7%","57.3%"
"2021 Aug 30 12:00:00 AM","50 - 64 Years","34.72304392717","80.5%","72.2%"
"2021 Aug 30 12:00:00 AM","65+ Years","25.41834221665","91.6%","83.8%"
"2021 Aug 29 12:00:00 AM","<2 Years","20.25937524015","0%","0%"
"2021 Aug 29 12:00:00 AM","2 - 4 Years","46.38334273992","0%","0%"
"2021 Aug 29 12:00:00 AM","5 - 11 Years","57.48416232582","0.7%","0.4%"
"2021 Aug 29 12:00:00 AM","12 - 17 Years","66.85907514609","53%","41.5%"
"2021 Aug 29 12:00:00 AM","18 - 24 Years","55.22504935627","59.9%","49.6%"
"2021 Aug 29 12:00:00 AM","25 - 49 Years","51.73122769599","66.5%","57.1%"
"2021 Aug 29 12:00:00 AM","50 - 64 Years","35.22840192977","80.4%","72%"
"2021 Aug 29 12:00:00 AM","65+ Years","25.80311225633","91.5%","83.7%"
"2021 Aug 28 12:00:00 AM","<2 Years","20.47487415761","0%","0%"
"2021 Aug 28 12:00:00 AM","2 - 4 Years","46.92869474563","0%","0%"
"2021 Aug 28 12:00:00 AM","5 - 11 Years","57.6850435193","0.7%","0.4%"
"2021 Aug 28 12:00:00 AM","12 - 17 Years","67.03381786043","52.8%","41.4%"
"2021 Aug 28 12:00:00 AM","18 - 24 Years","55.68691267779","59.8%","49.5%"
"2021 Aug 28 12:00:00 AM","25 - 49 Years","52.19367347924","66.4%","57%"
"2021 Aug 28 12:00:00 AM","50 - 64 Years","35.51990223316","80.3%","72%"
"2021 Aug 28 12:00:00 AM","65+ Years","25.93471629463","91.5%","83.7%"
"2021 Aug 27 12:00:00 AM","<2 Years","20.3535012041","0%","0%"
"2021 Aug 27 12:00:00 AM","2 - 4 Years","46.47393867572","0%","0%"
"2021 Aug 27 12:00:00 AM","5 - 11 Years","56.95333377206","0.7%","0.4%"
"2021 Aug 27 12:00:00 AM","12 - 17 Years","65.90198759958","52.6%","41%"
"2021 Aug 27 12:00:00 AM","18 - 24 Years","55.32763312369","59.7%","49.4%"
"2021 Aug 27 12:00:00 AM","25 - 49 Years","51.86324168102","66.3%","56.9%"
"2021 Aug 27 12:00:00 AM","50 - 64 Years","35.38573036454","80.3%","71.9%"
"2021 Aug 27 12:00:00 AM","65+ Years","25.85358689753","91.4%","83.7%"
"2021 Aug 26 12:00:00 AM","<2 Years","19.87667888674","0%","0%"
"2021 Aug 26 12:00:00 AM","2 - 4 Years","45.18427888371","0%","0%"
"2021 Aug 26 12:00:00 AM","5 - 11 Years","55.63756195477","0.7%","0.4%"
"2021 Aug 26 12:00:00 AM","12 - 17 Years","64.11744190577","52.2%","40.6%"
"2021 Aug 26 12:00:00 AM","18 - 24 Years","53.89335132479","59.4%","49.1%"
"2021 Aug 26 12:00:00 AM","25 - 49 Years","50.9317361874","66.1%","56.7%"
"2021 Aug 26 12:00:00 AM","50 - 64 Years","34.82974575162","80.1%","71.7%"
"2021 Aug 26 12:00:00 AM","65+ Years","25.56765201913","91.4%","83.6%"
"2021 Aug 25 12:00:00 AM","<2 Years","19.62650198256","0%","0%"
"2021 Aug 25 12:00:00 AM","2 - 4 Years","44.23035697144","0%","0%"
"2021 Aug 25 12:00:00 AM","5 - 11 Years","54.39912939698","0.7%","0.4%"
"2021 Aug 25 12:00:00 AM","12 - 17 Years","62.26322754807","52%","40.3%"
"2021 Aug 25 12:00:00 AM","18 - 24 Years","52.85947713422","59.2%","49%"
"2021 Aug 25 12:00:00 AM","25 - 49 Years","50.10010099308","65.9%","56.5%"
"2021 Aug 25 12:00:00 AM","50 - 64 Years","34.21768592457","80%","71.6%"
"2021 Aug 25 12:00:00 AM","65+ Years","25.14007102723","91.3%","83.5%"
"2021 Aug 24 12:00:00 AM","<2 Years","19.09270868702","0%","0%"
"2021 Aug 24 12:00:00 AM","2 - 4 Years","43.02418755164","0%","0%"
"2021 Aug 24 12:00:00 AM","5 - 11 Years","51.89866074115","0.7%","0.4%"
"2021 Aug 24 12:00:00 AM","12 - 17 Years","59.4553519716","51.7%","39.9%"
"2021 Aug 24 12:00:00 AM","18 - 24 Years","50.86074824638","59%","48.8%"
"2021 Aug 24 12:00:00 AM","25 - 49 Years","48.3811413382","65.7%","56.3%"
"2021 Aug 24 12:00:00 AM","50 - 64 Years","33.00242025165","79.8%","71.5%"
"2021 Aug 24 12:00:00 AM","65+ Years","24.51587677328","91.2%","83.5%"
"2021 Aug 23 12:00:00 AM","<2 Years","18.46231242847","0%","0%"
"2021 Aug 23 12:00:00 AM","2 - 4 Years","41.59419287868","0%","0%"
"2021 Aug 23 12:00:00 AM","5 - 11 Years","49.65933763685","0.7%","0.4%"
"2021 Aug 23 12:00:00 AM","12 - 17 Years","56.64347901277","51.5%","39.6%"
"2021 Aug 23 12:00:00 AM","18 - 24 Years","49.23406279153","58.7%","48.6%"
"2021 Aug 23 12:00:00 AM","25 - 49 Years","47.27423449773","65.5%","56.2%"
"2021 Aug 23 12:00:00 AM","50 - 64 Years","32.24438324774","79.7%","71.4%"
"2021 Aug 23 12:00:00 AM","65+ Years","23.9632983715","91.1%","83.4%"
"2021 Aug 22 12:00:00 AM","<2 Years","18.42639594223","0%","0%"
"2021 Aug 22 12:00:00 AM","2 - 4 Years","41.03462974578","0%","0%"
"2021 Aug 22 12:00:00 AM","5 - 11 Years","48.18738069164","0.7%","0.4%"
"2021 Aug 22 12:00:00 AM","12 - 17 Years","54.45976613817","51.2%","39.3%"
"2021 Aug 22 12:00:00 AM","18 - 24 Years","49.2662088569","58.5%","48.5%"
"2021 Aug 22 12:00:00 AM","25 - 49 Years","47.46339281296","65.3%","56%"
"2021 Aug 22 12:00:00 AM","50 - 64 Years","32.34609051871","79.6%","71.2%"
"2021 Aug 22 12:00:00 AM","65+ Years","23.95907012931","91.1%","83.3%"
"2021 Aug 21 12:00:00 AM","<2 Years","18.31121548635","0%","0%"
"2021 Aug 21 12:00:00 AM","2 - 4 Years","40.67757517526","0%","0%"
"2021 Aug 21 12:00:00 AM","5 - 11 Years","47.42654317134","0.7%","0.4%"
"2021 Aug 21 12:00:00 AM","12 - 17 Years","53.53008921352","51.1%","39.2%"
"2021 Aug 21 12:00:00 AM","18 - 24 Years","49.1877346385","58.5%","48.4%"
"2021 Aug 21 12:00:00 AM","25 - 49 Years","47.58336945067","65.2%","56%"
"2021 Aug 21 12:00:00 AM","50 - 64 Years","32.31180971979","79.5%","71.2%"
"2021 Aug 21 12:00:00 AM","65+ Years","23.96409116692","91%","83.3%"
"2021 Aug 20 12:00:00 AM","<2 Years","18.19479653094","0%","0%"
"2021 Aug 20 12:00:00 AM","2 - 4 Years","40.13399956045","0%","0%"
"2021 Aug 20 12:00:00 AM","5 - 11 Years","46.40456009951","0.7%","0.4%"
"2021 Aug 20 12:00:00 AM","12 - 17 Years","52.42053008294","50.8%","38.9%"
"2021 Aug 20 12:00:00 AM","18 - 24 Years","49.1177696727","58.3%","48.3%"
"2021 Aug 20 12:00:00 AM","25 - 49 Years","47.62358212747","65.1%","55.9%"
"2021 Aug 20 12:00:00 AM","50 - 64 Years","32.25255615345","79.5%","71.1%"
"2021 Aug 20 12:00:00 AM","65+ Years","23.8935323753","91%","83.3%"
"2021 Aug 19 12:00:00 AM","<2 Years","18.22947451766","0%","0%"
"2021 Aug 19 12:00:00 AM","2 - 4 Years","40.02563971567","0%","0%"
"2021 Aug 19 12:00:00 AM","5 - 11 Years","45.13197773883","0.7%","0.4%"
"2021 Aug 19 12:00:00 AM","12 - 17 Years","51.20475479266","50.4%","38.5%"
"2021 Aug 19 12:00:00 AM","18 - 24 Years","49.88454787897","58.1%","48.1%"
"2021 Aug 19 12:00:00 AM","25 - 49 Years","48.37637931069","64.9%","55.7%"
"2021 Aug 19 12:00:00 AM","50 - 64 Years","32.68730933179","79.3%","71%"
"2021 Aug 19 12:00:00 AM","65+ Years","24.01694419435","90.9%","83.2%"
"2021 Aug 18 12:00:00 AM","<2 Years","17.9607201206","0%","0%"
"2021 Aug 18 12:00:00 AM","2 - 4 Years","39.38969177415","0%","0%"
"2021 Aug 18 12:00:00 AM","5 - 11 Years","43.41745675249","0.7%","0.4%"
"2021 Aug 18 12:00:00 AM","12 - 17 Years","49.413927498","50.1%","38.2%"
"2021 Aug 18 12:00:00 AM","18 - 24 Years","49.85523823113","57.9%","47.9%"
"2021 Aug 18 12:00:00 AM","25 - 49 Years","48.49648822693","64.7%","55.5%"
"2021 Aug 18 12:00:00 AM","50 - 64 Years","32.72181715586","79.2%","70.8%"
"2021 Aug 18 12:00:00 AM","65+ Years","23.93475773669","90.8%","83.1%"
"2021 Aug 17 12:00:00 AM","<2 Years","17.55325377666","0%","0%"
"2021 Aug 17 12:00:00 AM","2 - 4 Years","38.05917499149","0%","0%"
"2021 Aug 17 12:00:00 AM","5 - 11 Years","41.69138509752","0.7%","0.4%"
"2021 Aug 17 12:00:00 AM","12 - 17 Years","47.44607327052","49.8%","37.9%"
"2021 Aug 17 12:00:00 AM","18 - 24 Years","49.558832599","57.7%","47.8%"
"2021 Aug 17 12:00:00 AM","25 - 49 Years","48.05600068167","64.5%","55.4%"
"2021 Aug 17 12:00:00 AM","50 - 64 Years","32.45370044379","79%","70.7%"
"2021 Aug 17 12:00:00 AM","65+ Years","23.53333899336","90.8%","83.1%"
"2021 Aug 16 12:00:00 AM","<2 Years","17.32536986395","0%","0%"
"2021 Aug 16 12:00:00 AM","2 - 4 Years","37.18696706053","0%","0%"
"2021 Aug 16 12:00:00 AM","5 - 11 Years","39.88044113831","0.7%","0.4%"
"2021 Aug 16 12:00:00 AM","12 - 17 Years","45.49706384557","49.5%","37.6%"
"2021 Aug 16 12:00:00 AM","18 - 24 Years","49.47468554553","57.4%","47.6%"
"2021 Aug 16 12:00:00 AM","25 - 49 Years","47.89052022547","64.3%","55.3%"
"2021 Aug 16 12:00:00 AM","50 - 64 Years","32.18830803362","78.9%","70.6%"
"2021 Aug 16 12:00:00 AM","65+ Years","23.28757241582","90.7%","83%"
"2021 Aug 15 12:00:00 AM","<2 Years","17.01946048112","0%","0%"
"2021 Aug 15 12:00:00 AM","2 - 4 Years","36.09093387641","0%","0%"
"2021 Aug 15 12:00:00 AM","5 - 11 Years","37.92636932875","0.7%","0.4%"
"2021 Aug 15 12:00:00 AM","12 - 17 Years","43.56175973154","49.2%","37.3%"
"2021 Aug 15 12:00:00 AM","18 - 24 Years","49.56876006036","57.2%","47.5%"
"2021 Aug 15 12:00:00 AM","25 - 49 Years","47.97716267056","64.1%","55.1%"
"2021 Aug 15 12:00:00 AM","50 - 64 Years","32.10090334763","78.8%","70.5%"
"2021 Aug 15 12:00:00 AM","65+ Years","22.9979378255","90.6%","83%"
"2021 Aug 14 12:00:00 AM","<2 Years","17.00335998729","0%","0%"
"2021 Aug 14 12:00:00 AM","2 - 4 Years","35.82447524169","0%","0%"
"2021 Aug 14 12:00:00 AM","5 - 11 Years","37.23282700827","0.7%","0.4%"
"2021 Aug 14 12:00:00 AM","12 - 17 Years","42.9278891011","49%","37.2%"
"2021 Aug 14 12:00:00 AM","18 - 24 Years","49.91858488936","57.1%","47.4%"
"2021 Aug 14 12:00:00 AM","25 - 49 Years","48.07663613424","64.1%","55.1%"
"2021 Aug 14 12:00:00 AM","50 - 64 Years","32.12156263705","78.7%","70.5%"
"2021 Aug 14 12:00:00 AM","65+ Years","22.97362543288","90.6%","82.9%"
"2021 Aug 13 12:00:00 AM","<2 Years","16.67763461205","0%","0%"
"2021 Aug 13 12:00:00 AM","2 - 4 Years","34.9806895651","0%","0%"
"2021 Aug 13 12:00:00 AM","5 - 11 Years","36.00393630716","0.7%","0.4%"
"2021 Aug 13 12:00:00 AM","12 - 17 Years","41.62759772676","48.7%","37%"
"2021 Aug 13 12:00:00 AM","18 - 24 Years","49.43875759012","57%","47.3%"
"2021 Aug 13 12:00:00 AM","25 - 49 Years","47.46167319191","63.9%","55%"
"2021 Aug 13 12:00:00 AM","50 - 64 Years","31.68136085491","78.6%","70.4%"
"2021 Aug 13 12:00:00 AM","65+ Years","22.58859112806","90.5%","82.9%"
"2021 Aug 12 12:00:00 AM","<2 Years","16.28998426053","0%","0%"
"2021 Aug 12 12:00:00 AM","2 - 4 Years","34.00012178936","0%","0%"
"2021 Aug 12 12:00:00 AM","5 - 11 Years","34.5118912426","0.7%","0.4%"
"2021 Aug 12 12:00:00 AM","12 - 17 Years","40.74588939036","48.3%","36.6%"
"2021 Aug 12 12:00:00 AM","18 - 24 Years","50.82103840092","56.7%","47.2%"
"2021 Aug 12 12:00:00 AM","25 - 49 Years","48.88274156993","63.7%","54.9%"
"2021 Aug 12 12:00:00 AM","50 - 64 Years","33.19766188787","78.5%","70.3%"
"2021 Aug 12 12:00:00 AM","65+ Years","24.06107647225","90.5%","82.9%"
"2021 Aug 11 12:00:00 AM","<2 Years","15.74752146831","0%","0%"
"2021 Aug 11 12:00:00 AM","2 - 4 Years","32.85790244189","0%","0%"
"2021 Aug 11 12:00:00 AM","5 - 11 Years","32.75819842353","0.7%","0.4%"
"2021 Aug 11 12:00:00 AM","12 - 17 Years","38.99446486463","47.9%","36.4%"
"2021 Aug 11 12:00:00 AM","18 - 24 Years","49.92803961447","56.5%","47%"
"2021 Aug 11 12:00:00 AM","25 - 49 Years","47.79395688972","63.5%","54.7%"
"2021 Aug 11 12:00:00 AM","50 - 64 Years","32.29818821029","78.3%","70.2%"
"2021 Aug 11 12:00:00 AM","65+ Years","23.43159691556","90.4%","82.8%"
"2021 Aug 10 12:00:00 AM","<2 Years","15.40693409876","0%","0%"
"2021 Aug 10 12:00:00 AM","2 - 4 Years","31.90398052962","0%","0%"
"2021 Aug 10 12:00:00 AM","5 - 11 Years","31.419325269","0.7%","0.4%"
"2021 Aug 10 12:00:00 AM","12 - 17 Years","37.67818396087","47.5%","36.1%"
"2021 Aug 10 12:00:00 AM","18 - 24 Years","49.4411212714","56.3%","46.9%"
"2021 Aug 10 12:00:00 AM","25 - 49 Years","47.21788383878","63.3%","54.6%"
"2021 Aug 10 12:00:00 AM","50 - 64 Years","31.77239794343","78.2%","70.1%"
"2021 Aug 10 12:00:00 AM","65+ Years","23.0299139071","90.3%","82.8%"
"2021 Aug 09 12:00:00 AM","<2 Years","14.87933330084","0%","0%"
"2021 Aug 09 12:00:00 AM","2 - 4 Years","30.47398585666","0%","0%"
"2021 Aug 09 12:00:00 AM","5 - 11 Years","30.05383535633","0.7%","0.4%"
"2021 Aug 09 12:00:00 AM","12 - 17 Years","36.25911322515","47.1%","35.9%"
"2021 Aug 09 12:00:00 AM","18 - 24 Years","48.88518343505","56%","46.7%"
"2021 Aug 09 12:00:00 AM","25 - 49 Years","46.40979422496","63.1%","54.5%"
"2021 Aug 09 12:00:00 AM","50 - 64 Years","31.01390688921","78.1%","70%"
"2021 Aug 09 12:00:00 AM","65+ Years","22.42078276597","90.3%","82.7%"
"2021 Aug 08 12:00:00 AM","<2 Years","14.32820101194","0%","0%"
"2021 Aug 08 12:00:00 AM","2 - 4 Years","29.08129539256","0%","0%"
"2021 Aug 08 12:00:00 AM","5 - 11 Years","28.4683805368","0.7%","0.4%"
"2021 Aug 08 12:00:00 AM","12 - 17 Years","34.58649423726","46.7%","35.6%"
"2021 Aug 08 12:00:00 AM","18 - 24 Years","47.49533884416","55.8%","46.6%"
"2021 Aug 08 12:00:00 AM","25 - 49 Years","44.75247637071","62.9%","54.4%"
"2021 Aug 08 12:00:00 AM","50 - 64 Years","29.79160343638","77.9%","69.9%"
"2021 Aug 08 12:00:00 AM","65+ Years","21.67925479113","90.2%","82.7%"
"2021 Aug 07 12:00:00 AM","<2 Years","14.10527109733","0%","0%"
"2021 Aug 07 12:00:00 AM","2 - 4 Years","28.83437705773","0%","0%"
"2021 Aug 07 12:00:00 AM","5 - 11 Years","28.08369305129","0.7%","0.4%"
"2021 Aug 07 12:00:00 AM","12 - 17 Years","34.27584052288","46.5%","35.5%"
"2021 Aug 07 12:00:00 AM","18 - 24 Years","47.31333538583","55.7%","46.6%"
"2021 Aug 07 12:00:00 AM","25 - 49 Years","44.3774667038","62.8%","54.4%"
"2021 Aug 07 12:00:00 AM","50 - 64 Years","29.50645983742","77.9%","69.9%"
"2021 Aug 07 12:00:00 AM","65+ Years","21.41102567692","90.2%","82.7%"
"2021 Aug 06 12:00:00 AM","<2 Years","14.15976507646","0%","0%"
"2021 Aug 06 12:00:00 AM","2 - 4 Years","28.91786742994","0%","0%"
"2021 Aug 06 12:00:00 AM","5 - 11 Years","28.15149045409","0.7%","0.4%"
"2021 Aug 06 12:00:00 AM","12 - 17 Years","34.54366514061","46.1%","35.4%"
"2021 Aug 06 12:00:00 AM","18 - 24 Years","48.14818761287","55.5%","46.5%"
"2021 Aug 06 12:00:00 AM","25 - 49 Years","45.02748345979","62.6%","54.3%"
"2021 Aug 06 12:00:00 AM","50 - 64 Years","29.78433863131","77.8%","69.8%"
"2021 Aug 06 12:00:00 AM","65+ Years","21.47920608231","90.1%","82.6%"
"2021 Aug 05 12:00:00 AM","<2 Years","13.31263140093","0%","0%"
"2021 Aug 05 12:00:00 AM","2 - 4 Years","27.12548901377","0%","0%"
"2021 Aug 05 12:00:00 AM","5 - 11 Years","26.4013130559","0.7%","0.4%"
"2021 Aug 05 12:00:00 AM","12 - 17 Years","32.13038830795","45.7%","35.1%"
"2021 Aug 05 12:00:00 AM","18 - 24 Years","44.61921146628","55.3%","46.3%"
"2021 Aug 05 12:00:00 AM","25 - 49 Years","41.02327971121","62.4%","54.2%"
"2021 Aug 05 12:00:00 AM","50 - 64 Years","26.31879958831","77.6%","69.7%"
"2021 Aug 05 12:00:00 AM","65+ Years","18.5347639242","90.1%","82.6%"
"2021 Aug 04 12:00:00 AM","<2 Years","12.90268805795","0%","0%"
"2021 Aug 04 12:00:00 AM","2 - 4 Years","26.11294620186","0%","0%"
"2021 Aug 04 12:00:00 AM","5 - 11 Years","25.57719795966","0.7%","0.4%"
"2021 Aug 04 12:00:00 AM","12 - 17 Years","31.4159989758","45.2%","34.9%"
"2021 Aug 04 12:00:00 AM","18 - 24 Years","43.88836121543","55%","46.2%"
"2021 Aug 04 12:00:00 AM","25 - 49 Years","40.16399830159","62.2%","54.1%"
"2021 Aug 04 12:00:00 AM","50 - 64 Years","25.55849233282","77.4%","69.7%"
"2021 Aug 04 12:00:00 AM","65+ Years","17.91981895005","90%","82.6%"
"2021 Aug 03 12:00:00 AM","<2 Years","12.37632575956","0%","0%"
"2021 Aug 03 12:00:00 AM","2 - 4 Years","25.41837736071","0%","0%"
"2021 Aug 03 12:00:00 AM","5 - 11 Years","24.7997877409","0.7%","0.4%"
"2021 Aug 03 12:00:00 AM","12 - 17 Years","30.68447800499","44.8%","34.7%"
"2021 Aug 03 12:00:00 AM","18 - 24 Years","43.21849394152","54.8%","46.1%"
"2021 Aug 03 12:00:00 AM","25 - 49 Years","39.41755048839","61.9%","54%"
"2021 Aug 03 12:00:00 AM","50 - 64 Years","24.880822235","77.3%","69.6%"
"2021 Aug 03 12:00:00 AM","65+ Years","17.37094026019","89.9%","82.5%"
"2021 Aug 02 12:00:00 AM","<2 Years","11.71868251145","0%","0%"
"2021 Aug 02 12:00:00 AM","2 - 4 Years","24.29747470402","0%","0%"
"2021 Aug 02 12:00:00 AM","5 - 11 Years","23.53072080109","0.7%","0.4%"
"2021 Aug 02 12:00:00 AM","12 - 17 Years","29.3128048029","44.4%","34.5%"
"2021 Aug 02 12:00:00 AM","18 - 24 Years","41.39420473192","54.6%","46%"
"2021 Aug 02 12:00:00 AM","25 - 49 Years","37.76578833291","61.7%","54%"
"2021 Aug 02 12:00:00 AM","50 - 64 Years","23.69915628552","77.1%","69.5%"
"2021 Aug 02 12:00:00 AM","65+ Years","16.53136991947","89.8%","82.5%"
"2021 Aug 01 12:00:00 AM","<2 Years","10.88393383118","0%","0%"
"2021 Aug 01 12:00:00 AM","2 - 4 Years","22.80352995873","0%","0%"
"2021 Aug 01 12:00:00 AM","5 - 11 Years","22.09241145579","0.7%","0.4%"
"2021 Aug 01 12:00:00 AM","12 - 17 Years","27.78352052513","44%","34.3%"
"2021 Aug 01 12:00:00 AM","18 - 24 Years","39.07779708044","54.3%","45.8%"
"2021 Aug 01 12:00:00 AM","25 - 49 Years","35.56837719118","61.6%","53.9%"
"2021 Aug 01 12:00:00 AM","50 - 64 Years","22.22417383138","77%","69.5%"
"2021 Aug 01 12:00:00 AM","65+ Years","15.41564251043","89.8%","82.4%"
"2021 Jul 31 12:00:00 AM","<2 Years","10.40711151382","0%","0%"
"2021 Jul 31 12:00:00 AM","2 - 4 Years","21.58670219354","0%","0%"
"2021 Jul 31 12:00:00 AM","5 - 11 Years","21.10909801371","0.7%","0.4%"
"2021 Jul 31 12:00:00 AM","12 - 17 Years","26.56203468863","43.8%","34.2%"
"2021 Jul 31 12:00:00 AM","18 - 24 Years","37.57969588707","54.2%","45.8%"
"2021 Jul 31 12:00:00 AM","25 - 49 Years","34.27482532777","61.5%","53.8%"
"2021 Jul 31 12:00:00 AM","50 - 64 Years","21.34195406584","76.9%","69.4%"
"2021 Jul 31 12:00:00 AM","65+ Years","14.74308773639","89.7%","82.4%"
"2021 Jul 30 12:00:00 AM","<2 Years","9.74327576808","0%","0%"
"2021 Jul 30 12:00:00 AM","2 - 4 Years","20.16914225686","0%","0%"
"2021 Jul 30 12:00:00 AM","5 - 11 Years","19.85710597536","0.7%","0.4%"
"2021 Jul 30 12:00:00 AM","12 - 17 Years","25.07729267138","43.5%","34%"
"2021 Jul 30 12:00:00 AM","18 - 24 Years","35.44529169392","54.1%","45.7%"
"2021 Jul 30 12:00:00 AM","25 - 49 Years","32.43668270645","61.3%","53.8%"
"2021 Jul 30 12:00:00 AM","50 - 64 Years","20.05086199001","76.8%","69.4%"
"2021 Jul 30 12:00:00 AM","65+ Years","13.89638223696","89.7%","82.4%"
"2021 Jul 29 12:00:00 AM","<2 Years","9.30980093411","0%","0%"
"2021 Jul 29 12:00:00 AM","2 - 4 Years","19.08376741813","0%","0%"
"2021 Jul 29 12:00:00 AM","5 - 11 Years","18.82658545281","0.7%","0.4%"
"2021 Jul 29 12:00:00 AM","12 - 17 Years","23.88721483909","43.1%","33.8%"
"2021 Jul 29 12:00:00 AM","18 - 24 Years","33.52314607945","53.8%","45.6%"
"2021 Jul 29 12:00:00 AM","25 - 49 Years","30.99061368397","61.1%","53.7%"
"2021 Jul 29 12:00:00 AM","50 - 64 Years","19.08373481522","76.6%","69.3%"
"2021 Jul 29 12:00:00 AM","65+ Years","13.19925080517","89.6%","82.4%"
"2021 Jul 28 12:00:00 AM","<2 Years","8.79830063003","0%","0%"
"2021 Jul 28 12:00:00 AM","2 - 4 Years","17.82963544409","0%","0%"
"2021 Jul 28 12:00:00 AM","5 - 11 Years","17.59819695469","0.7%","0.4%"
"2021 Jul 28 12:00:00 AM","12 - 17 Years","22.43216766219","42.7%","33.6%"
"2021 Jul 28 12:00:00 AM","18 - 24 Years","31.42845173175","53.6%","45.4%"
"2021 Jul 28 12:00:00 AM","25 - 49 Years","29.19863627384","60.9%","53.6%"
"2021 Jul 28 12:00:00 AM","50 - 64 Years","18.07324583517","76.5%","69.2%"
"2021 Jul 28 12:00:00 AM","65+ Years","12.48309228349","89.6%","82.3%"
"2021 Jul 27 12:00:00 AM","<2 Years","8.21001335536","0%","0%"
"2021 Jul 27 12:00:00 AM","2 - 4 Years","16.65366466955","0%","0%"
"2021 Jul 27 12:00:00 AM","5 - 11 Years","16.38336793713","0.7%","0.4%"
"2021 Jul 27 12:00:00 AM","12 - 17 Years","20.95313619115","42.3%","33.4%"
"2021 Jul 27 12:00:00 AM","18 - 24 Years","29.2103732214","53.4%","45.3%"
"2021 Jul 27 12:00:00 AM","25 - 49 Years","27.31102147776","60.7%","53.5%"
"2021 Jul 27 12:00:00 AM","50 - 64 Years","16.93812004317","76.3%","69.1%"
"2021 Jul 27 12:00:00 AM","65+ Years","11.72517987015","89.5%","82.3%"
"2021 Jul 26 12:00:00 AM","<2 Years","7.71585204464","0%","0%"
"2021 Jul 26 12:00:00 AM","2 - 4 Years","15.64112185764","0%","0%"
"2021 Jul 26 12:00:00 AM","5 - 11 Years","15.28002798195","0.7%","0.4%"
"2021 Jul 26 12:00:00 AM","12 - 17 Years","19.73564773701","42%","33.2%"
"2021 Jul 26 12:00:00 AM","18 - 24 Years","27.55201443744","53.2%","45.2%"
"2021 Jul 26 12:00:00 AM","25 - 49 Years","25.80661761821","60.6%","53.4%"
"2021 Jul 26 12:00:00 AM","50 - 64 Years","16.07542444124","76.2%","69.1%"
"2021 Jul 26 12:00:00 AM","65+ Years","11.10389253271","89.4%","82.2%"
"2021 Jul 25 12:00:00 AM","<2 Years","7.32200919549","0%","0%"
"2021 Jul 25 12:00:00 AM","2 - 4 Years","14.97852805266","0%","0%"
"2021 Jul 25 12:00:00 AM","5 - 11 Years","14.6437368016","0.7%","0.4%"
"2021 Jul 25 12:00:00 AM","12 - 17 Years","18.99841621998","41.6%","33.1%"
"2021 Jul 25 12:00:00 AM","18 - 24 Years","26.68312520001","53%","45.1%"
"2021 Jul 25 12:00:00 AM","25 - 49 Years","24.94693937296","60.4%","53.3%"
"2021 Jul 25 12:00:00 AM","50 - 64 Years","15.54214234416","76.1%","69%"
"2021 Jul 25 12:00:00 AM","65+ Years","10.54312191168","89.4%","82.2%"
"2021 Jul 24 12:00:00 AM","<2 Years","6.83899438049","0%","0%"
"2021 Jul 24 12:00:00 AM","2 - 4 Years","14.32659259306","0%","0%"
"2021 Jul 24 12:00:00 AM","5 - 11 Years","13.87134861268","0.7%","0.4%"
"2021 Jul 24 12:00:00 AM","12 - 17 Years","18.14012112308","41.4%","33%"
"2021 Jul 24 12:00:00 AM","18 - 24 Years","25.53863072568","52.9%","45%"
"2021 Jul 24 12:00:00 AM","25 - 49 Years","23.9126534521","60.3%","53.3%"
"2021 Jul 24 12:00:00 AM","50 - 64 Years","14.84131568017","76%","69%"
"2021 Jul 24 12:00:00 AM","65+ Years","10.01934840985","89.3%","82.2%"
"2021 Jul 23 12:00:00 AM","<2 Years","6.40056554842","0%","0%"
"2021 Jul 23 12:00:00 AM","2 - 4 Years","13.53076947072","0%","0%"
"2021 Jul 23 12:00:00 AM","5 - 11 Years","12.97893391065","0.7%","0.4%"
"2021 Jul 23 12:00:00 AM","12 - 17 Years","17.05568839587","41.2%","32.9%"
"2021 Jul 23 12:00:00 AM","18 - 24 Years","24.13460404713","52.8%","45%"
"2021 Jul 23 12:00:00 AM","25 - 49 Years","22.59119081631","60.2%","53.2%"
"2021 Jul 23 12:00:00 AM","50 - 64 Years","14.09235968261","75.9%","68.9%"
"2021 Jul 23 12:00:00 AM","65+ Years","9.4612204402","89.3%","82.2%"
"2021 Jul 22 12:00:00 AM","<2 Years","5.98814520639","0%","0%"
"2021 Jul 22 12:00:00 AM","2 - 4 Years","12.72073522119","0%","0%"
"2021 Jul 22 12:00:00 AM","5 - 11 Years","12.1302108682","0.7%","0.4%"
"2021 Jul 22 12:00:00 AM","12 - 17 Years","16.14142994601","40.8%","32.7%"
"2021 Jul 22 12:00:00 AM","18 - 24 Years","23.01185544054","52.6%","44.8%"
"2021 Jul 22 12:00:00 AM","25 - 49 Years","21.55783084525","60%","53.1%"
"2021 Jul 22 12:00:00 AM","50 - 64 Years","13.45873246551","75.8%","68.8%"
"2021 Jul 22 12:00:00 AM","65+ Years","8.98237201168","89.2%","82.1%"
"2021 Jul 21 12:00:00 AM","<2 Years","5.60297185392","0%","0%"
"2021 Jul 21 12:00:00 AM","2 - 4 Years","11.98530938938","0%","0%"
"2021 Jul 21 12:00:00 AM","5 - 11 Years","11.48488003415","0.7%","0.4%"
"2021 Jul 21 12:00:00 AM","12 - 17 Years","15.36136933233","40.5%","32.5%"
"2021 Jul 21 12:00:00 AM","18 - 24 Years","22.00256353526","52.4%","44.7%"
"2021 Jul 21 12:00:00 AM","25 - 49 Years","20.55224936804","59.9%","53%"
"2021 Jul 21 12:00:00 AM","50 - 64 Years","12.82260797167","75.6%","68.8%"
"2021 Jul 21 12:00:00 AM","65+ Years","8.56219044362","89.2%","82.1%"
"2021 Jul 20 12:00:00 AM","<2 Years","5.55714737147","0%","0%"
"2021 Jul 20 12:00:00 AM","2 - 4 Years","11.68687571851","0%","0%"
"2021 Jul 20 12:00:00 AM","5 - 11 Years","11.11726745009","0.7%","0.4%"
"2021 Jul 20 12:00:00 AM","12 - 17 Years","15.63319133242","40.2%","32.3%"
"2021 Jul 20 12:00:00 AM","18 - 24 Years","22.68614016057","52.2%","44.6%"
"2021 Jul 20 12:00:00 AM","25 - 49 Years","21.00159957563","59.7%","52.9%"
"2021 Jul 20 12:00:00 AM","50 - 64 Years","13.40969503129","75.5%","68.7%"
"2021 Jul 20 12:00:00 AM","65+ Years","8.74796883503","89.1%","82%"
"2021 Jul 19 12:00:00 AM","<2 Years","5.69585931834","0%","0%"
"2021 Jul 19 12:00:00 AM","2 - 4 Years","11.77214248161","0%","0%"
"2021 Jul 19 12:00:00 AM","5 - 11 Years","11.40302094781","0.7%","0.4%"
"2021 Jul 19 12:00:00 AM","12 - 17 Years","16.56401036631","39.9%","32.1%"
"2021 Jul 19 12:00:00 AM","18 - 24 Years","23.54841109043","52.1%","44.4%"
"2021 Jul 19 12:00:00 AM","25 - 49 Years","21.80056197004","59.6%","52.8%"
"2021 Jul 19 12:00:00 AM","50 - 64 Years","14.30144985349","75.4%","68.6%"
"2021 Jul 19 12:00:00 AM","65+ Years","9.21756798375","89%","82%"
"2021 Jul 18 12:00:00 AM","<2 Years","5.25743048627","0%","0%"
"2021 Jul 18 12:00:00 AM","2 - 4 Years","10.62459396145","0%","0%"
"2021 Jul 18 12:00:00 AM","5 - 11 Years","10.35341671189","0.7%","0.4%"
"2021 Jul 18 12:00:00 AM","12 - 17 Years","15.30540597938","39.6%","31.9%"
"2021 Jul 18 12:00:00 AM","18 - 24 Years","21.77139550636","51.9%","44.3%"
"2021 Jul 18 12:00:00 AM","25 - 49 Years","20.27737455751","59.5%","52.8%"
"2021 Jul 18 12:00:00 AM","50 - 64 Years","13.2841501187","75.3%","68.5%"
"2021 Jul 18 12:00:00 AM","65+ Years","8.65071926456","89%","82%"
"2021 Jul 17 12:00:00 AM","<2 Years","5.14844252802","0%","0%"
"2021 Jul 17 12:00:00 AM","2 - 4 Years","10.17694345513","0%","0%"
"2021 Jul 17 12:00:00 AM","5 - 11 Years","9.97174244428","0.7%","0.4%"
"2021 Jul 17 12:00:00 AM","12 - 17 Years","14.79716736578","39.5%","31.8%"
"2021 Jul 17 12:00:00 AM","18 - 24 Years","21.13461977034","51.8%","44.3%"
"2021 Jul 17 12:00:00 AM","25 - 49 Years","19.6561945237","59.4%","52.7%"
"2021 Jul 17 12:00:00 AM","50 - 64 Years","12.86233737439","75.3%","68.5%"
"2021 Jul 17 12:00:00 AM","65+ Years","8.40283856592","89%","82%"
"2021 Jul 16 12:00:00 AM","<2 Years","5.00601508257","0%","0%"
"2021 Jul 16 12:00:00 AM","2 - 4 Years","9.78613745755","0%","0%"
"2021 Jul 16 12:00:00 AM","5 - 11 Years","9.55993599764","0.7%","0.4%"
"2021 Jul 16 12:00:00 AM","12 - 17 Years","14.35003159674","39.3%","31.6%"
"2021 Jul 16 12:00:00 AM","18 - 24 Years","20.50020771558","51.7%","44.2%"
"2021 Jul 16 12:00:00 AM","25 - 49 Years","19.10512211722","59.4%","52.6%"
"2021 Jul 16 12:00:00 AM","50 - 64 Years","12.47775675606","75.2%","68.5%"
"2021 Jul 16 12:00:00 AM","65+ Years","8.10421896094","89%","81.9%"
"2021 Jul 15 12:00:00 AM","<2 Years","4.78927766559","0%","0%"
"2021 Jul 15 12:00:00 AM","2 - 4 Years","9.42730649614","0%","0%"
"2021 Jul 15 12:00:00 AM","5 - 11 Years","9.23400626123","0.7%","0.4%"
"2021 Jul 15 12:00:00 AM","12 - 17 Years","13.86349305878","39%","31.4%"
"2021 Jul 15 12:00:00 AM","18 - 24 Years","20.01376210877","51.6%","44%"
"2021 Jul 15 12:00:00 AM","25 - 49 Years","18.64082443437","59.2%","52.5%"
"2021 Jul 15 12:00:00 AM","50 - 64 Years","12.24437489322","75.1%","68.4%"
"2021 Jul 15 12:00:00 AM","65+ Years","7.89386391177","88.9%","81.9%"
"2021 Jul 14 12:00:00 AM","<2 Years","4.59359474054","0%","0%"
"2021 Jul 14 12:00:00 AM","2 - 4 Years","9.0045254624","0%","0%"
"2021 Jul 14 12:00:00 AM","5 - 11 Years","8.79407644751","0.7%","0.4%"
"2021 Jul 14 12:00:00 AM","12 - 17 Years","13.27130941574","38.7%","31.2%"
"2021 Jul 14 12:00:00 AM","18 - 24 Years","19.26731156149","51.4%","43.9%"
"2021 Jul 14 12:00:00 AM","25 - 49 Years","17.97162728978","59.1%","52.4%"
"2021 Jul 14 12:00:00 AM","50 - 64 Years","11.87432388502","75%","68.3%"
"2021 Jul 14 12:00:00 AM","65+ Years","7.57436736096","88.9%","81.9%"
"2021 Jul 13 12:00:00 AM","<2 Years","4.04989344879","0%","0%"
"2021 Jul 13 12:00:00 AM","2 - 4 Years","7.99553543228","0%","0%"
"2021 Jul 13 12:00:00 AM","5 - 11 Years","7.89262209177","0.7%","0.4%"
"2021 Jul 13 12:00:00 AM","12 - 17 Years","11.48961899504","38.5%","30.9%"
"2021 Jul 13 12:00:00 AM","18 - 24 Years","16.4379850729","51.3%","43.8%"
"2021 Jul 13 12:00:00 AM","25 - 49 Years","15.48809766144","59%","52.3%"
"2021 Jul 13 12:00:00 AM","50 - 64 Years","10.0510848379","75%","68.2%"
"2021 Jul 13 12:00:00 AM","65+ Years","6.50303649495","88.8%","81.8%"
"2021 Jul 12 12:00:00 AM","<2 Years","3.3303252244","0%","0%"
"2021 Jul 12 12:00:00 AM","2 - 4 Years","6.55665880483","0%","0%"
"2021 Jul 12 12:00:00 AM","5 - 11 Years","6.31570472297","0.7%","0.4%"
"2021 Jul 12 12:00:00 AM","12 - 17 Years","8.86562300686","38.3%","30.7%"
"2021 Jul 12 12:00:00 AM","18 - 24 Years","13.26545206288","51.2%","43.6%"
"2021 Jul 12 12:00:00 AM","25 - 49 Years","12.53021718105","58.9%","52.2%"
"2021 Jul 12 12:00:00 AM","50 - 64 Years","7.87209736757","74.9%","68.1%"
"2021 Jul 12 12:00:00 AM","65+ Years","5.13335028911","88.8%","81.8%"
"2021 Jul 11 12:00:00 AM","<2 Years","3.11358780742","0%","0%"
"2021 Jul 11 12:00:00 AM","2 - 4 Years","6.23157927048","0%","0%"
"2021 Jul 11 12:00:00 AM","5 - 11 Years","6.0867001624","0.7%","0.4%"
"2021 Jul 11 12:00:00 AM","12 - 17 Years","8.63548799418","38%","30.5%"
"2021 Jul 11 12:00:00 AM","18 - 24 Years","12.7553696433","51%","43.5%"
"2021 Jul 11 12:00:00 AM","25 - 49 Years","11.9173706954","58.8%","52.1%"
"2021 Jul 11 12:00:00 AM","50 - 64 Years","7.62327779396","74.8%","68.1%"
"2021 Jul 11 12:00:00 AM","65+ Years","4.93092319406","88.7%","81.7%"
"2021 Jul 10 12:00:00 AM","<2 Years","2.9773528596","0%","0%"
"2021 Jul 10 12:00:00 AM","2 - 4 Years","6.09302078043","0%","0%"
"2021 Jul 10 12:00:00 AM","5 - 11 Years","5.89636523158","0.7%","0.4%"
"2021 Jul 10 12:00:00 AM","12 - 17 Years","8.41620301933","37.9%","30.4%"
"2021 Jul 10 12:00:00 AM","18 - 24 Years","12.26561488271","51%","43.5%"
"2021 Jul 10 12:00:00 AM","25 - 49 Years","11.4623325105","58.8%","52.1%"
"2021 Jul 10 12:00:00 AM","50 - 64 Years","7.41282547212","74.8%","68%"
"2021 Jul 10 12:00:00 AM","65+ Years","4.8508508575","88.7%","81.7%"
"2021 Jul 09 12:00:00 AM","<2 Years","2.89685039043","0%","0%"
"2021 Jul 09 12:00:00 AM","2 - 4 Years","6.1249958166","0%","0%"
"2021 Jul 09 12:00:00 AM","5 - 11 Years","6.01388072976","0.7%","0.4%"
"2021 Jul 09 12:00:00 AM","12 - 17 Years","8.69830400261","37.8%","30.2%"
"2021 Jul 09 12:00:00 AM","18 - 24 Years","12.03208317254","50.9%","43.4%"
"2021 Jul 09 12:00:00 AM","25 - 49 Years","11.26907356046","58.7%","52%"
"2021 Jul 09 12:00:00 AM","50 - 64 Years","7.39647966072","74.7%","68%"
"2021 Jul 09 12:00:00 AM","65+ Years","4.89286901431","88.7%","81.7%"
"2021 Jul 08 12:00:00 AM","<2 Years","2.76928493929","0%","0%"
"2021 Jul 08 12:00:00 AM","2 - 4 Years","5.86564274548","0%","0%"
"2021 Jul 08 12:00:00 AM","5 - 11 Years","5.82304359596","0.7%","0.4%"
"2021 Jul 08 12:00:00 AM","12 - 17 Years","8.52984288911","37.5%","29.9%"
"2021 Jul 08 12:00:00 AM","18 - 24 Years","11.33101530577","50.7%","43.2%"
"2021 Jul 08 12:00:00 AM","25 - 49 Years","10.62686123845","58.6%","51.9%"
"2021 Jul 08 12:00:00 AM","50 - 64 Years","7.02960700474","74.6%","67.9%"
"2021 Jul 08 12:00:00 AM","65+ Years","4.72109667516","88.7%","81.6%"
"2021 Jul 07 12:00:00 AM","<2 Years","2.61199549954","0%","0%"
"2021 Jul 07 12:00:00 AM","2 - 4 Years","5.69510921926","0%","0%"
"2021 Jul 07 12:00:00 AM","5 - 11 Years","5.6924708202","0.7%","0.4%"
"2021 Jul 07 12:00:00 AM","12 - 17 Years","8.40992141849","37.3%","29.7%"
"2021 Jul 07 12:00:00 AM","18 - 24 Years","10.74907697537","50.6%","43.1%"
"2021 Jul 07 12:00:00 AM","25 - 49 Years","10.10608061812","58.5%","51.8%"
"2021 Jul 07 12:00:00 AM","50 - 64 Years","6.73016082081","74.5%","67.8%"
"2021 Jul 07 12:00:00 AM","65+ Years","4.60059177262","88.6%","81.6%"
"2021 Jul 06 12:00:00 AM","<2 Years","2.49805354318","0%","0%"
"2021 Jul 06 12:00:00 AM","2 - 4 Years","5.3789116394","0%","0%"
"2021 Jul 06 12:00:00 AM","5 - 11 Years","5.35247940024","0.7%","0.4%"
"2021 Jul 06 12:00:00 AM","12 - 17 Years","8.04673067888","37.1%","29.4%"
"2021 Jul 06 12:00:00 AM","18 - 24 Years","10.02815418588","50.4%","42.9%"
"2021 Jul 06 12:00:00 AM","25 - 49 Years","9.49508603206","58.4%","51.7%"
"2021 Jul 06 12:00:00 AM","50 - 64 Years","6.39234738511","74.5%","67.7%"
"2021 Jul 06 12:00:00 AM","65+ Years","4.36513153542","88.6%","81.5%"
"2021 Jul 05 12:00:00 AM","<2 Years","2.40145058018","0%","0%"
"2021 Jul 05 12:00:00 AM","2 - 4 Years","5.18528503151","0%","0%"
"2021 Jul 05 12:00:00 AM","5 - 11 Years","5.08179199202","0.7%","0.4%"
"2021 Jul 05 12:00:00 AM","12 - 17 Years","7.67668728381","36.9%","29.1%"
"2021 Jul 05 12:00:00 AM","18 - 24 Years","9.37956004347","50.3%","42.7%"
"2021 Jul 05 12:00:00 AM","25 - 49 Years","8.83303192874","58.3%","51.6%"
"2021 Jul 05 12:00:00 AM","50 - 64 Years","6.01957207501","74.4%","67.6%"
"2021 Jul 05 12:00:00 AM","65+ Years","4.16323297064","88.5%","81.5%"
"2021 Jul 04 12:00:00 AM","<2 Years","2.4745220522","0%","0%"
"2021 Jul 04 12:00:00 AM","2 - 4 Years","5.29719765809","0%","0%"
"2021 Jul 04 12:00:00 AM","5 - 11 Years","5.00997696536","0.7%","0.4%"
"2021 Jul 04 12:00:00 AM","12 - 17 Years","7.56875796025","36.7%","28.9%"
"2021 Jul 04 12:00:00 AM","18 - 24 Years","9.39657854866","50.2%","42.6%"
"2021 Jul 04 12:00:00 AM","25 - 49 Years","8.73448441486","58.2%","51.5%"
"2021 Jul 04 12:00:00 AM","50 - 64 Years","5.94692402432","74.3%","67.6%"
"2021 Jul 04 12:00:00 AM","65+ Years","4.09003152765","88.5%","81.5%"
"2021 Jul 03 12:00:00 AM","<2 Years","2.42498207117","0%","0%"
"2021 Jul 03 12:00:00 AM","2 - 4 Years","5.1035710502","0%","0%"
"2021 Jul 03 12:00:00 AM","5 - 11 Years","4.82817948526","0.7%","0.4%"
"2021 Jul 03 12:00:00 AM","12 - 17 Years","7.26724111983","36.7%","28.9%"
"2021 Jul 03 12:00:00 AM","18 - 24 Years","9.04202635711","50.2%","42.6%"
"2021 Jul 03 12:00:00 AM","25 - 49 Years","8.4139735073","58.2%","51.5%"
"2021 Jul 03 12:00:00 AM","50 - 64 Years","5.72126101687","74.3%","67.6%"
"2021 Jul 03 12:00:00 AM","65+ Years","3.86831307758","88.5%","81.5%"
"2021 Jul 02 12:00:00 AM","<2 Years","2.32714060865","0%","0%"
"2021 Jul 02 12:00:00 AM","2 - 4 Years","4.6399330258","0%","0%"
"2021 Jul 02 12:00:00 AM","5 - 11 Years","4.31894565979","0.7%","0.4%"
"2021 Jul 02 12:00:00 AM","12 - 17 Years","6.40209336746","36.6%","28.7%"
"2021 Jul 02 12:00:00 AM","18 - 24 Years","8.54990791523","50.1%","42.5%"
"2021 Jul 02 12:00:00 AM","25 - 49 Years","7.84676311868","58.1%","51.4%"
"2021 Jul 02 12:00:00 AM","50 - 64 Years","5.31193465627","74.3%","67.5%"
"2021 Jul 02 12:00:00 AM","65+ Years","3.5903061533","88.5%","81.4%"
"2021 Jul 01 12:00:00 AM","<2 Years","2.26150013379","0%","0%"
"2021 Jul 01 12:00:00 AM","2 - 4 Years","4.34860491851","0%","0%"
"2021 Jul 01 12:00:00 AM","5 - 11 Years","4.00607320095","0.7%","0.4%"
"2021 Jul 01 12:00:00 AM","12 - 17 Years","6.01834466147","36.3%","28.4%"
"2021 Jul 01 12:00:00 AM","18 - 24 Years","8.19393751491","50%","42.4%"
"2021 Jul 01 12:00:00 AM","25 - 49 Years","7.45376357003","58%","51.3%"
"2021 Jul 01 12:00:00 AM","50 - 64 Years","5.01702897551","74.2%","67.4%"
"2021 Jul 01 12:00:00 AM","65+ Years","3.3775727179","88.4%","81.4%"
"2021 Jun 30 12:00:00 AM","<2 Years","2.14631967791","0%","0%"
"2021 Jun 30 12:00:00 AM","2 - 4 Years","4.04484207494","0%","0%"
"2021 Jun 30 12:00:00 AM","5 - 11 Years","3.70274259879","0.7%","0.4%"
"2021 Jun 30 12:00:00 AM","12 - 17 Years","5.52152714031","36.1%","28.1%"
"2021 Jun 30 12:00:00 AM","18 - 24 Years","7.65974554631","49.8%","42.2%"
"2021 Jun 30 12:00:00 AM","25 - 49 Years","7.01287918914","57.9%","51.2%"
"2021 Jun 30 12:00:00 AM","50 - 64 Years","4.72757189855","74.1%","67.3%"
"2021 Jun 30 12:00:00 AM","65+ Years","3.12995628439","88.4%","81.3%"
"2021 Jun 29 12:00:00 AM","<2 Years","2.07200970637","0%","0%"
"2021 Jun 29 12:00:00 AM","2 - 4 Years","4.00931425698","0%","0%"
"2021 Jun 29 12:00:00 AM","5 - 11 Years","3.64046942882","0.6%","0.4%"
"2021 Jun 29 12:00:00 AM","12 - 17 Years","5.40960043439","35.8%","27.8%"
"2021 Jun 29 12:00:00 AM","18 - 24 Years","7.5103608896","49.7%","42.1%"
"2021 Jun 29 12:00:00 AM","25 - 49 Years","6.86948924948","57.8%","51.1%"
"2021 Jun 29 12:00:00 AM","50 - 64 Years","4.66196162777","74%","67.2%"
"2021 Jun 29 12:00:00 AM","65+ Years","3.12334965596","88.3%","81.3%"
"2021 Jun 28 12:00:00 AM","<2 Years","2.06086321064","0%","0%"
"2021 Jun 28 12:00:00 AM","2 - 4 Years","3.94358779375","0%","0%"
"2021 Jun 28 12:00:00 AM","5 - 11 Years","3.59376455133","0.6%","0.4%"
"2021 Jun 28 12:00:00 AM","12 - 17 Years","5.4227346907","35.6%","27.5%"
"2021 Jun 28 12:00:00 AM","18 - 24 Years","7.30282967348","49.5%","41.9%"
"2021 Jun 28 12:00:00 AM","25 - 49 Years","6.75877210972","57.7%","50.9%"
"2021 Jun 28 12:00:00 AM","50 - 64 Years","4.59680540731","73.9%","67.1%"
"2021 Jun 28 12:00:00 AM","65+ Years","3.09322343033","88.3%","81.2%"
"2021 Jun 27 12:00:00 AM","<2 Years","1.95311375191","0%","0%"
"2021 Jun 27 12:00:00 AM","2 - 4 Years","3.77838344023","0%","0%"
"2021 Jun 27 12:00:00 AM","5 - 11 Years","3.38384370415","0.6%","0.4%"
"2021 Jun 27 12:00:00 AM","12 - 17 Years","5.09552039228","35.4%","27.2%"
"2021 Jun 27 12:00:00 AM","18 - 24 Years","7.43897771503","49.4%","41.8%"
"2021 Jun 27 12:00:00 AM","25 - 49 Years","6.37780990841","57.6%","50.8%"
"2021 Jun 27 12:00:00 AM","50 - 64 Years","4.47194157019","73.9%","67%"
"2021 Jun 27 12:00:00 AM","65+ Years","3.03270671392","88.3%","81.2%"
"2021 Jun 26 12:00:00 AM","<2 Years","1.93577475855","0%","0%"
"2021 Jun 26 12:00:00 AM","2 - 4 Years","3.73397366778","0%","0%"
"2021 Jun 26 12:00:00 AM","5 - 11 Years","3.28641632531","0.6%","0.4%"
"2021 Jun 26 12:00:00 AM","12 - 17 Years","5.03955703933","35.3%","27%"
"2021 Jun 26 12:00:00 AM","18 - 24 Years","7.40446796839","49.3%","41.7%"
"2021 Jun 26 12:00:00 AM","25 - 49 Years","6.33812634578","57.5%","50.8%"
"2021 Jun 26 12:00:00 AM","50 - 64 Years","4.46558486575","73.8%","67%"
"2021 Jun 26 12:00:00 AM","65+ Years","3.02557155522","88.3%","81.2%"
"2021 Jun 25 12:00:00 AM","<2 Years","1.88251927895","0%","0%"
"2021 Jun 25 12:00:00 AM","2 - 4 Years","3.82634599448","0%","0%"
"2021 Jun 25 12:00:00 AM","5 - 11 Years","3.27034582983","0.6%","0.4%"
"2021 Jun 25 12:00:00 AM","12 - 17 Years","5.06354133345","35.1%","26.7%"
"2021 Jun 25 12:00:00 AM","18 - 24 Years","7.39123135324","49.2%","41.6%"
"2021 Jun 25 12:00:00 AM","25 - 49 Years","6.29368075562","57.5%","50.7%"
"2021 Jun 25 12:00:00 AM","50 - 64 Years","4.42176901018","73.8%","66.9%"
"2021 Jun 25 12:00:00 AM","65+ Years","2.99782371581","88.2%","81.2%"
"2021 Jun 24 12:00:00 AM","<2 Years","1.79706281168","0%","0%"
"2021 Jun 24 12:00:00 AM","2 - 4 Years","3.73575005867","0%","0%"
"2021 Jun 24 12:00:00 AM","5 - 11 Years","3.09156156764","0.6%","0.4%"
"2021 Jun 24 12:00:00 AM","12 - 17 Years","4.76487976613","34.8%","26.3%"
"2021 Jun 24 12:00:00 AM","18 - 24 Years","7.2527196304","49.1%","41.4%"
"2021 Jun 24 12:00:00 AM","25 - 49 Years","6.13441739091","57.3%","50.5%"
"2021 Jun 24 12:00:00 AM","50 - 64 Years","4.32528331786","73.7%","66.8%"
"2021 Jun 24 12:00:00 AM","65+ Years","2.91880843981","88.2%","81.1%"
"2021 Jun 23 12:00:00 AM","<2 Years","1.72646833872","0%","0%"
"2021 Jun 23 12:00:00 AM","2 - 4 Years","3.66291803185","0%","0%"
"2021 Jun 23 12:00:00 AM","5 - 11 Years","2.96550861873","0.6%","0.4%"
"2021 Jun 23 12:00:00 AM","12 - 17 Years","4.64381618627","34.6%","26%"
"2021 Jun 23 12:00:00 AM","18 - 24 Years","7.20733694989","48.9%","41.2%"
"2021 Jun 23 12:00:00 AM","25 - 49 Years","6.02780088596","57.2%","50.4%"
"2021 Jun 23 12:00:00 AM","50 - 64 Years","4.26988917921","73.6%","66.7%"
"2021 Jun 23 12:00:00 AM","65+ Years","2.92197962145","88.1%","81%"
"2021 Jun 22 12:00:00 AM","<2 Years","1.72275284014","0%","0%"
"2021 Jun 22 12:00:00 AM","2 - 4 Years","3.61140269581","0%","0%"
"2021 Jun 22 12:00:00 AM","5 - 11 Years","2.93336762777","0.6%","0.4%"
"2021 Jun 22 12:00:00 AM","12 - 17 Years","4.55758693834","34.3%","25.5%"
"2021 Jun 22 12:00:00 AM","18 - 24 Years","7.18322740086","48.8%","41%"
"2021 Jun 22 12:00:00 AM","25 - 49 Years","6.01232429653","57.1%","50.2%"
"2021 Jun 22 12:00:00 AM","50 - 64 Years","4.32755356945","73.5%","66.6%"
"2021 Jun 22 12:00:00 AM","65+ Years","2.98091074704","88.1%","81%"
"2021 Jun 21 12:00:00 AM","<2 Years","1.66330486291","0%","0%"
"2021 Jun 21 12:00:00 AM","2 - 4 Years","3.53146510539","0%","0%"
"2021 Jun 21 12:00:00 AM","5 - 11 Years","2.86406361602","0.6%","0.3%"
"2021 Jun 21 12:00:00 AM","12 - 17 Years","4.43880757696","34%","25.1%"
"2021 Jun 21 12:00:00 AM","18 - 24 Years","7.261228883","48.6%","40.8%"
"2021 Jun 21 12:00:00 AM","25 - 49 Years","5.95253439549","57%","50%"
"2021 Jun 21 12:00:00 AM","50 - 64 Years","4.34389938085","73.4%","66.4%"
"2021 Jun 21 12:00:00 AM","65+ Years","2.98381766355","88%","80.9%"
"2021 Jun 20 12:00:00 AM","<2 Years","1.64844286861","0%","0%"
"2021 Jun 20 12:00:00 AM","2 - 4 Years","3.38580105175","0%","0%"
"2021 Jun 20 12:00:00 AM","5 - 11 Years","2.7199313597","0.6%","0.3%"
"2021 Jun 20 12:00:00 AM","12 - 17 Years","4.23836740463","33.8%","24.9%"
"2021 Jun 20 12:00:00 AM","18 - 24 Years","6.72372776061","48.5%","40.6%"
"2021 Jun 20 12:00:00 AM","25 - 49 Years","5.81364192626","56.9%","49.9%"
"2021 Jun 20 12:00:00 AM","50 - 64 Years","4.23379217903","73.3%","66.3%"
"2021 Jun 20 12:00:00 AM","65+ Years","3.01526521487","88%","80.9%"
"2021 Jun 19 12:00:00 AM","<2 Years","1.64720436908","0%","0%"
"2021 Jun 19 12:00:00 AM","2 - 4 Years","3.37514270636","0%","0%"
"2021 Jun 19 12:00:00 AM","5 - 11 Years","2.69331460156","0.6%","0.3%"
"2021 Jun 19 12:00:00 AM","12 - 17 Years","4.16470135839","33.7%","24.8%"
"2021 Jun 19 12:00:00 AM","18 - 24 Years","6.66179931115","48.4%","40.6%"
"2021 Jun 19 12:00:00 AM","25 - 49 Years","5.71959188281","56.8%","49.9%"
"2021 Jun 19 12:00:00 AM","50 - 64 Years","4.18793309703","73.3%","66.3%"
"2021 Jun 19 12:00:00 AM","65+ Years","2.9877816406","88%","80.8%"
"2021 Jun 18 12:00:00 AM","<2 Years","1.62491137762","0%","0%"
"2021 Jun 18 12:00:00 AM","2 - 4 Years","3.30941624313","0%","0%"
"2021 Jun 18 12:00:00 AM","5 - 11 Years","2.59940264361","0.6%","0.3%"
"2021 Jun 18 12:00:00 AM","12 - 17 Years","4.03221668608","33.5%","24.4%"
"2021 Jun 18 12:00:00 AM","18 - 24 Years","6.51950569827","48.3%","40.4%"
"2021 Jun 18 12:00:00 AM","25 - 49 Years","5.58916524028","56.8%","49.7%"
"2021 Jun 18 12:00:00 AM","50 - 64 Years","4.10506891421","73.2%","66.2%"
"2021 Jun 18 12:00:00 AM","65+ Years","2.93783552968","88%","80.8%"
"2021 Jun 17 12:00:00 AM","<2 Years","1.66825886102","0%","0%"
"2021 Jun 17 12:00:00 AM","2 - 4 Years","3.20460918015","0%","0%"
"2021 Jun 17 12:00:00 AM","5 - 11 Years","2.50699729461","0.6%","0.3%"
"2021 Jun 17 12:00:00 AM","12 - 17 Years","3.93799267345","33.2%","23.8%"
"2021 Jun 17 12:00:00 AM","18 - 24 Years","6.32426562479","48.1%","40.2%"
"2021 Jun 17 12:00:00 AM","25 - 49 Years","5.39180565543","56.6%","49.5%"
"2021 Jun 17 12:00:00 AM","50 - 64 Years","3.96658356759","73.1%","66%"
"2021 Jun 17 12:00:00 AM","65+ Years","2.84454993627","87.9%","80.7%"
"2021 Jun 16 12:00:00 AM","<2 Years","1.72399133967","0%","0%"
"2021 Jun 16 12:00:00 AM","2 - 4 Years","3.18506888027","0%","0%"
"2021 Jun 16 12:00:00 AM","5 - 11 Years","2.50900610655","0.6%","0.3%"
"2021 Jun 16 12:00:00 AM","12 - 17 Years","3.92771369025","32.9%","23.2%"
"2021 Jun 16 12:00:00 AM","18 - 24 Years","6.26044623031","48%","39.9%"
"2021 Jun 16 12:00:00 AM","25 - 49 Years","5.398287304","56.5%","49.3%"
"2021 Jun 16 12:00:00 AM","50 - 64 Years","3.95455123419","73%","65.9%"
"2021 Jun 16 12:00:00 AM","65+ Years","2.80015339323","87.9%","80.7%"
"2021 Jun 15 12:00:00 AM","<2 Years","1.85031829128","0%","0%"
"2021 Jun 15 12:00:00 AM","2 - 4 Years","3.3396148884","0%","0%"
"2021 Jun 15 12:00:00 AM","5 - 11 Years","2.6551471748","0.5%","0.3%"
"2021 Jun 15 12:00:00 AM","12 - 17 Years","4.14071706427","32.6%","22.5%"
"2021 Jun 15 12:00:00 AM","18 - 24 Years","6.55354270866","47.8%","39.6%"
"2021 Jun 15 12:00:00 AM","25 - 49 Years","5.7189304901","56.4%","49.1%"
"2021 Jun 15 12:00:00 AM","50 - 64 Years","4.09190145503","72.9%","65.7%"
"2021 Jun 15 12:00:00 AM","65+ Years","2.81072399871","87.8%","80.6%"
"2021 Jun 14 12:00:00 AM","<2 Years","1.9915072372","0%","0%"
"2021 Jun 14 12:00:00 AM","2 - 4 Years","3.54745262348","0%","0%"
"2021 Jun 14 12:00:00 AM","5 - 11 Years","2.86908564586","0.5%","0.3%"
"2021 Jun 14 12:00:00 AM","12 - 17 Years","4.44451812318","32.3%","21.9%"
"2021 Jun 14 12:00:00 AM","18 - 24 Years","6.86034853842","47.6%","39.3%"
"2021 Jun 14 12:00:00 AM","25 - 49 Years","6.16748702644","56.2%","48.9%"
"2021 Jun 14 12:00:00 AM","50 - 64 Years","4.41995280892","72.8%","65.5%"
"2021 Jun 14 12:00:00 AM","65+ Years","2.96452630853","87.8%","80.5%"
"2021 Jun 13 12:00:00 AM","<2 Years","1.89242727515","0%","0%"
"2021 Jun 13 12:00:00 AM","2 - 4 Years","3.36093157918","0%","0%"
"2021 Jun 13 12:00:00 AM","5 - 11 Years","2.71742034478","0.5%","0.3%"
"2021 Jun 13 12:00:00 AM","12 - 17 Years","4.26806224498","32%","21.2%"
"2021 Jun 13 12:00:00 AM","18 - 24 Years","6.11247978237","47.5%","39.1%"
"2021 Jun 13 12:00:00 AM","25 - 49 Years","5.80134002184","56.1%","48.7%"
"2021 Jun 13 12:00:00 AM","50 - 64 Years","4.13072275711","72.7%","65.4%"
"2021 Jun 13 12:00:00 AM","65+ Years","2.6896905659","87.7%","80.4%"
"2021 Jun 12 12:00:00 AM","<2 Years","1.89614277373","0%","0%"
"2021 Jun 12 12:00:00 AM","2 - 4 Years","3.37336631546","0%","0%"
"2021 Jun 12 12:00:00 AM","5 - 11 Years","2.7601075984","0.5%","0.2%"
"2021 Jun 12 12:00:00 AM","12 - 17 Years","4.30403868616","32%","20.9%"
"2021 Jun 12 12:00:00 AM","18 - 24 Years","6.11153430986","47.4%","38.9%"
"2021 Jun 12 12:00:00 AM","25 - 49 Years","5.83493877154","56.1%","48.6%"
"2021 Jun 12 12:00:00 AM","50 - 64 Years","4.1275444049","72.7%","65.3%"
"2021 Jun 12 12:00:00 AM","65+ Years","2.69946837597","87.7%","80.4%"
"2021 Jun 11 12:00:00 AM","<2 Years","1.95187525238","0%","0%"
"2021 Jun 11 12:00:00 AM","2 - 4 Years","3.4373163878","0%","0%"
"2021 Jun 11 12:00:00 AM","5 - 11 Years","2.84648651159","0.5%","0.2%"
"2021 Jun 11 12:00:00 AM","12 - 17 Years","4.4399496862","31.7%","19.9%"
"2021 Jun 11 12:00:00 AM","18 - 24 Years","6.21931817609","47.3%","38.7%"
"2021 Jun 11 12:00:00 AM","25 - 49 Years","5.98097428205","56%","48.4%"
"2021 Jun 11 12:00:00 AM","50 - 64 Years","4.19701410337","72.6%","65.1%"
"2021 Jun 11 12:00:00 AM","65+ Years","2.71003898146","87.7%","80.3%"
"2021 Jun 10 12:00:00 AM","<2 Years","1.94939825333","0%","0%"
"2021 Jun 10 12:00:00 AM","2 - 4 Years","3.53857066899","0%","0%"
"2021 Jun 10 12:00:00 AM","5 - 11 Years","2.94692710833","0.5%","0.2%"
"2021 Jun 10 12:00:00 AM","12 - 17 Years","4.53760002657","31.3%","18.9%"
"2021 Jun 10 12:00:00 AM","18 - 24 Years","6.22310006613","47.1%","38.4%"
"2021 Jun 10 12:00:00 AM","25 - 49 Years","6.00253568441","55.8%","48.1%"
"2021 Jun 10 12:00:00 AM","50 - 64 Years","4.19883030463","72.5%","64.9%"
"2021 Jun 10 12:00:00 AM","65+ Years","2.72219517777","87.6%","80.2%"
"2021 Jun 09 12:00:00 AM","<2 Years","1.96302174811","0%","0%"
"2021 Jun 09 12:00:00 AM","2 - 4 Years","3.67712915904","0%","0%"
"2021 Jun 09 12:00:00 AM","5 - 11 Years","3.03883025435","0.5%","0.2%"
"2021 Jun 09 12:00:00 AM","12 - 17 Years","4.64895567786","31%","17.8%"
"2021 Jun 09 12:00:00 AM","18 - 24 Years","6.30771985585","46.9%","38.1%"
"2021 Jun 09 12:00:00 AM","25 - 49 Years","6.0480395029","55.7%","47.9%"
"2021 Jun 09 12:00:00 AM","50 - 64 Years","4.23243002808","72.4%","64.7%"
"2021 Jun 09 12:00:00 AM","65+ Years","2.74967875203","87.6%","80.1%"
"2021 Jun 08 12:00:00 AM","<2 Years","1.97788374242","0%","0%"
"2021 Jun 08 12:00:00 AM","2 - 4 Years","3.71976254059","0%","0%"
"2021 Jun 08 12:00:00 AM","5 - 11 Years","3.05590515579","0.5%","0.2%"
"2021 Jun 08 12:00:00 AM","12 - 17 Years","4.65466622408","30.6%","16.7%"
"2021 Jun 08 12:00:00 AM","18 - 24 Years","6.24673687891","46.7%","37.8%"
"2021 Jun 08 12:00:00 AM","25 - 49 Years","5.85107675368","55.5%","47.6%"
"2021 Jun 08 12:00:00 AM","50 - 64 Years","4.16182520381","72.3%","64.5%"
"2021 Jun 08 12:00:00 AM","65+ Years","2.75575685019","87.5%","80%"
"2021 Jun 07 12:00:00 AM","<2 Years","2.00389223246","0%","0%"
"2021 Jun 07 12:00:00 AM","2 - 4 Years","3.76417231304","0%","0%"
"2021 Jun 07 12:00:00 AM","5 - 11 Years","3.06996683934","0.5%","0.1%"
"2021 Jun 07 12:00:00 AM","12 - 17 Years","4.72719016108","30.3%","15.6%"
"2021 Jun 07 12:00:00 AM","18 - 24 Years","6.06615162934","46.6%","37.5%"
"2021 Jun 07 12:00:00 AM","25 - 49 Years","5.6341399446","55.4%","47.4%"
"2021 Jun 07 12:00:00 AM","50 - 64 Years","4.00086436651","72.2%","64.3%"
"2021 Jun 07 12:00:00 AM","65+ Years","2.69656145947","87.4%","79.9%"
"2021 Jun 06 12:00:00 AM","<2 Years","1.94444425523","0%","0%"
"2021 Jun 06 12:00:00 AM","2 - 4 Years","3.6149554776","0%","0%"
"2021 Jun 06 12:00:00 AM","5 - 11 Years","2.96550861873","0.5%","0.1%"
"2021 Jun 06 12:00:00 AM","12 - 17 Years","4.58785283331","29.9%","14.5%"
"2021 Jun 06 12:00:00 AM","18 - 24 Years","5.85436578692","46.4%","37.2%"
"2021 Jun 06 12:00:00 AM","25 - 49 Years","5.46574936048","55.3%","47.2%"
"2021 Jun 06 12:00:00 AM","50 - 64 Years","3.83967650404","72.1%","64.2%"
"2021 Jun 06 12:00:00 AM","65+ Years","2.58953407892","87.4%","79.8%"
"2021 Jun 05 12:00:00 AM","<2 Years","1.94196725618","0%","0%"
"2021 Jun 05 12:00:00 AM","2 - 4 Years","3.60962630491","0%","0%"
"2021 Jun 05 12:00:00 AM","5 - 11 Years","2.95897997994","0.5%","0.1%"
"2021 Jun 05 12:00:00 AM","12 - 17 Years","4.62782665685","29.8%","13.8%"
"2021 Jun 05 12:00:00 AM","18 - 24 Years","5.88131175348","46.3%","37.1%"
"2021 Jun 05 12:00:00 AM","25 - 49 Years","5.47262784467","55.2%","47.1%"
"2021 Jun 05 12:00:00 AM","50 - 64 Years","3.8655573721","72%","64.1%"
"2021 Jun 05 12:00:00 AM","65+ Years","2.60618278256","87.4%","79.8%"
"2021 Jun 04 12:00:00 AM","<2 Years","1.94072875665","0%","0%"
"2021 Jun 04 12:00:00 AM","2 - 4 Years","3.59008600503","0%","0%"
"2021 Jun 04 12:00:00 AM","5 - 11 Years","2.93688304866","0.4%","0.1%"
"2021 Jun 04 12:00:00 AM","12 - 17 Years","4.61469240054","29.4%","12.5%"
"2021 Jun 04 12:00:00 AM","18 - 24 Years","5.81465594147","46.2%","36.9%"
"2021 Jun 04 12:00:00 AM","25 - 49 Years","5.39154109835","55.1%","46.9%"
"2021 Jun 04 12:00:00 AM","50 - 64 Years","3.87486540359","72%","63.9%"
"2021 Jun 04 12:00:00 AM","65+ Years","2.62336001647","87.3%","79.8%"
"2021 Jun 03 12:00:00 AM","<2 Years","1.9332977595","0%","0%"
"2021 Jun 03 12:00:00 AM","2 - 4 Years","3.60429713222","0%","0%"
"2021 Jun 03 12:00:00 AM","5 - 11 Years","2.93537643971","0.4%","0%"
"2021 Jun 03 12:00:00 AM","12 - 17 Years","4.70377692158","28.9%","11.2%"
"2021 Jun 03 12:00:00 AM","18 - 24 Years","5.86996608335","46%","36.5%"
"2021 Jun 03 12:00:00 AM","25 - 49 Years","5.44577530062","54.9%","46.6%"
"2021 Jun 03 12:00:00 AM","50 - 64 Years","3.94024864921","71.8%","63.7%"
"2021 Jun 03 12:00:00 AM","65+ Years","2.63948018984","87.3%","79.6%"
"2021 Jun 02 12:00:00 AM","<2 Years","2.01999272629","0%","0%"
"2021 Jun 02 12:00:00 AM","2 - 4 Years","3.84943907615","0%","0%"
"2021 Jun 02 12:00:00 AM","5 - 11 Years","3.16839862414","0.4%","0%"
"2021 Jun 02 12:00:00 AM","12 - 17 Years","5.09780461077","28.5%","10.2%"
"2021 Jun 02 12:00:00 AM","18 - 24 Years","6.35735716267","45.7%","36.2%"
"2021 Jun 02 12:00:00 AM","25 - 49 Years","5.84036219177","54.7%","46.4%"
"2021 Jun 02 12:00:00 AM","50 - 64 Years","4.33232109777","71.7%","63.5%"
"2021 Jun 02 12:00:00 AM","65+ Years","2.9116732811","87.2%","79.5%"
"2021 Jun 01 12:00:00 AM","<2 Years","2.01875422677","0%","0%"
"2021 Jun 01 12:00:00 AM","2 - 4 Years","3.83700433987","0%","0%"
"2021 Jun 01 12:00:00 AM","5 - 11 Years","3.21560570461","0.4%","0%"
"2021 Jun 01 12:00:00 AM","12 - 17 Years","5.24856303098","28.1%","9.9%"
"2021 Jun 01 12:00:00 AM","18 - 24 Years","6.34317507501","45.5%","35.9%"
"2021 Jun 01 12:00:00 AM","25 - 49 Years","5.85954258038","54.6%","46.1%"
"2021 Jun 01 12:00:00 AM","50 - 64 Years","4.32664546881","71.6%","63.2%"
"2021 Jun 01 12:00:00 AM","65+ Years","2.88841794904","87.1%","79.4%"
"2021 May 31 12:00:00 AM","<2 Years","1.92338976329","0%","0%"
"2021 May 31 12:00:00 AM","2 - 4 Years","3.82456960358","0%","0%"
"2021 May 31 12:00:00 AM","5 - 11 Years","3.20757045687","0.4%","0%"
"2021 May 31 12:00:00 AM","12 - 17 Years","5.22172346375","27.6%","9.7%"
"2021 May 31 12:00:00 AM","18 - 24 Years","6.36775736029","45.3%","35.5%"
"2021 May 31 12:00:00 AM","25 - 49 Years","5.82210775296","54.4%","45.8%"
"2021 May 31 12:00:00 AM","50 - 64 Years","4.27511075786","71.4%","62.9%"
"2021 May 31 12:00:00 AM","65+ Years","2.8490424436","87.1%","79.3%"
"2021 May 30 12:00:00 AM","<2 Years","2.13269618312","0%","0%"
"2021 May 30 12:00:00 AM","2 - 4 Years","4.27577289169","0%","0%"
"2021 May 30 12:00:00 AM","5 - 11 Years","3.68767650928","0.4%","0%"
"2021 May 30 12:00:00 AM","12 - 17 Years","5.91783904799","27.6%","9.7%"
"2021 May 30 12:00:00 AM","18 - 24 Years","7.09624392987","45.2%","35.4%"
"2021 May 30 12:00:00 AM","25 - 49 Years","6.48482324899","54.3%","45.7%"
"2021 May 30 12:00:00 AM","50 - 64 Years","4.75799326978","71.4%","62.9%"
"2021 May 30 12:00:00 AM","65+ Years","3.15321161646","87.1%","79.2%"
"2021 May 29 12:00:00 AM","<2 Years","2.21319865229","0%","0%"
"2021 May 29 12:00:00 AM","2 - 4 Years","4.46229393599","0%","0%"
"2021 May 29 12:00:00 AM","5 - 11 Years","3.91216124299","0.4%","0%"
"2021 May 29 12:00:00 AM","12 - 17 Years","6.19480053967","27.4%","9.6%"
"2021 May 29 12:00:00 AM","18 - 24 Years","7.32126638744","45.1%","35.3%"
"2021 May 29 12:00:00 AM","25 - 49 Years","6.7197499398","54.3%","45.6%"
"2021 May 29 12:00:00 AM","50 - 64 Years","4.91918113224","71.3%","62.8%"
"2021 May 29 12:00:00 AM","65+ Years","3.24279749795","87%","79.2%"
"2021 May 28 12:00:00 AM","<2 Years","2.30113211861","0%","0%"
"2021 May 28 12:00:00 AM","2 - 4 Years","4.6381566349","0%","0%"
"2021 May 28 12:00:00 AM","5 - 11 Years","4.09797634696","0.4%","0%"
"2021 May 28 12:00:00 AM","12 - 17 Years","6.50830952716","27%","9.5%"
"2021 May 28 12:00:00 AM","18 - 24 Years","7.65501818375","45%","35.1%"
"2021 May 28 12:00:00 AM","25 - 49 Years","7.03827666923","54.1%","45.4%"
"2021 May 28 12:00:00 AM","50 - 64 Years","5.09648778095","71.2%","62.7%"
"2021 May 28 12:00:00 AM","65+ Years","3.37096608947","87%","79.2%"
"2021 May 27 12:00:00 AM","<2 Years","2.45842155836","0%","0%"
"2021 May 27 12:00:00 AM","2 - 4 Years","4.97211812374","0%","0%"
"2021 May 27 12:00:00 AM","5 - 11 Years","4.49220568916","0.4%","0%"
"2021 May 27 12:00:00 AM","12 - 17 Years","7.08964313238","26.4%","9.4%"
"2021 May 27 12:00:00 AM","18 - 24 Years","8.25161133807","44.7%","34.8%"
"2021 May 27 12:00:00 AM","25 - 49 Years","7.70138900088","53.9%","45.1%"
"2021 May 27 12:00:00 AM","50 - 64 Years","5.55008404744","71.1%","62.3%"
"2021 May 27 12:00:00 AM","65+ Years","3.60986177345","86.9%","79%"
"2021 May 26 12:00:00 AM","<2 Years","2.55750152041","0%","0%"
"2021 May 26 12:00:00 AM","2 - 4 Years","4.98988203272","0%","0%"
"2021 May 26 12:00:00 AM","5 - 11 Years","4.55096343826","0.4%","0%"
"2021 May 26 12:00:00 AM","12 - 17 Years","7.19985667443","25.8%","9.2%"
"2021 May 26 12:00:00 AM","18 - 24 Years","8.24972039305","44.4%","34.4%"
"2021 May 26 12:00:00 AM","25 - 49 Years","7.69675925191","53.7%","44.8%"
"2021 May 26 12:00:00 AM","50 - 64 Years","5.447695701","70.9%","62%"
"2021 May 26 12:00:00 AM","65+ Years","3.48724274981","86.9%","78.9%"
"2021 May 25 12:00:00 AM","<2 Years","2.64171948816","0%","0%"
"2021 May 25 12:00:00 AM","2 - 4 Years","5.25989344923","0%","0%"
"2021 May 25 12:00:00 AM","5 - 11 Years","4.85479624339","0.3%","0%"
"2021 May 25 12:00:00 AM","12 - 17 Years","7.64299506111","25.1%","9%"
"2021 May 25 12:00:00 AM","18 - 24 Years","8.66667377032","44.1%","34%"
"2021 May 25 12:00:00 AM","25 - 49 Years","8.07004929778","53.5%","44.4%"
"2021 May 25 12:00:00 AM","50 - 64 Years","5.71581241307","70.7%","61.7%"
"2021 May 25 12:00:00 AM","65+ Years","3.62783180278","86.8%","78.7%"
"2021 May 24 12:00:00 AM","<2 Years","2.84731040941","0%","0%"
"2021 May 24 12:00:00 AM","2 - 4 Years","5.72708425543","0%","0%"
"2021 May 24 12:00:00 AM","5 - 11 Years","5.26358947212","0.3%","0%"
"2021 May 24 12:00:00 AM","12 - 17 Years","8.36252388486","24.5%","8.9%"
"2021 May 24 12:00:00 AM","18 - 24 Years","9.62443742376","43.8%","33.6%"
"2021 May 24 12:00:00 AM","25 - 49 Years","8.970469334","53.3%","44%"
"2021 May 24 12:00:00 AM","50 - 64 Years","6.46340625969","70.6%","61.4%"
"2021 May 24 12:00:00 AM","65+ Years","4.02819348556","86.7%","78.6%"
"2021 May 23 12:00:00 AM","<2 Years","2.94886737051","0%","0%"
"2021 May 23 12:00:00 AM","2 - 4 Years","5.89406499985","0%","0%"
"2021 May 23 12:00:00 AM","5 - 11 Years","5.51921079082","0.3%","0%"
"2021 May 23 12:00:00 AM","12 - 17 Years","8.81365703625","23.9%","8.7%"
"2021 May 23 12:00:00 AM","18 - 24 Years","9.97095309898","43.5%","33.2%"
"2021 May 23 12:00:00 AM","25 - 49 Years","9.22497324905","53%","43.7%"
"2021 May 23 12:00:00 AM","50 - 64 Years","6.62414007183","70.4%","61.1%"
"2021 May 23 12:00:00 AM","65+ Years","4.07998945244","86.6%","78.5%"
"2021 May 22 12:00:00 AM","<2 Years","3.02813134015","0%","0%"
"2021 May 22 12:00:00 AM","2 - 4 Years","6.10190273492","0%","0%"
"2021 May 22 12:00:00 AM","5 - 11 Years","5.67539591875","0.3%","0%"
"2021 May 22 12:00:00 AM","12 - 17 Years","9.15514770022","23.5%","8.7%"
"2021 May 22 12:00:00 AM","18 - 24 Years","10.3713607073","43.4%","33%"
"2021 May 22 12:00:00 AM","25 - 49 Years","9.5539499833","52.9%","43.6%"
"2021 May 22 12:00:00 AM","50 - 64 Years","6.82982486535","70.3%","61%"
"2021 May 22 12:00:00 AM","65+ Years","4.18278859079","86.6%","78.4%"
"2021 May 21 12:00:00 AM","<2 Years","3.14702729461","0%","0%"
"2021 May 21 12:00:00 AM","2 - 4 Years","6.42875866017","0%","0%"
"2021 May 21 12:00:00 AM","5 - 11 Years","5.97119347615","0.3%","0%"
"2021 May 21 12:00:00 AM","12 - 17 Years","9.55374382639","22.4%","8.4%"
"2021 May 21 12:00:00 AM","18 - 24 Years","10.7646772718","43.1%","32.6%"
"2021 May 21 12:00:00 AM","25 - 49 Years","9.88385266736","52.7%","43.2%"
"2021 May 21 12:00:00 AM","50 - 64 Years","7.07977956475","70.1%","60.7%"
"2021 May 21 12:00:00 AM","65+ Years","4.26946755577","86.5%","78.3%"
"2021 May 20 12:00:00 AM","<2 Years","3.25229975429","0%","0%"
"2021 May 20 12:00:00 AM","2 - 4 Years","6.68811173129","0%","0%"
"2021 May 20 12:00:00 AM","5 - 11 Years","6.19065618003","0.3%","0%"
"2021 May 20 12:00:00 AM","12 - 17 Years","9.91978983911","21.3%","8.2%"
"2021 May 20 12:00:00 AM","18 - 24 Years","11.22559512082","42.8%","32.1%"
"2021 May 20 12:00:00 AM","25 - 49 Years","9.98914638688","52.4%","42.7%"
"2021 May 20 12:00:00 AM","50 - 64 Years","7.23143237056","69.9%","60.2%"
"2021 May 20 12:00:00 AM","65+ Years","4.36063902809","86.4%","78.1%"
"2021 May 19 12:00:00 AM","<2 Years","3.54582414186","0%","0%"
"2021 May 19 12:00:00 AM","2 - 4 Years","7.46794733555","0%","0%"
"2021 May 19 12:00:00 AM","5 - 11 Years","6.94848048242","0.2%","0%"
"2021 May 19 12:00:00 AM","12 - 17 Years","11.23264441513","20.2%","8%"
"2021 May 19 12:00:00 AM","18 - 24 Years","13.91971904036","42.4%","31.5%"
"2021 May 19 12:00:00 AM","25 - 49 Years","11.43495085228","52.1%","42.2%"
"2021 May 19 12:00:00 AM","50 - 64 Years","8.37813644564","69.7%","59.8%"
"2021 May 19 12:00:00 AM","65+ Years","4.93726555735","86.3%","77.9%"
"2021 May 18 12:00:00 AM","<2 Years","3.76256155884","0%","0%"
"2021 May 18 12:00:00 AM","2 - 4 Years","8.03816881384","0%","0%"
"2021 May 18 12:00:00 AM","5 - 11 Years","7.47177599144","0.2%","0%"
"2021 May 18 12:00:00 AM","12 - 17 Years","12.07666314648","18.9%","7.7%"
"2021 May 18 12:00:00 AM","18 - 24 Years","14.85384588104","42%","31%"
"2021 May 18 12:00:00 AM","25 - 49 Years","12.17015498939","51.8%","41.7%"
"2021 May 18 12:00:00 AM","50 - 64 Years","8.88962412752","69.4%","59.3%"
"2021 May 18 12:00:00 AM","65+ Years","5.14074971295","86.2%","77.7%"
"2021 May 17 12:00:00 AM","<2 Years","3.80714754177","0%","0%"
"2021 May 17 12:00:00 AM","2 - 4 Years","8.13231753144","0%","0%"
"2021 May 17 12:00:00 AM","5 - 11 Years","7.64905364468","0.2%","0%"
"2021 May 17 12:00:00 AM","12 - 17 Years","12.38446158775","17.7%","7.5%"
"2021 May 17 12:00:00 AM","18 - 24 Years","14.78813554154","41.6%","30.4%"
"2021 May 17 12:00:00 AM","25 - 49 Years","12.01948972992","51.5%","41.2%"
"2021 May 17 12:00:00 AM","50 - 64 Years","8.61015615753","69.2%","58.9%"
"2021 May 17 12:00:00 AM","65+ Years","5.00888140952","86.1%","77.5%"
"2021 May 16 12:00:00 AM","<2 Years","4.20346738997","0%","0%"
"2021 May 16 12:00:00 AM","2 - 4 Years","9.02761854407","0%","0%"
"2021 May 16 12:00:00 AM","5 - 11 Years","8.45358282456","0.2%","0%"
"2021 May 16 12:00:00 AM","12 - 17 Years","13.62250800828","16.5%","7.2%"
"2021 May 16 12:00:00 AM","18 - 24 Years","16.34769244812","41.3%","29.9%"
"2021 May 16 12:00:00 AM","25 - 49 Years","13.30536943788","51.3%","40.7%"
"2021 May 16 12:00:00 AM","50 - 64 Years","9.6969255908","69%","58.5%"
"2021 May 16 12:00:00 AM","65+ Years","5.70680563673","86%","77.4%"
"2021 May 15 12:00:00 AM","<2 Years","4.65799671587","0%","0%"
"2021 May 15 12:00:00 AM","2 - 4 Years","10.28885608171","0%","0%"
"2021 May 15 12:00:00 AM","5 - 11 Years","9.46351302477","0.1%","0%"
"2021 May 15 12:00:00 AM","12 - 17 Years","15.05585510955","15.7%","7.1%"
"2021 May 15 12:00:00 AM","18 - 24 Years","17.87368508056","41.1%","29.7%"
"2021 May 15 12:00:00 AM","25 - 49 Years","14.52868139543","51.1%","40.5%"
"2021 May 15 12:00:00 AM","50 - 64 Years","10.79595438262","68.9%","58.3%"
"2021 May 15 12:00:00 AM","65+ Years","6.3169938384","85.9%","77.3%"
"2021 May 14 12:00:00 AM","<2 Years","4.87101863428","0%","0%"
"2021 May 14 12:00:00 AM","2 - 4 Years","10.78269275138","0%","0%"
"2021 May 14 12:00:00 AM","5 - 11 Years","9.92403316082","0.1%","0%"
"2021 May 14 12:00:00 AM","12 - 17 Years","15.82792095853","14.1%","6.8%"
"2021 May 14 12:00:00 AM","18 - 24 Years","18.65086348444","40.9%","29.2%"
"2021 May 14 12:00:00 AM","25 - 49 Years","15.18517979998","50.9%","40.1%"
"2021 May 14 12:00:00 AM","50 - 64 Years","11.34217691373","68.7%","58%"
"2021 May 14 12:00:00 AM","65+ Years","6.60425004248","85.9%","77.2%"
"2021 May 13 12:00:00 AM","<2 Years","5.27724647868","0%","0%"
"2021 May 13 12:00:00 AM","2 - 4 Years","11.60871451899","0%","0%"
"2021 May 13 12:00:00 AM","5 - 11 Years","10.71902048402","0.1%","0%"
"2021 May 13 12:00:00 AM","12 - 17 Years","16.97916707652","12.5%","6.5%"
"2021 May 13 12:00:00 AM","18 - 24 Years","19.73059309179","40.5%","28.5%"
"2021 May 13 12:00:00 AM","25 - 49 Years","16.17409418088","50.6%","39.5%"
"2021 May 13 12:00:00 AM","50 - 64 Years","12.03596579781","68.4%","57.4%"
"2021 May 13 12:00:00 AM","65+ Years","6.871157831","85.7%","77%"
"2021 May 12 12:00:00 AM","<2 Years","5.52990038191","0%","0%"
"2021 May 12 12:00:00 AM","2 - 4 Years","12.19669990626","0%","0%"
"2021 May 12 12:00:00 AM","5 - 11 Years","11.40151433886","0%","0%"
"2021 May 12 12:00:00 AM","12 - 17 Years","17.87800705158","11.2%","6.2%"
"2021 May 12 12:00:00 AM","18 - 24 Years","19.82561307912","40.2%","27.8%"
"2021 May 12 12:00:00 AM","25 - 49 Years","16.90347806214","50.3%","38.8%"
"2021 May 12 12:00:00 AM","50 - 64 Years","12.42985444763","68.2%","56.9%"
"2021 May 12 12:00:00 AM","65+ Years","7.21945928176","85.6%","76.8%"
"2021 May 11 12:00:00 AM","<2 Years","5.55219337337","0%","0%"
"2021 May 11 12:00:00 AM","2 - 4 Years","12.10077479776","0%","0%"
"2021 May 11 12:00:00 AM","5 - 11 Years","11.35380505541","0%","0%"
"2021 May 11 12:00:00 AM","12 - 17 Years","17.94767571546","10.9%","5.9%"
"2021 May 11 12:00:00 AM","18 - 24 Years","19.81001278269","39.8%","27.1%"
"2021 May 11 12:00:00 AM","25 - 49 Years","16.87596412538","50.1%","38.2%"
"2021 May 11 12:00:00 AM","50 - 64 Years","12.3640171517","68%","56.3%"
"2021 May 11 12:00:00 AM","65+ Years","7.21443824416","85.5%","76.5%"
"2021 May 10 12:00:00 AM","<2 Years","5.68099732404","0%","0%"
"2021 May 10 12:00:00 AM","2 - 4 Years","12.18781795177","0%","0%"
"2021 May 10 12:00:00 AM","5 - 11 Years","11.61093298306","0%","0%"
"2021 May 10 12:00:00 AM","12 - 17 Years","18.35369555172","10.7%","5.6%"
"2021 May 10 12:00:00 AM","18 - 24 Years","20.26336685163","39.5%","26.4%"
"2021 May 10 12:00:00 AM","25 - 49 Years","17.22914783285","49.8%","37.6%"
"2021 May 10 12:00:00 AM","50 - 64 Years","12.6477985997","67.7%","55.7%"
"2021 May 10 12:00:00 AM","65+ Years","7.27759761194","85.4%","76.3%"
"2021 May 09 12:00:00 AM","<2 Years","5.53733137906","0%","0%"
"2021 May 09 12:00:00 AM","2 - 4 Years","11.88583149909","0%","0%"
"2021 May 09 12:00:00 AM","5 - 11 Years","11.46428971182","0%","0%"
"2021 May 09 12:00:00 AM","12 - 17 Years","18.32856914835","10.6%","5.4%"
"2021 May 09 12:00:00 AM","18 - 24 Years","19.82324939785","39.2%","25.9%"
"2021 May 09 12:00:00 AM","25 - 49 Years","16.80188814179","49.6%","37.1%"
"2021 May 09 12:00:00 AM","50 - 64 Years","12.16264583619","67.5%","55.3%"
"2021 May 09 12:00:00 AM","65+ Years","6.87802872457","85.3%","76.1%"
"2021 May 08 12:00:00 AM","<2 Years","5.26486148343","0%","0%"
"2021 May 08 12:00:00 AM","2 - 4 Years","11.01007078634","0%","0%"
"2021 May 08 12:00:00 AM","5 - 11 Years","10.84808665083","0%","0%"
"2021 May 08 12:00:00 AM","12 - 17 Years","17.68841691707","10.6%","5.2%"
"2021 May 08 12:00:00 AM","18 - 24 Years","19.2153105734","39.1%","25.7%"
"2021 May 08 12:00:00 AM","25 - 49 Years","16.15861759145","49.5%","36.9%"
"2021 May 08 12:00:00 AM","50 - 64 Years","11.4373004551","67.5%","55.1%"
"2021 May 08 12:00:00 AM","65+ Years","6.41397914374","85.3%","76.1%"
"2021 May 07 12:00:00 AM","<2 Years","5.25247648817","0%","0%"
"2021 May 07 12:00:00 AM","2 - 4 Years","10.94434432311","0%","0%"
"2021 May 07 12:00:00 AM","5 - 11 Years","10.72504691982","0%","0%"
"2021 May 07 12:00:00 AM","12 - 17 Years","17.71925386666","10.5%","4.9%"
"2021 May 07 12:00:00 AM","18 - 24 Years","19.23989285868","38.9%","25.1%"
"2021 May 07 12:00:00 AM","25 - 49 Years","16.09856313333","49.3%","36.4%"
"2021 May 07 12:00:00 AM","50 - 64 Years","11.28905302667","67.3%","54.7%"
"2021 May 07 12:00:00 AM","65+ Years","6.36588288877","85.2%","75.9%"
"2021 May 06 12:00:00 AM","<2 Years","5.07165555743","0%","0%"
"2021 May 06 12:00:00 AM","2 - 4 Years","10.71341350635","0%","0%"
"2021 May 06 12:00:00 AM","5 - 11 Years","10.46641238322","0%","0%"
"2021 May 06 12:00:00 AM","12 - 17 Years","17.52737951366","10.3%","4.6%"
"2021 May 06 12:00:00 AM","18 - 24 Years","18.96948772059","38.5%","24.3%"
"2021 May 06 12:00:00 AM","25 - 49 Years","15.79683577875","49%","35.6%"
"2021 May 06 12:00:00 AM","50 - 64 Years","10.96735837721","67%","54%"
"2021 May 06 12:00:00 AM","65+ Years","6.26308375042","85%","75.7%"
"2021 May 05 12:00:00 AM","<2 Years","4.90321962194","0%","0%"
"2021 May 05 12:00:00 AM","2 - 4 Years","10.23023518208","0%","0%"
"2021 May 05 12:00:00 AM","5 - 11 Years","9.97776888008","0%","0%"
"2021 May 05 12:00:00 AM","12 - 17 Years","16.83526131177","10.1%","4.3%"
"2021 May 05 12:00:00 AM","18 - 24 Years","17.70350002861","38.1%","23.5%"
"2021 May 05 12:00:00 AM","25 - 49 Years","14.84786951757","48.7%","34.9%"
"2021 May 05 12:00:00 AM","50 - 64 Years","10.19706201476","66.7%","53.2%"
"2021 May 05 12:00:00 AM","65+ Years","5.69782062206","84.9%","75.4%"
"2021 May 04 12:00:00 AM","<2 Years","5.06422456028","0%","0%"
"2021 May 04 12:00:00 AM","2 - 4 Years","10.74538854252","0%","0%"
"2021 May 04 12:00:00 AM","5 - 11 Years","10.47193661604","0%","0%"
"2021 May 04 12:00:00 AM","12 - 17 Years","17.58105864813","9.9%","4%"
"2021 May 04 12:00:00 AM","18 - 24 Years","18.51802459668","37.7%","22.7%"
"2021 May 04 12:00:00 AM","25 - 49 Years","15.48783310435","48.3%","34.1%"
"2021 May 04 12:00:00 AM","50 - 64 Years","10.58413990983","66.4%","52.4%"
"2021 May 04 12:00:00 AM","65+ Years","5.83973100071","84.7%","75.1%"
"2021 May 03 12:00:00 AM","<2 Years","5.49398389567","0%","0%"
"2021 May 03 12:00:00 AM","2 - 4 Years","11.65667707324","0%","0%"
"2021 May 03 12:00:00 AM","5 - 11 Years","11.37188436282","0%","0%"
"2021 May 03 12:00:00 AM","12 - 17 Years","19.00355571158","9.8%","3.7%"
"2021 May 03 12:00:00 AM","18 - 24 Years","20.32293161981","37.3%","21.9%"
"2021 May 03 12:00:00 AM","25 - 49 Years","17.0116819096","48%","33.4%"
"2021 May 03 12:00:00 AM","50 - 64 Years","11.68566597839","66.1%","51.7%"
"2021 May 03 12:00:00 AM","65+ Years","6.48189528398","84.6%","74.8%"
"2021 May 02 12:00:00 AM","<2 Years","5.61783384823","0%","0%"
"2021 May 02 12:00:00 AM","2 - 4 Years","11.98886217118","0%","0%"
"2021 May 02 12:00:00 AM","5 - 11 Years","11.76109167519","0%","0%"
"2021 May 02 12:00:00 AM","12 - 17 Years","19.72593980843","9.7%","3.5%"
"2021 May 02 12:00:00 AM","18 - 24 Years","21.10011002369","37%","21.3%"
"2021 May 02 12:00:00 AM","25 - 49 Years","17.56368026587","47.7%","32.8%"
"2021 May 02 12:00:00 AM","50 - 64 Years","12.05026838279","65.8%","51%"
"2021 May 02 12:00:00 AM","65+ Years","6.66582381944","84.5%","74.6%"
"2021 May 01 12:00:00 AM","<2 Years","5.68471282261","0%","0%"
"2021 May 01 12:00:00 AM","2 - 4 Years","12.22689855152","0%","0%"
"2021 May 01 12:00:00 AM","5 - 11 Years","12.0071711372","0%","0%"
"2021 May 01 12:00:00 AM","12 - 17 Years","20.13824124553","9.6%","3.4%"
"2021 May 01 12:00:00 AM","18 - 24 Years","21.34876929403","36.8%","21%"
"2021 May 01 12:00:00 AM","25 - 49 Years","17.86580445608","47.6%","32.5%"
"2021 May 01 12:00:00 AM","50 - 64 Years","12.23166148435","65.7%","50.8%"
"2021 May 01 12:00:00 AM","65+ Years","6.77417252567","84.4%","74.5%"
"2021 Apr 30 12:00:00 AM","<2 Years","5.68471282261","0%","0%"
"2021 Apr 30 12:00:00 AM","2 - 4 Years","12.36368065068","0%","0%"
"2021 Apr 30 12:00:00 AM","5 - 11 Years","12.23969111865","0%","0%"
"2021 Apr 30 12:00:00 AM","12 - 17 Years","20.4020684809","9.3%","3.1%"
"2021 Apr 30 12:00:00 AM","18 - 24 Years","21.74161312227","36.5%","20.5%"
"2021 Apr 30 12:00:00 AM","25 - 49 Years","18.18816726323","47.3%","32%"
"2021 Apr 30 12:00:00 AM","50 - 64 Years","12.42940039732","65.4%","50.3%"
"2021 Apr 30 12:00:00 AM","65+ Years","6.79795638801","84.3%","74.4%"
"2021 Apr 29 12:00:00 AM","<2 Years","5.73425280364","0%","0%"
"2021 Apr 29 12:00:00 AM","2 - 4 Years","12.50046274983","0%","0%"
"2021 Apr 29 12:00:00 AM","5 - 11 Years","12.41847538084","0%","0%"
"2021 Apr 29 12:00:00 AM","12 - 17 Years","20.67331942636","9.1%","2.9%"
"2021 Apr 29 12:00:00 AM","18 - 24 Years","22.20536738882","36%","19.8%"
"2021 Apr 29 12:00:00 AM","25 - 49 Years","18.59875985798","46.8%","31.2%"
"2021 Apr 29 12:00:00 AM","50 - 64 Years","12.72612227935","65%","49.4%"
"2021 Apr 29 12:00:00 AM","65+ Years","6.92110394192","84.2%","74.1%"
"2021 Apr 28 12:00:00 AM","<2 Years","5.79865477897","0%","0%"
"2021 Apr 28 12:00:00 AM","2 - 4 Years","12.69941853041","0%","0%"
"2021 Apr 28 12:00:00 AM","5 - 11 Years","12.47723312994","0%","0%"
"2021 Apr 28 12:00:00 AM","12 - 17 Years","20.9879705231","8.8%","2.7%"
"2021 Apr 28 12:00:00 AM","18 - 24 Years","22.74995955505","35.4%","19%"
"2021 Apr 28 12:00:00 AM","25 - 49 Years","18.95353090795","46.3%","30.4%"
"2021 Apr 28 12:00:00 AM","50 - 64 Years","13.01762258273","64.6%","48.5%"
"2021 Apr 28 12:00:00 AM","65+ Years","7.04293017015","84%","73.7%"
"2021 Apr 27 12:00:00 AM","<2 Years","5.85067175905","0%","0%"
"2021 Apr 27 12:00:00 AM","2 - 4 Years","12.78468529352","0%","0%"
"2021 Apr 27 12:00:00 AM","5 - 11 Years","12.49481023437","0%","0%"
"2021 Apr 27 12:00:00 AM","12 - 17 Years","21.09647090128","8.6%","2.4%"
"2021 Apr 27 12:00:00 AM","18 - 24 Years","23.17778586619","34.9%","18.2%"
"2021 Apr 27 12:00:00 AM","25 - 49 Years","19.20446330236","45.8%","29.7%"
"2021 Apr 27 12:00:00 AM","50 - 64 Years","13.24873419399","64.2%","47.5%"
"2021 Apr 27 12:00:00 AM","65+ Years","7.10344688656","83.8%","73.3%"
"2021 Apr 26 12:00:00 AM","<2 Years","5.77760028703","0%","0%"
"2021 Apr 26 12:00:00 AM","2 - 4 Years","12.81488393879","0%","0%"
"2021 Apr 26 12:00:00 AM","5 - 11 Years","12.52293360145","0%","0%"
"2021 Apr 26 12:00:00 AM","12 - 17 Years","21.06791817018","8.3%","2.2%"
"2021 Apr 26 12:00:00 AM","18 - 24 Years","23.62263068252","34.3%","17.6%"
"2021 Apr 26 12:00:00 AM","25 - 49 Years","19.25631649087","45.3%","28.9%"
"2021 Apr 26 12:00:00 AM","50 - 64 Years","13.25804222548","63.7%","46.6%"
"2021 Apr 26 12:00:00 AM","65+ Years","6.96127224277","83.6%","73%"
"2021 Apr 25 12:00:00 AM","<2 Years","6.1095181599","0%","0%"
"2021 Apr 25 12:00:00 AM","2 - 4 Years","13.53076947072","0%","0%"
"2021 Apr 25 12:00:00 AM","5 - 11 Years","12.98747136137","0%","0%"
"2021 Apr 25 12:00:00 AM","12 - 17 Years","21.75432582585","8.1%","2.1%"
"2021 Apr 25 12:00:00 AM","18 - 24 Years","25.24884340111","33.9%","17.1%"
"2021 Apr 25 12:00:00 AM","25 - 49 Years","20.55754050972","44.9%","28.4%"
"2021 Apr 25 12:00:00 AM","50 - 64 Years","14.37931948283","63.4%","45.8%"
"2021 Apr 25 12:00:00 AM","65+ Years","7.76490252484","83.4%","72.7%"
"2021 Apr 24 12:00:00 AM","<2 Years","6.1578196414","0%","0%"
"2021 Apr 24 12:00:00 AM","2 - 4 Years","13.61603623383","0%","0%"
"2021 Apr 24 12:00:00 AM","5 - 11 Years","12.99701321806","0%","0%"
"2021 Apr 24 12:00:00 AM","12 - 17 Years","21.73890735105","7.9%","2%"
"2021 Apr 24 12:00:00 AM","18 - 24 Years","25.5055391878","33.6%","16.9%"
"2021 Apr 24 12:00:00 AM","25 - 49 Years","20.7534450306","44.7%","28.2%"
"2021 Apr 24 12:00:00 AM","50 - 64 Years","14.61429052177","63.2%","45.6%"
"2021 Apr 24 12:00:00 AM","65+ Years","7.82277658988","83.4%","72.6%"
"2021 Apr 23 12:00:00 AM","<2 Years","6.27300009728","0%","0%"
"2021 Apr 23 12:00:00 AM","2 - 4 Years","13.85407261417","0%","0%"
"2021 Apr 23 12:00:00 AM","5 - 11 Years","13.17077545042","0%","0%"
"2021 Apr 23 12:00:00 AM","12 - 17 Years","21.95476599818","7.6%","1.9%"
"2021 Apr 23 12:00:00 AM","18 - 24 Years","25.96409335554","33.1%","16.6%"
"2021 Apr 23 12:00:00 AM","25 - 49 Years","21.09578189762","44.3%","27.7%"
"2021 Apr 23 12:00:00 AM","50 - 64 Years","14.94120674987","62.9%","44.9%"
"2021 Apr 23 12:00:00 AM","65+ Years","7.98529964922","83.3%","72.4%"
"2021 Apr 22 12:00:00 AM","<2 Years","6.40799654558","0%","0%"
"2021 Apr 22 12:00:00 AM","2 - 4 Years","14.14184793966","0%","0%"
"2021 Apr 22 12:00:00 AM","5 - 11 Years","13.41986813034","0%","0%"
"2021 Apr 22 12:00:00 AM","12 - 17 Years","22.13236398562","7.3%","1.8%"
"2021 Apr 22 12:00:00 AM","18 - 24 Years","26.31060903075","32.5%","16%"
"2021 Apr 22 12:00:00 AM","25 - 49 Years","21.44724598403","43.7%","27%"
"2021 Apr 22 12:00:00 AM","50 - 64 Years","15.24224210991","62.3%","43.8%"
"2021 Apr 22 12:00:00 AM","65+ Years","8.09496968114","83.1%","72%"
"2021 Apr 21 12:00:00 AM","<2 Years","6.44515153135","0%","0%"
"2021 Apr 21 12:00:00 AM","2 - 4 Years","14.27507725702","0%","0%"
"2021 Apr 21 12:00:00 AM","5 - 11 Years","13.58961273882","0%","0%"
"2021 Apr 21 12:00:00 AM","12 - 17 Years","22.27741185962","7%","1.6%"
"2021 Apr 21 12:00:00 AM","18 - 24 Years","26.65901565098","31.8%","15.4%"
"2021 Apr 21 12:00:00 AM","25 - 49 Years","21.70069167074","43.1%","26.2%"
"2021 Apr 21 12:00:00 AM","50 - 64 Years","15.48288877781","61.8%","42.6%"
"2021 Apr 21 12:00:00 AM","65+ Years","8.20728236443","82.9%","71.6%"
"2021 Apr 20 12:00:00 AM","<2 Years","6.60491797015","0%","0%"
"2021 Apr 20 12:00:00 AM","2 - 4 Years","14.58061649149","0%","0%"
"2021 Apr 20 12:00:00 AM","5 - 11 Years","13.93663500056","0%","0%"
"2021 Apr 20 12:00:00 AM","12 - 17 Years","22.73482661186","6.6%","1.5%"
"2021 Apr 20 12:00:00 AM","18 - 24 Years","27.71794486309","31.1%","14.8%"
"2021 Apr 20 12:00:00 AM","25 - 49 Years","22.57558194833","42.5%","25.4%"
"2021 Apr 20 12:00:00 AM","50 - 64 Years","16.15715349827","61.3%","41.5%"
"2021 Apr 20 12:00:00 AM","65+ Years","8.55241263354","82.7%","71.1%"
"2021 Apr 19 12:00:00 AM","<2 Years","6.62721096161","0%","0%"
"2021 Apr 19 12:00:00 AM","2 - 4 Years","14.50245529197","0%","0%"
"2021 Apr 19 12:00:00 AM","5 - 11 Years","13.74630006974","0%","0%"
"2021 Apr 19 12:00:00 AM","12 - 17 Years","22.56236811601","6.3%","1.4%"
"2021 Apr 19 12:00:00 AM","18 - 24 Years","27.73779978581","30.4%","14.3%"
"2021 Apr 19 12:00:00 AM","25 - 49 Years","22.56142814433","41.9%","24.8%"
"2021 Apr 19 12:00:00 AM","50 - 64 Years","16.1607859008","60.8%","40.4%"
"2021 Apr 19 12:00:00 AM","65+ Years","8.52492905928","82.5%","70.7%"
"2021 Apr 18 12:00:00 AM","<2 Years","6.59624847347","0%","0%"
"2021 Apr 18 12:00:00 AM","2 - 4 Years","14.47048025581","0%","0%"
"2021 Apr 18 12:00:00 AM","5 - 11 Years","13.70813264298","0%","0%"
"2021 Apr 18 12:00:00 AM","12 - 17 Years","22.47842308657","6.1%","1.3%"
"2021 Apr 18 12:00:00 AM","18 - 24 Years","27.81296485042","29.9%","14%"
"2021 Apr 18 12:00:00 AM","25 - 49 Years","22.45243062562","41.4%","24.3%"
"2021 Apr 18 12:00:00 AM","50 - 64 Years","16.07905684378","60.4%","39.5%"
"2021 Apr 18 12:00:00 AM","65+ Years","8.21547458368","82.3%","70.3%"
"2021 Apr 17 12:00:00 AM","<2 Years","6.64207295592","0%","0%"
"2021 Apr 17 12:00:00 AM","2 - 4 Years","14.59838040047","0%","0%"
"2021 Apr 17 12:00:00 AM","5 - 11 Years","13.86180675599","0%","0%"
"2021 Apr 17 12:00:00 AM","12 - 17 Years","22.88729819594","5.9%","1.2%"
"2021 Apr 17 12:00:00 AM","18 - 24 Years","28.30035592975","29.6%","13.8%"
"2021 Apr 17 12:00:00 AM","25 - 49 Years","22.84820802365","41.2%","24.1%"
"2021 Apr 17 12:00:00 AM","50 - 64 Years","16.36465449304","60.2%","39.1%"
"2021 Apr 17 12:00:00 AM","65+ Years","8.34760715225","82.2%","70.2%"
"2021 Apr 16 12:00:00 AM","<2 Years","6.72133692556","0%","0%"
"2021 Apr 16 12:00:00 AM","2 - 4 Years","14.58949844598","0%","0%"
"2021 Apr 16 12:00:00 AM","5 - 11 Years","13.92759534685","0%","0%"
"2021 Apr 16 12:00:00 AM","12 - 17 Years","23.17568078006","5.6%","1.2%"
"2021 Apr 16 12:00:00 AM","18 - 24 Years","28.69036334045","29%","13.5%"
"2021 Apr 16 12:00:00 AM","25 - 49 Years","23.19610058943","40.6%","23.6%"
"2021 Apr 16 12:00:00 AM","50 - 64 Years","16.70973273381","59.8%","38.4%"
"2021 Apr 16 12:00:00 AM","65+ Years","8.46018410068","82.1%","69.9%"
"2021 Apr 15 12:00:00 AM","<2 Years","6.694089936","0%","0%"
"2021 Apr 15 12:00:00 AM","2 - 4 Years","14.571734537","0%","0%"
"2021 Apr 15 12:00:00 AM","5 - 11 Years","13.82464373519","0%","0%"
"2021 Apr 15 12:00:00 AM","12 - 17 Years","23.25791264563","5.3%","1.1%"
"2021 Apr 15 12:00:00 AM","18 - 24 Years","29.14371740939","28.2%","13%"
"2021 Apr 15 12:00:00 AM","25 - 49 Years","23.44134500652","39.9%","23%"
"2021 Apr 15 12:00:00 AM","50 - 64 Years","17.07138381115","59.2%","37.2%"
"2021 Apr 15 12:00:00 AM","65+ Years","8.59178813898","81.9%","69.3%"
"2021 Apr 14 12:00:00 AM","<2 Years","6.73124492176","0%","0%"
"2021 Apr 14 12:00:00 AM","2 - 4 Years","14.6658832546","0%","0%"
"2021 Apr 14 12:00:00 AM","5 - 11 Years","13.94015042144","0%","0%"
"2021 Apr 14 12:00:00 AM","12 - 17 Years","23.4880476583","4.9%","1%"
"2021 Apr 14 12:00:00 AM","18 - 24 Years","29.74078329996","27.3%","12.6%"
"2021 Apr 14 12:00:00 AM","25 - 49 Years","23.92971738404","39.1%","22.4%"
"2021 Apr 14 12:00:00 AM","50 - 64 Years","17.5038667379","58.5%","36%"
"2021 Apr 14 12:00:00 AM","65+ Years","8.79791494595","81.6%","68.7%"
"2021 Apr 13 12:00:00 AM","<2 Years","6.69285143647","0%","0%"
"2021 Apr 13 12:00:00 AM","2 - 4 Years","14.53265393724","0%","0%"
"2021 Apr 13 12:00:00 AM","5 - 11 Years","13.87285522163","0%","0%"
"2021 Apr 13 12:00:00 AM","12 - 17 Years","23.4440764524","4.6%","0.9%"
"2021 Apr 13 12:00:00 AM","18 - 24 Years","29.72754668481","26.5%","12.2%"
"2021 Apr 13 12:00:00 AM","25 - 49 Years","23.77521604684","38.4%","21.8%"
"2021 Apr 13 12:00:00 AM","50 - 64 Years","17.51067749265","57.8%","34.8%"
"2021 Apr 13 12:00:00 AM","65+ Years","8.79817921109","81.4%","68.1%"
"2021 Apr 12 12:00:00 AM","<2 Years","6.68913593789","0%","0%"
"2021 Apr 12 12:00:00 AM","2 - 4 Years","14.86306264428","0%","0%"
"2021 Apr 12 12:00:00 AM","5 - 11 Years","14.00543680933","0%","0%"
"2021 Apr 12 12:00:00 AM","12 - 17 Years","23.77471707855","4.3%","0.9%"
"2021 Apr 12 12:00:00 AM","18 - 24 Years","30.46028788068","25.7%","11.8%"
"2021 Apr 12 12:00:00 AM","25 - 49 Years","24.31623528412","37.6%","21.2%"
"2021 Apr 12 12:00:00 AM","50 - 64 Years","18.0360137092","57.1%","33.7%"
"2021 Apr 12 12:00:00 AM","65+ Years","9.02386163822","81.1%","67.5%"
"2021 Apr 11 12:00:00 AM","<2 Years","6.58138647916","0%","0%"
"2021 Apr 11 12:00:00 AM","2 - 4 Years","14.70674024525","0%","0%"
"2021 Apr 11 12:00:00 AM","5 - 11 Years","13.79350715021","0%","0%"
"2021 Apr 11 12:00:00 AM","12 - 17 Years","23.5114608978","4.1%","0.8%"
"2021 Apr 11 12:00:00 AM","18 - 24 Years","30.35959505828","24.9%","11.4%"
"2021 Apr 11 12:00:00 AM","25 - 49 Years","24.32628845332","36.9%","20.7%"
"2021 Apr 11 12:00:00 AM","50 - 64 Years","18.12705079771","56.4%","32.7%"
"2021 Apr 11 12:00:00 AM","65+ Years","9.01434809328","80.8%","66.9%"
"2021 Apr 10 12:00:00 AM","<2 Years","6.53432349719","0%","0%"
"2021 Apr 10 12:00:00 AM","2 - 4 Years","14.41718852886","0%","0%"
"2021 Apr 10 12:00:00 AM","5 - 11 Years","13.60216781342","0%","0%"
"2021 Apr 10 12:00:00 AM","12 - 17 Years","23.09230680524","4%","0.8%"
"2021 Apr 10 12:00:00 AM","18 - 24 Years","30.20690124779","24.5%","11.2%"
"2021 Apr 10 12:00:00 AM","25 - 49 Years","24.15908837608","36.6%","20.3%"
"2021 Apr 10 12:00:00 AM","50 - 64 Years","18.12954807446","56.1%","32.3%"
"2021 Apr 10 12:00:00 AM","65+ Years","8.97576538325","80.7%","66.7%"
"2021 Apr 09 12:00:00 AM","<2 Years","6.35350256645","0%","0%"
"2021 Apr 09 12:00:00 AM","2 - 4 Years","14.29817033869","0%","0%"
"2021 Apr 09 12:00:00 AM","5 - 11 Years","13.44347167057","0%","0%"
"2021 Apr 09 12:00:00 AM","12 - 17 Years","22.70398966227","3.7%","0.8%"
"2021 Apr 09 12:00:00 AM","18 - 24 Years","29.96769670255","23.7%","10.7%"
"2021 Apr 09 12:00:00 AM","25 - 49 Years","23.9462522018","35.8%","19.8%"
"2021 Apr 09 12:00:00 AM","50 - 64 Years","18.01421929399","55.3%","31.3%"
"2021 Apr 09 12:00:00 AM","65+ Years","8.85235356421","80.5%","66.2%"
"2021 Apr 08 12:00:00 AM","<2 Years","6.26061510203","0%","0%"
"2021 Apr 08 12:00:00 AM","2 - 4 Years","13.94466854997","0%","0%"
"2021 Apr 08 12:00:00 AM","5 - 11 Years","13.15972698478","0%","0%"
"2021 Apr 08 12:00:00 AM","12 - 17 Years","22.21973534279","3.4%","0.7%"
"2021 Apr 08 12:00:00 AM","18 - 24 Years","29.70721902583","22.6%","10.1%"
"2021 Apr 08 12:00:00 AM","25 - 49 Years","23.71820399518","34.8%","18.9%"
"2021 Apr 08 12:00:00 AM","50 - 64 Years","17.89162570845","54.2%","29.9%"
"2021 Apr 08 12:00:00 AM","65+ Years","8.76699592491","80.1%","65.4%"
"2021 Apr 07 12:00:00 AM","<2 Years","6.23460661199","0%","0%"
"2021 Apr 07 12:00:00 AM","2 - 4 Years","13.87361291405","0%","0%"
"2021 Apr 07 12:00:00 AM","5 - 11 Years","12.91766514664","0%","0%"
"2021 Apr 07 12:00:00 AM","12 - 17 Years","21.83941296453","3.1%","0.7%"
"2021 Apr 07 12:00:00 AM","18 - 24 Years","29.75496538762","21.5%","9.5%"
"2021 Apr 07 12:00:00 AM","25 - 49 Years","23.68262106735","33.7%","18.2%"
"2021 Apr 07 12:00:00 AM","50 - 64 Years","17.9536035767","53.1%","28.5%"
"2021 Apr 07 12:00:00 AM","65+ Years","8.7157284883","79.6%","64.4%"
"2021 Apr 06 12:00:00 AM","<2 Years","6.19125912859","0%","0%"
"2021 Apr 06 12:00:00 AM","2 - 4 Years","13.80611005992","0%","0%"
"2021 Apr 06 12:00:00 AM","5 - 11 Years","12.64747994141","0%","0%"
"2021 Apr 06 12:00:00 AM","12 - 17 Years","21.58529365773","2.9%","0.6%"
"2021 Apr 06 12:00:00 AM","18 - 24 Years","30.08162614011","20.4%","9%"
"2021 Apr 06 12:00:00 AM","25 - 49 Years","23.87588001739","32.7%","17.5%"
"2021 Apr 06 12:00:00 AM","50 - 64 Years","18.10525638251","51.9%","27.2%"
"2021 Apr 06 12:00:00 AM","65+ Years","8.69749419384","79.2%","63.4%"
"2021 Apr 05 12:00:00 AM","<2 Years","6.0513086822","0%","0%"
"2021 Apr 05 12:00:00 AM","2 - 4 Years","13.40819849875","0%","0%"
"2021 Apr 05 12:00:00 AM","5 - 11 Years","12.27936515436","0%","0%"
"2021 Apr 05 12:00:00 AM","12 - 17 Years","21.05421285925","2.6%","0.6%"
"2021 Apr 05 12:00:00 AM","18 - 24 Years","29.60699893968","19.5%","8.5%"
"2021 Apr 05 12:00:00 AM","25 - 49 Years","23.61026470481","31.7%","16.8%"
"2021 Apr 05 12:00:00 AM","50 - 64 Years","18.04123528784","50.8%","26%"
"2021 Apr 05 12:00:00 AM","65+ Years","8.61425067564","78.7%","62.4%"
"2021 Apr 04 12:00:00 AM","<2 Years","5.99557620354","0%","0%"
"2021 Apr 04 12:00:00 AM","2 - 4 Years","13.13285790955","0%","0%"
"2021 Apr 04 12:00:00 AM","5 - 11 Years","12.08149717878","0%","0%"
"2021 Apr 04 12:00:00 AM","12 - 17 Years","20.62078240114","2.5%","0.5%"
"2021 Apr 04 12:00:00 AM","18 - 24 Years","29.47841467821","18.8%","8.2%"
"2021 Apr 04 12:00:00 AM","25 - 49 Years","23.51026212697","31%","16.4%"
"2021 Apr 04 12:00:00 AM","50 - 64 Years","18.00808961471","50%","25.1%"
"2021 Apr 04 12:00:00 AM","65+ Years","8.51567977948","78.4%","61.6%"
"2021 Apr 03 12:00:00 AM","<2 Years","5.93612822631","0%","0%"
"2021 Apr 03 12:00:00 AM","2 - 4 Years","13.24121775433","0%","0%"
"2021 Apr 03 12:00:00 AM","5 - 11 Years","12.04734737589","0%","0%"
"2021 Apr 03 12:00:00 AM","12 - 17 Years","20.55511111961","2.4%","0.5%"
"2021 Apr 03 12:00:00 AM","18 - 24 Years","29.68547315808","18.7%","8.2%"
"2021 Apr 03 12:00:00 AM","25 - 49 Years","23.68672170216","30.8%","16.3%"
"2021 Apr 03 12:00:00 AM","50 - 64 Years","18.18403411247","49.8%","24.9%"
"2021 Apr 03 12:00:00 AM","65+ Years","8.55822646656","78.4%","61.4%"
"2021 Apr 02 12:00:00 AM","<2 Years","6.01663069548","0%","0%"
"2021 Apr 02 12:00:00 AM","2 - 4 Years","13.2731927905","0%","0%"
"2021 Apr 02 12:00:00 AM","5 - 11 Years","12.08199938177","0%","0%"
"2021 Apr 02 12:00:00 AM","12 - 17 Years","20.62991927509","2.3%","0.5%"
"2021 Apr 02 12:00:00 AM","18 - 24 Years","30.0414435584","18.2%","7.9%"
"2021 Apr 02 12:00:00 AM","25 - 49 Years","23.85021798022","30.3%","15.9%"
"2021 Apr 02 12:00:00 AM","50 - 64 Years","18.39425940915","49.1%","24.3%"
"2021 Apr 02 12:00:00 AM","65+ Years","8.64622675723","78.2%","60.9%"
"2021 Apr 01 12:00:00 AM","<2 Years","6.03892368694","0%","0%"
"2021 Apr 01 12:00:00 AM","2 - 4 Years","13.31760256295","0%","0%"
"2021 Apr 01 12:00:00 AM","5 - 11 Years","12.30949733338","0%","0%"
"2021 Apr 01 12:00:00 AM","12 - 17 Years","20.91715974997","2.1%","0.5%"
"2021 Apr 01 12:00:00 AM","18 - 24 Years","30.50661603371","17.5%","7.6%"
"2021 Apr 01 12:00:00 AM","25 - 49 Years","24.12218266283","29.4%","15.4%"
"2021 Apr 01 12:00:00 AM","50 - 64 Years","18.71913241083","48.1%","23.3%"
"2021 Apr 01 12:00:00 AM","65+ Years","8.80425730925","77.8%","59.9%"
"2021 Mar 31 12:00:00 AM","<2 Years","6.09589466512","0%","0%"
"2021 Mar 31 12:00:00 AM","2 - 4 Years","13.7332780331","0%","0%"
"2021 Mar 31 12:00:00 AM","5 - 11 Years","12.78458135596","0%","0%"
"2021 Mar 31 12:00:00 AM","12 - 17 Years","21.7114967292","1.9%","0.4%"
"2021 Mar 31 12:00:00 AM","18 - 24 Years","31.16513763749","16.7%","7.2%"
"2021 Mar 31 12:00:00 AM","25 - 49 Years","24.78926335075","28.4%","14.8%"
"2021 Mar 31 12:00:00 AM","50 - 64 Years","19.45423987373","46.7%","22.2%"
"2021 Mar 31 12:00:00 AM","65+ Years","9.23765213417","77.3%","58.5%"
"2021 Mar 30 12:00:00 AM","<2 Years","5.93860522537","0%","0%"
"2021 Mar 30 12:00:00 AM","2 - 4 Years","13.65334044269","0%","0%"
"2021 Mar 30 12:00:00 AM","5 - 11 Years","12.8111981141","0%","0%"
"2021 Mar 30 12:00:00 AM","12 - 17 Years","21.56587780058","1.7%","0.4%"
"2021 Mar 30 12:00:00 AM","18 - 24 Years","30.76094813912","15.9%","6.9%"
"2021 Mar 30 12:00:00 AM","25 - 49 Years","24.54560627616","27.5%","14.3%"
"2021 Mar 30 12:00:00 AM","50 - 64 Years","19.41905097418","45.4%","21.2%"
"2021 Mar 30 12:00:00 AM","65+ Years","9.28654118454","76.8%","57.2%"
"2021 Mar 29 12:00:00 AM","<2 Years","5.82714026806","0%","0%"
"2021 Mar 29 12:00:00 AM","2 - 4 Years","13.56807367958","0%","0%"
"2021 Mar 29 12:00:00 AM","5 - 11 Years","12.81019370813","0%","0%"
"2021 Mar 29 12:00:00 AM","12 - 17 Years","21.52590397704","1.6%","0.4%"
"2021 Mar 29 12:00:00 AM","18 - 24 Years","30.73400217256","15.3%","6.7%"
"2021 Mar 29 12:00:00 AM","25 - 49 Years","24.56438982914","26.7%","13.9%"
"2021 Mar 29 12:00:00 AM","50 - 64 Years","19.59999002542","44.3%","20.4%"
"2021 Mar 29 12:00:00 AM","65+ Years","9.46069190992","76.3%","56%"
"2021 Mar 28 12:00:00 AM","<2 Years","5.73177580459","0%","0%"
"2021 Mar 28 12:00:00 AM","2 - 4 Years","13.5485333797","0%","0%"
"2021 Mar 28 12:00:00 AM","5 - 11 Years","12.85187655577","0%","0%"
"2021 Mar 28 12:00:00 AM","12 - 17 Years","21.6675255233","1.5%","0.4%"
"2021 Mar 28 12:00:00 AM","18 - 24 Years","30.78033032559","14.8%","6.5%"
"2021 Mar 28 12:00:00 AM","25 - 49 Years","24.5809246469","26.1%","13.6%"
"2021 Mar 28 12:00:00 AM","50 - 64 Years","19.78501552952","43.5%","19.9%"
"2021 Mar 28 12:00:00 AM","65+ Years","9.66523312608","76%","55%"
"2021 Mar 27 12:00:00 AM","<2 Years","5.79741627944","0%","0%"
"2021 Mar 27 12:00:00 AM","2 - 4 Years","13.66577517897","0%","0%"
"2021 Mar 27 12:00:00 AM","5 - 11 Years","13.01559472846","0%","0%"
"2021 Mar 27 12:00:00 AM","12 - 17 Years","21.93763435952","1.5%","0.4%"
"2021 Mar 27 12:00:00 AM","18 - 24 Years","30.99826173933","14.6%","6.5%"
"2021 Mar 27 12:00:00 AM","25 - 49 Years","24.87180516103","25.8%","13.5%"
"2021 Mar 27 12:00:00 AM","50 - 64 Years","20.13009377029","43.1%","19.6%"
"2021 Mar 27 12:00:00 AM","65+ Years","10.03414725754","75.9%","54.6%"
"2021 Mar 26 12:00:00 AM","<2 Years","5.89030374387","0%","0%"
"2021 Mar 26 12:00:00 AM","2 - 4 Years","13.87894208674","0%","0%"
"2021 Mar 26 12:00:00 AM","5 - 11 Years","13.22651998161","0%","0%"
"2021 Mar 26 12:00:00 AM","12 - 17 Years","22.24828807389","1.4%","0.3%"
"2021 Mar 26 12:00:00 AM","18 - 24 Years","31.51354425772","14.2%","6.3%"
"2021 Mar 26 12:00:00 AM","25 - 49 Years","25.626983358","25.3%","13.2%"
"2021 Mar 26 12:00:00 AM","50 - 64 Years","21.01117841005","42.2%","19.1%"
"2021 Mar 26 12:00:00 AM","65+ Years","10.79998762499","75.6%","53.8%"
"2021 Mar 25 12:00:00 AM","<2 Years","5.89649624149","0%","0%"
"2021 Mar 25 12:00:00 AM","2 - 4 Years","14.18803410301","0%","0%"
"2021 Mar 25 12:00:00 AM","5 - 11 Years","13.25514555168","0%","0%"
"2021 Mar 25 12:00:00 AM","12 - 17 Years","22.27798291424","1.3%","0.3%"
"2021 Mar 25 12:00:00 AM","18 - 24 Years","31.49085291746","13.7%","6.1%"
"2021 Mar 25 12:00:00 AM","25 - 49 Years","25.89894804061","24.6%","12.8%"
"2021 Mar 25 12:00:00 AM","50 - 64 Years","21.41119673915","41%","18.3%"
"2021 Mar 25 12:00:00 AM","65+ Years","11.25161674438","75%","52.4%"
"2021 Mar 24 12:00:00 AM","<2 Years","5.81351677328","0%","0%"
"2021 Mar 24 12:00:00 AM","2 - 4 Years","13.78301697825","0%","0%"
"2021 Mar 24 12:00:00 AM","5 - 11 Years","13.00103084193","0%","0%"
"2021 Mar 24 12:00:00 AM","12 - 17 Years","21.67837556112","1.2%","0.3%"
"2021 Mar 24 12:00:00 AM","18 - 24 Years","31.13630072591","13.1%","5.9%"
"2021 Mar 24 12:00:00 AM","25 - 49 Years","25.86415878403","23.8%","12.4%"
"2021 Mar 24 12:00:00 AM","50 - 64 Years","21.50995268305","39.6%","17.6%"
"2021 Mar 24 12:00:00 AM","65+ Years","11.69875335643","74.5%","50.9%"
"2021 Mar 23 12:00:00 AM","<2 Years","5.96089821683","0%","0%"
"2021 Mar 23 12:00:00 AM","2 - 4 Years","13.89670599572","0%","0%"
"2021 Mar 23 12:00:00 AM","5 - 11 Years","13.14466089527","0%","0%"
"2021 Mar 23 12:00:00 AM","12 - 17 Years","21.8439814015","1.1%","0.3%"
"2021 Mar 23 12:00:00 AM","18 - 24 Years","31.5466357956","12.6%","5.7%"
"2021 Mar 23 12:00:00 AM","25 - 49 Years","26.57012936333","23.1%","12.1%"
"2021 Mar 23 12:00:00 AM","50 - 64 Years","22.42713432299","38.2%","17%"
"2021 Mar 23 12:00:00 AM","65+ Years","12.68763349965","73.9%","49.7%"
"2021 Mar 22 12:00:00 AM","<2 Years","6.05007018267","0%","0%"
"2021 Mar 22 12:00:00 AM","2 - 4 Years","14.0121714041","0%","0%"
"2021 Mar 22 12:00:00 AM","5 - 11 Years","13.28075790385","0%","0%"
"2021 Mar 22 12:00:00 AM","12 - 17 Years","21.87082096874","1%","0.3%"
"2021 Mar 22 12:00:00 AM","18 - 24 Years","31.6166007614","12.1%","5.6%"
"2021 Mar 22 12:00:00 AM","25 - 49 Years","26.86947570416","22.4%","11.9%"
"2021 Mar 22 12:00:00 AM","50 - 64 Years","22.80240690983","37%","16.6%"
"2021 Mar 22 12:00:00 AM","65+ Years","13.39956377912","73.3%","48.7%"
"2021 Mar 21 12:00:00 AM","<2 Years","5.9113582358","0%","0%"
"2021 Mar 21 12:00:00 AM","2 - 4 Years","13.66399878808","0%","0%"
"2021 Mar 21 12:00:00 AM","5 - 11 Years","12.84333910505","0%","0%"
"2021 Mar 21 12:00:00 AM","12 - 17 Years","21.25065564923","1%","0.3%"
"2021 Mar 21 12:00:00 AM","18 - 24 Years","30.54443493415","11.8%","5.5%"
"2021 Mar 21 12:00:00 AM","25 - 49 Years","26.05503672031","21.9%","11.7%"
"2021 Mar 21 12:00:00 AM","50 - 64 Years","22.14380692531","36%","16.3%"
"2021 Mar 21 12:00:00 AM","65+ Years","13.16753898871","72.8%","48%"
"2021 Mar 20 12:00:00 AM","<2 Years","5.79741627944","0%","0%"
"2021 Mar 20 12:00:00 AM","2 - 4 Years","13.33714286283","0%","0%"
"2021 Mar 20 12:00:00 AM","5 - 11 Years","12.57968253861","0%","0%"
"2021 Mar 20 12:00:00 AM","12 - 17 Years","20.6716062625","0.9%","0.3%"
"2021 Mar 20 12:00:00 AM","18 - 24 Years","29.66750918037","11.6%","5.4%"
"2021 Mar 20 12:00:00 AM","25 - 49 Years","25.36692374419","21.7%","11.6%"
"2021 Mar 20 12:00:00 AM","50 - 64 Years","21.5664819475","35.5%","16.1%"
"2021 Mar 20 12:00:00 AM","65+ Years","12.83641477186","72.6%","47.7%"
"2021 Mar 19 12:00:00 AM","<2 Years","5.56086287005","0%","0%"
"2021 Mar 19 12:00:00 AM","2 - 4 Years","12.84685897496","0%","0%"
"2021 Mar 19 12:00:00 AM","5 - 11 Years","12.09555886233","0%","0%"
"2021 Mar 19 12:00:00 AM","12 - 17 Years","19.88697721184","0.9%","0.3%"
"2021 Mar 19 12:00:00 AM","18 - 24 Years","28.32824736881","11.3%","5.3%"
"2021 Mar 19 12:00:00 AM","25 - 49 Years","24.14810925708","21.2%","11.4%"
"2021 Mar 19 12:00:00 AM","50 - 64 Years","20.44089121214","34.7%","15.7%"
"2021 Mar 19 12:00:00 AM","65+ Years","12.13479083273","72.2%","47%"
"2021 Mar 18 12:00:00 AM","<2 Years","5.43948991654","0%","0%"
"2021 Mar 18 12:00:00 AM","2 - 4 Years","12.3423639599","0%","0%"
"2021 Mar 18 12:00:00 AM","5 - 11 Years","11.79072165122","0%","0%"
"2021 Mar 18 12:00:00 AM","12 - 17 Years","19.29879095116","0.8%","0.2%"
"2021 Mar 18 12:00:00 AM","18 - 24 Years","27.3213191448","10.8%","5.2%"
"2021 Mar 18 12:00:00 AM","25 - 49 Years","23.24914428482","20.5%","11.1%"
"2021 Mar 18 12:00:00 AM","50 - 64 Years","19.66151384335","33.3%","15.3%"
"2021 Mar 18 12:00:00 AM","65+ Years","11.68263318307","71.5%","45.9%"
"2021 Mar 17 12:00:00 AM","<2 Years","5.25743048627","0%","0%"
"2021 Mar 17 12:00:00 AM","2 - 4 Years","11.90892458077","0%","0%"
"2021 Mar 17 12:00:00 AM","5 - 11 Years","11.35581386734","0%","0%"
"2021 Mar 17 12:00:00 AM","12 - 17 Years","18.61923595096","0.8%","0.2%"
"2021 Mar 17 12:00:00 AM","18 - 24 Years","26.12813283616","10.3%","5.1%"
"2021 Mar 17 12:00:00 AM","25 - 49 Years","22.00718105284","19.8%","10.9%"
"2021 Mar 17 12:00:00 AM","50 - 64 Years","18.5915442718","31.9%","14.9%"
"2021 Mar 17 12:00:00 AM","65+ Years","10.97281702469","70.6%","44.7%"
"2021 Mar 16 12:00:00 AM","<2 Years","5.08899455079","0%","0%"
"2021 Mar 16 12:00:00 AM","2 - 4 Years","11.50035467421","0%","0%"
"2021 Mar 16 12:00:00 AM","5 - 11 Years","11.09617492477","0%","0%"
"2021 Mar 16 12:00:00 AM","12 - 17 Years","18.13212635838","0.7%","0.2%"
"2021 Mar 16 12:00:00 AM","18 - 24 Years","25.28618956529","9.9%","5%"
"2021 Mar 16 12:00:00 AM","25 - 49 Years","21.08043758673","19.1%","10.7%"
"2021 Mar 16 12:00:00 AM","50 - 64 Years","17.72340006608","30.5%","14.5%"
"2021 Mar 16 12:00:00 AM","65+ Years","10.38773401104","69.8%","43.5%"
"2021 Mar 15 12:00:00 AM","<2 Years","5.0221155764","0%","0%"
"2021 Mar 15 12:00:00 AM","2 - 4 Years","11.14152371279","0%","0%"
"2021 Mar 15 12:00:00 AM","5 - 11 Years","10.83452717027","0%","0%"
"2021 Mar 15 12:00:00 AM","12 - 17 Years","17.73924077843","0.7%","0.2%"
"2021 Mar 15 12:00:00 AM","18 - 24 Years","24.36293565849","9.6%","4.9%"
"2021 Mar 15 12:00:00 AM","25 - 49 Years","20.3018460878","18.6%","10.5%"
"2021 Mar 15 12:00:00 AM","50 - 64 Years","17.08750259739","29.3%","14.1%"
"2021 Mar 15 12:00:00 AM","65+ Years","9.97918010901","69.1%","42.4%"
"2021 Mar 14 12:00:00 AM","<2 Years","5.16330452233","0%","0%"
"2021 Mar 14 12:00:00 AM","2 - 4 Years","11.33159753889","0%","0%"
"2021 Mar 14 12:00:00 AM","5 - 11 Years","11.07558460244","0%","0%"
"2021 Mar 14 12:00:00 AM","12 - 17 Years","17.93397040453","0.6%","0.2%"
"2021 Mar 14 12:00:00 AM","18 - 24 Years","24.57613970967","9.3%","4.8%"
"2021 Mar 14 12:00:00 AM","25 - 49 Years","20.66931587781","18.2%","10.4%"
"2021 Mar 14 12:00:00 AM","50 - 64 Years","17.54336911546","28.4%","13.9%"
"2021 Mar 14 12:00:00 AM","65+ Years","10.44983631827","68.4%","41.4%"
"2021 Mar 13 12:00:00 AM","<2 Years","5.15835052422","0%","0%"
"2021 Mar 13 12:00:00 AM","2 - 4 Years","11.39732400212","0%","0%"
"2021 Mar 13 12:00:00 AM","5 - 11 Years","11.06001630995","0%","0%"
"2021 Mar 13 12:00:00 AM","12 - 17 Years","18.00992066926","0.6%","0.2%"
"2021 Mar 13 12:00:00 AM","18 - 24 Years","24.72552436638","9.2%","4.7%"
"2021 Mar 13 12:00:00 AM","25 - 49 Years","20.79445137866","17.9%","10.3%"
"2021 Mar 13 12:00:00 AM","50 - 64 Years","17.70319482698","28%","13.7%"
"2021 Mar 13 12:00:00 AM","65+ Years","10.59808906021","68.2%","41%"
"2021 Mar 12 12:00:00 AM","<2 Years","5.24999948912","0%","0%"
"2021 Mar 12 12:00:00 AM","2 - 4 Years","11.53232971037","0%","0%"
"2021 Mar 12 12:00:00 AM","5 - 11 Years","11.14388420822","0%","0%"
"2021 Mar 12 12:00:00 AM","12 - 17 Years","18.18923182058","0.6%","0.2%"
"2021 Mar 12 12:00:00 AM","18 - 24 Years","25.08054929419","8.9%","4.6%"
"2021 Mar 12 12:00:00 AM","25 - 49 Years","22.33655462272","17.5%","10.1%"
"2021 Mar 12 12:00:00 AM","50 - 64 Years","19.05399451947","27.2%","13.3%"
"2021 Mar 12 12:00:00 AM","65+ Years","11.63427266297","67.6%","40%"
"2021 Mar 11 12:00:00 AM","<2 Years","5.3701339431","0%","0%"
"2021 Mar 11 12:00:00 AM","2 - 4 Years","11.85208007203","0%","0%"
"2021 Mar 11 12:00:00 AM","5 - 11 Years","11.15844809475","0%","0%"
"2021 Mar 11 12:00:00 AM","12 - 17 Years","18.36226137105","0.6%","0.2%"
"2021 Mar 11 12:00:00 AM","18 - 24 Years","25.8383455116","8.5%","4.5%"
"2021 Mar 11 12:00:00 AM","25 - 49 Years","22.86818208351","16.9%","9.8%"
"2021 Mar 11 12:00:00 AM","50 - 64 Years","19.77457237223","26%","12.8%"
"2021 Mar 11 12:00:00 AM","65+ Years","12.07506691173","66.6%","38.5%"
"2021 Mar 10 12:00:00 AM","<2 Years","5.38623443694","0%","0%"
"2021 Mar 10 12:00:00 AM","2 - 4 Years","11.78990639059","0%","0%"
"2021 Mar 10 12:00:00 AM","5 - 11 Years","11.14087099032","0%","0%"
"2021 Mar 10 12:00:00 AM","12 - 17 Years","18.33028231222","0.5%","0.2%"
"2021 Mar 10 12:00:00 AM","18 - 24 Years","25.81943606139","8.1%","4.3%"
"2021 Mar 10 12:00:00 AM","25 - 49 Years","22.95363402172","16.3%","9.5%"
"2021 Mar 10 12:00:00 AM","50 - 64 Years","19.91646309623","24.6%","12.4%"
"2021 Mar 10 12:00:00 AM","65+ Years","12.15328939233","65.4%","37.1%"
"2021 Mar 09 12:00:00 AM","<2 Years","5.30820896682","0%","0%"
"2021 Mar 09 12:00:00 AM","2 - 4 Years","11.75970774533","0%","0%"
"2021 Mar 09 12:00:00 AM","5 - 11 Years","10.95907351022","0%","0%"
"2021 Mar 09 12:00:00 AM","12 - 17 Years","18.11956315669","0.5%","0.2%"
"2021 Mar 09 12:00:00 AM","18 - 24 Years","25.3348813996","7.8%","4.2%"
"2021 Mar 09 12:00:00 AM","25 - 49 Years","22.66116616509","15.7%","9.3%"
"2021 Mar 09 12:00:00 AM","50 - 64 Years","19.6749083277","23.5%","12%"
"2021 Mar 09 12:00:00 AM","65+ Years","11.98865221189","64.2%","35.7%"
"2021 Mar 08 12:00:00 AM","<2 Years","5.26238448438","0%","0%"
"2021 Mar 08 12:00:00 AM","2 - 4 Years","11.72062714557","0%","0%"
"2021 Mar 08 12:00:00 AM","5 - 11 Years","10.91889727153","0%","0%"
"2021 Mar 08 12:00:00 AM","12 - 17 Years","18.12527370291","0.5%","0.2%"
"2021 Mar 08 12:00:00 AM","18 - 24 Years","25.43037412319","7.5%","4.1%"
"2021 Mar 08 12:00:00 AM","25 - 49 Years","22.52267053149","15.3%","9.1%"
"2021 Mar 08 12:00:00 AM","50 - 64 Years","19.59476844678","22.5%","11.6%"
"2021 Mar 08 12:00:00 AM","65+ Years","11.87316834695","63.1%","34.5%"
"2021 Mar 07 12:00:00 AM","<2 Years","5.22770649766","0%","0%"
"2021 Mar 07 12:00:00 AM","2 - 4 Years","11.54831722846","0%","0%"
"2021 Mar 07 12:00:00 AM","5 - 11 Years","10.76522315852","0%","0%"
"2021 Mar 07 12:00:00 AM","12 - 17 Years","17.78549620281","0.4%","0.2%"
"2021 Mar 07 12:00:00 AM","18 - 24 Years","25.13018660101","7.3%","4.1%"
"2021 Mar 07 12:00:00 AM","25 - 49 Years","22.14541212935","14.9%","9%"
"2021 Mar 07 12:00:00 AM","50 - 64 Years","19.26966841995","21.7%","11.3%"
"2021 Mar 07 12:00:00 AM","65+ Years","11.67919773629","62.2%","33.6%"
"2021 Mar 06 12:00:00 AM","<2 Years","5.29706247109","0%","0%"
"2021 Mar 06 12:00:00 AM","2 - 4 Years","11.54831722846","0%","0%"
"2021 Mar 06 12:00:00 AM","5 - 11 Years","10.84055360607","0%","0%"
"2021 Mar 06 12:00:00 AM","12 - 17 Years","17.78435409357","0.4%","0.2%"
"2021 Mar 06 12:00:00 AM","18 - 24 Years","25.0772401404","7.2%","4%"
"2021 Mar 06 12:00:00 AM","25 - 49 Years","22.00347725366","14.7%","8.9%"
"2021 Mar 06 12:00:00 AM","50 - 64 Years","19.22176611153","21.4%","11.2%"
"2021 Mar 06 12:00:00 AM","65+ Years","11.6963749702","61.8%","33.3%"
"2021 Mar 05 12:00:00 AM","<2 Years","5.26238448438","0%","0%"
"2021 Mar 05 12:00:00 AM","2 - 4 Years","11.40798234751","0%","0%"
"2021 Mar 05 12:00:00 AM","5 - 11 Years","10.83804259115","0%","0%"
"2021 Mar 05 12:00:00 AM","12 - 17 Years","17.71868281203","0.4%","0.2%"
"2021 Mar 05 12:00:00 AM","18 - 24 Years","24.83614465015","7%","3.9%"
"2021 Mar 05 12:00:00 AM","25 - 49 Years","20.5361113859","14.4%","8.8%"
"2021 Mar 05 12:00:00 AM","50 - 64 Years","17.95837110502","20.7%","10.9%"
"2021 Mar 05 12:00:00 AM","65+ Years","10.88508099915","61%","32.4%"
"2021 Mar 04 12:00:00 AM","<2 Years","5.32307096113","0%","0%"
"2021 Mar 04 12:00:00 AM","2 - 4 Years","11.36179618416","0%","0%"
"2021 Mar 04 12:00:00 AM","5 - 11 Years","11.13936438137","0%","0%"
"2021 Mar 04 12:00:00 AM","12 - 17 Years","18.16810279956","0.4%","0.2%"
"2021 Mar 04 12:00:00 AM","18 - 24 Years","25.54761271453","6.7%","3.8%"
"2021 Mar 04 12:00:00 AM","25 - 49 Years","21.03797617471","13.9%","8.5%"
"2021 Mar 04 12:00:00 AM","50 - 64 Years","18.22467161583","19.7%","10.5%"
"2021 Mar 04 12:00:00 AM","65+ Years","11.31689023325","59.6%","31%"
"2021 Mar 03 12:00:00 AM","<2 Years","5.40233493077","0%","0%"
"2021 Mar 03 12:00:00 AM","2 - 4 Years","11.58739782821","0%","0%"
"2021 Mar 03 12:00:00 AM","5 - 11 Years","11.32266847042","0%","0%"
"2021 Mar 03 12:00:00 AM","12 - 17 Years","18.50216975344","0.4%","0.2%"
"2021 Mar 03 12:00:00 AM","18 - 24 Years","26.62450590434","6.5%","3.7%"
"2021 Mar 03 12:00:00 AM","25 - 49 Years","21.45293396135","13.4%","8.3%"
"2021 Mar 03 12:00:00 AM","50 - 64 Years","18.45601025224","18.9%","10.2%"
"2021 Mar 03 12:00:00 AM","65+ Years","11.91994327623","58%","29.6%"
"2021 Mar 02 12:00:00 AM","<2 Years","5.53237738096","0%","0%"
"2021 Mar 02 12:00:00 AM","2 - 4 Years","11.85030368113","0%","0%"
"2021 Mar 02 12:00:00 AM","5 - 11 Years","11.57376996227","0%","0%"
"2021 Mar 02 12:00:00 AM","12 - 17 Years","18.89391322415","0.3%","0.1%"
"2021 Mar 02 12:00:00 AM","18 - 24 Years","27.14215210401","6.3%","3.6%"
"2021 Mar 02 12:00:00 AM","25 - 49 Years","21.75743916531","13.1%","8.2%"
"2021 Mar 02 12:00:00 AM","50 - 64 Years","18.73025664359","18.1%","9.9%"
"2021 Mar 02 12:00:00 AM","65+ Years","12.26956605268","56.5%","28.2%"
"2021 Mar 01 12:00:00 AM","<2 Years","5.71939080933","0%","0%"
"2021 Mar 01 12:00:00 AM","2 - 4 Years","12.21624020614","0%","0%"
"2021 Mar 01 12:00:00 AM","5 - 11 Years","11.63503872628","0%","0%"
"2021 Mar 01 12:00:00 AM","12 - 17 Years","18.93959759391","0.3%","0.1%"
"2021 Mar 01 12:00:00 AM","18 - 24 Years","27.491976933","6.1%","3.6%"
"2021 Mar 01 12:00:00 AM","25 - 49 Years","22.17530707987","12.8%","8%"
"2021 Mar 01 12:00:00 AM","50 - 64 Years","19.02902175204","17.6%","9.7%"
"2021 Mar 01 12:00:00 AM","65+ Years","12.62368133646","55.2%","27%"
"2021 Feb 28 12:00:00 AM","<2 Years","5.78626978371","0%","0%"
"2021 Feb 28 12:00:00 AM","2 - 4 Years","12.3441403508","0%","0%"
"2021 Feb 28 12:00:00 AM","5 - 11 Years","11.78971724526","0%","0%"
"2021 Feb 28 12:00:00 AM","12 - 17 Years","19.34162004781","0.3%","0.1%"
"2021 Feb 28 12:00:00 AM","18 - 24 Years","28.46344993786","6%","3.5%"
"2021 Feb 28 12:00:00 AM","25 - 49 Years","23.10813535892","12.5%","7.9%"
"2021 Feb 28 12:00:00 AM","50 - 64 Years","19.68648661077","17.1%","9.5%"
"2021 Feb 28 12:00:00 AM","65+ Years","13.358866948","54.1%","26%"
"2021 Feb 27 12:00:00 AM","<2 Years","5.77388478846","0%","0%"
"2021 Feb 27 12:00:00 AM","2 - 4 Years","12.34946952349","0%","0%"
"2021 Feb 27 12:00:00 AM","5 - 11 Years","11.83039568694","0%","0%"
"2021 Feb 27 12:00:00 AM","12 - 17 Years","19.49009424954","0.3%","0.1%"
"2021 Feb 27 12:00:00 AM","18 - 24 Years","28.71589109824","6%","3.5%"
"2021 Feb 27 12:00:00 AM","25 - 49 Years","23.33393483032","12.4%","7.9%"
"2021 Feb 27 12:00:00 AM","50 - 64 Years","19.8871768508","16.9%","9.4%"
"2021 Feb 27 12:00:00 AM","65+ Years","13.56842920176","53.7%","25.7%"
"2021 Feb 26 12:00:00 AM","<2 Years","5.78255428514","0%","0%"
"2021 Feb 26 12:00:00 AM","2 - 4 Years","12.37256260517","0%","0%"
"2021 Feb 26 12:00:00 AM","5 - 11 Years","11.79674808703","0%","0%"
"2021 Feb 26 12:00:00 AM","12 - 17 Years","19.50322850585","0.3%","0.1%"
"2021 Feb 26 12:00:00 AM","18 - 24 Years","28.90971296296","5.8%","3.4%"
"2021 Feb 26 12:00:00 AM","25 - 49 Years","23.4349956365","12.2%","7.7%"
"2021 Feb 26 12:00:00 AM","50 - 64 Years","20.05267819127","16.4%","9.3%"
"2021 Feb 26 12:00:00 AM","65+ Years","13.81023180225","52.6%","24.7%"
"2021 Feb 25 12:00:00 AM","<2 Years","5.654988834","0%","0%"
"2021 Feb 25 12:00:00 AM","2 - 4 Years","12.14518457021","0%","0%"
"2021 Feb 25 12:00:00 AM","5 - 11 Years","11.57929419509","0%","0%"
"2021 Feb 25 12:00:00 AM","12 - 17 Years","19.16573522423","0.3%","0.1%"
"2021 Feb 25 12:00:00 AM","18 - 24 Years","28.23039096395","5.7%","3.3%"
"2021 Feb 25 12:00:00 AM","25 - 49 Years","22.86633018392","11.8%","7.5%"
"2021 Feb 25 12:00:00 AM","50 - 64 Years","19.46536410649","15.8%","8.9%"
"2021 Feb 25 12:00:00 AM","65+ Years","13.61256147967","51%","23.1%"
"2021 Feb 24 12:00:00 AM","<2 Years","5.59801785582","0%","0%"
"2021 Feb 24 12:00:00 AM","2 - 4 Years","11.90714818987","0%","0%"
"2021 Feb 24 12:00:00 AM","5 - 11 Years","11.35782267928","0%","0%"
"2021 Feb 24 12:00:00 AM","12 - 17 Years","18.92475017374","0.3%","0.1%"
"2021 Feb 24 12:00:00 AM","18 - 24 Years","27.44659425249","5.5%","3.2%"
"2021 Feb 24 12:00:00 AM","25 - 49 Years","22.55216864638","11.6%","7.3%"
"2021 Feb 24 12:00:00 AM","50 - 64 Years","19.32120313091","15.3%","8.6%"
"2021 Feb 24 12:00:00 AM","65+ Years","13.38423640117","49.5%","21.6%"
"2021 Feb 23 12:00:00 AM","<2 Years","5.57200936578","0%","0%"
"2021 Feb 23 12:00:00 AM","2 - 4 Years","11.70108684569","0%","0%"
"2021 Feb 23 12:00:00 AM","5 - 11 Years","11.17702960515","0%","0%"
"2021 Feb 23 12:00:00 AM","12 - 17 Years","18.67291508543","0.3%","0.1%"
"2021 Feb 23 12:00:00 AM","18 - 24 Years","27.31659178225","5.4%","3.1%"
"2021 Feb 23 12:00:00 AM","25 - 49 Years","22.42187428239","11.3%","7.1%"
"2021 Feb 23 12:00:00 AM","50 - 64 Years","19.2939601119","14.9%","8.3%"
"2021 Feb 23 12:00:00 AM","65+ Years","13.36415225075","48.2%","20.1%"
"2021 Feb 22 12:00:00 AM","<2 Years","5.48036040088","0%","0%"
"2021 Feb 22 12:00:00 AM","2 - 4 Years","11.4150879111","0%","0%"
"2021 Feb 22 12:00:00 AM","5 - 11 Years","11.22122346771","0%","0%"
"2021 Feb 22 12:00:00 AM","12 - 17 Years","18.49531709798","0.3%","0.1%"
"2021 Feb 22 12:00:00 AM","18 - 24 Years","27.23102652002","5.4%","3%"
"2021 Feb 22 12:00:00 AM","25 - 49 Years","22.2328482457","11.2%","6.9%"
"2021 Feb 22 12:00:00 AM","50 - 64 Years","19.22903091659","14.6%","8%"
"2021 Feb 22 12:00:00 AM","65+ Years","13.33746147189","47.2%","18.9%"
"2021 Feb 21 12:00:00 AM","<2 Years","5.5051303914","0%","0%"
"2021 Feb 21 12:00:00 AM","2 - 4 Years","11.65134790054","0%","0%"
"2021 Feb 21 12:00:00 AM","5 - 11 Years","11.34878302557","0%","0%"
"2021 Feb 21 12:00:00 AM","12 - 17 Years","18.5061671358","0.3%","0.1%"
"2021 Feb 21 12:00:00 AM","18 - 24 Years","27.51419553701","5.3%","2.9%"
"2021 Feb 21 12:00:00 AM","25 - 49 Years","22.26750522373","11.1%","6.8%"
"2021 Feb 21 12:00:00 AM","50 - 64 Years","19.59000091845","14.4%","7.8%"
"2021 Feb 21 12:00:00 AM","65+ Years","13.71271796664","46.6%","17.9%"
"2021 Feb 20 12:00:00 AM","<2 Years","5.61411834965","0%","0%"
"2021 Feb 20 12:00:00 AM","2 - 4 Years","11.86984398101","0%","0%"
"2021 Feb 20 12:00:00 AM","5 - 11 Years","11.54062456534","0%","0%"
"2021 Feb 20 12:00:00 AM","12 - 17 Years","18.74658113167","0.3%","0.1%"
"2021 Feb 20 12:00:00 AM","18 - 24 Years","27.9467492107","5.3%","2.9%"
"2021 Feb 20 12:00:00 AM","25 - 49 Years","22.65402312381","11%","6.7%"
"2021 Feb 20 12:00:00 AM","50 - 64 Years","19.90488481316","14.4%","7.7%"
"2021 Feb 20 12:00:00 AM","65+ Years","14.06234074309","46.3%","17.6%"
"2021 Feb 19 12:00:00 AM","<2 Years","5.76397679225","0%","0%"
"2021 Feb 19 12:00:00 AM","2 - 4 Years","12.18248877907","0%","0%"
"2021 Feb 19 12:00:00 AM","5 - 11 Years","11.92631645682","0%","0%"
"2021 Feb 19 12:00:00 AM","12 - 17 Years","19.30278833352","0.2%","0.1%"
"2021 Feb 19 12:00:00 AM","18 - 24 Years","28.64545339619","5.2%","2.8%"
"2021 Feb 19 12:00:00 AM","25 - 49 Years","23.37560257109","10.9%","6.6%"
"2021 Feb 19 12:00:00 AM","50 - 64 Years","20.43158318065","14.2%","7.6%"
"2021 Feb 19 12:00:00 AM","65+ Years","14.41434190577","45.7%","16.8%"
"2021 Feb 18 12:00:00 AM","<2 Years","6.01786919501","0%","0%"
"2021 Feb 18 12:00:00 AM","2 - 4 Years","12.92146739268","0%","0%"
"2021 Feb 18 12:00:00 AM","5 - 11 Years","12.45965602551","0%","0%"
"2021 Feb 18 12:00:00 AM","12 - 17 Years","20.06685941778","0.2%","0.1%"
"2021 Feb 18 12:00:00 AM","18 - 24 Years","29.50063328222","5.1%","2.7%"
"2021 Feb 18 12:00:00 AM","25 - 49 Years","24.35975492448","10.8%","6.4%"
"2021 Feb 18 12:00:00 AM","50 - 64 Years","21.38372669498","13.9%","7.3%"
"2021 Feb 18 12:00:00 AM","65+ Years","15.17938947782","44.8%","15.6%"
"2021 Feb 17 12:00:00 AM","<2 Years","6.41666604226","0%","0%"
"2021 Feb 17 12:00:00 AM","2 - 4 Years","13.94289215907","0%","0%"
"2021 Feb 17 12:00:00 AM","5 - 11 Years","13.40831746171","0%","0%"
"2021 Feb 17 12:00:00 AM","12 - 17 Years","21.40312723331","0.2%","0.1%"
"2021 Feb 17 12:00:00 AM","18 - 24 Years","31.37692347991","5.1%","2.6%"
"2021 Feb 17 12:00:00 AM","25 - 49 Years","26.15953676859","10.7%","6.2%"
"2021 Feb 17 12:00:00 AM","50 - 64 Years","22.95269756469","13.7%","7.1%"
"2021 Feb 17 12:00:00 AM","65+ Years","16.42169988756","43.9%","14.5%"
"2021 Feb 16 12:00:00 AM","<2 Years","6.94178984112","0%","0%"
"2021 Feb 16 12:00:00 AM","2 - 4 Years","14.91280158943","0%","0%"
"2021 Feb 16 12:00:00 AM","5 - 11 Years","14.45239746482","0%","0%"
"2021 Feb 16 12:00:00 AM","12 - 17 Years","22.82847956987","0.2%","0.1%"
"2021 Feb 16 12:00:00 AM","18 - 24 Years","33.26125019395","5%","2.5%"
"2021 Feb 16 12:00:00 AM","25 - 49 Years","27.8308761483","10.5%","6%"
"2021 Feb 16 12:00:00 AM","50 - 64 Years","24.41224230806","13.5%","6.8%"
"2021 Feb 16 12:00:00 AM","65+ Years","17.74698955036","42.8%","13.3%"
"2021 Feb 15 12:00:00 AM","<2 Years","7.17586625146","0%","0%"
"2021 Feb 15 12:00:00 AM","2 - 4 Years","15.65710937573","0%","0%"
"2021 Feb 15 12:00:00 AM","5 - 11 Years","15.13890894353","0%","0%"
"2021 Feb 15 12:00:00 AM","12 - 17 Years","23.99514416265","0.2%","0.1%"
"2021 Feb 15 12:00:00 AM","18 - 24 Years","34.46530943647","4.9%","2.4%"
"2021 Feb 15 12:00:00 AM","25 - 49 Years","28.95736021301","10.4%","5.9%"
"2021 Feb 15 12:00:00 AM","50 - 64 Years","25.40683952701","13.3%","6.6%"
"2021 Feb 15 12:00:00 AM","65+ Years","18.65923280379","41.8%","12.5%"
"2021 Feb 14 12:00:00 AM","<2 Years","7.5449391101","0%","0%"
"2021 Feb 14 12:00:00 AM","2 - 4 Years","16.2397655903","0%","0%"
"2021 Feb 14 12:00:00 AM","5 - 11 Years","15.94394032639","0%","0%"
"2021 Feb 14 12:00:00 AM","12 - 17 Years","25.21206156218","0.2%","0.1%"
"2021 Feb 14 12:00:00 AM","18 - 24 Years","35.29637977346","4.9%","2.4%"
"2021 Feb 14 12:00:00 AM","25 - 49 Years","29.75261880825","10.3%","5.8%"
"2021 Feb 14 12:00:00 AM","50 - 64 Years","25.9712240708","13.1%","6.5%"
"2021 Feb 14 12:00:00 AM","65+ Years","19.16424348088","41.1%","11.8%"
"2021 Feb 13 12:00:00 AM","<2 Years","7.55856260488","0%","0%"
"2021 Feb 13 12:00:00 AM","2 - 4 Years","16.3356906988","0%","0%"
"2021 Feb 13 12:00:00 AM","5 - 11 Years","16.09861884537","0%","0%"
"2021 Feb 13 12:00:00 AM","12 - 17 Years","25.48045723453","0.2%","0.1%"
"2021 Feb 13 12:00:00 AM","18 - 24 Years","35.5663121753","4.8%","2.4%"
"2021 Feb 13 12:00:00 AM","25 - 49 Years","30.04905502114","10.3%","5.8%"
"2021 Feb 13 12:00:00 AM","50 - 64 Years","26.23843268224","13%","6.4%"
"2021 Feb 13 12:00:00 AM","65+ Years","19.40128930891","40.7%","11.6%"
"2021 Feb 12 12:00:00 AM","<2 Years","7.73319103799","0%","0%"
"2021 Feb 12 12:00:00 AM","2 - 4 Years","16.80998706858","0%","0%"
"2021 Feb 12 12:00:00 AM","5 - 11 Years","16.6183989335","0%","0%"
"2021 Feb 12 12:00:00 AM","12 - 17 Years","26.16800699944","0.2%","0.1%"
"2021 Feb 12 12:00:00 AM","18 - 24 Years","36.39785524856","4.8%","2.3%"
"2021 Feb 12 12:00:00 AM","25 - 49 Years","30.70171734797","10.1%","5.7%"
"2021 Feb 12 12:00:00 AM","50 - 64 Years","26.94425389971","12.8%","6.3%"
"2021 Feb 12 12:00:00 AM","65+ Years","20.07807232515","39.7%","11%"
"2021 Feb 11 12:00:00 AM","<2 Years","7.84713299435","0%","0%"
"2021 Feb 11 12:00:00 AM","2 - 4 Years","17.14394855742","0%","0%"
"2021 Feb 11 12:00:00 AM","5 - 11 Years","17.13817902162","0%","0%"
"2021 Feb 11 12:00:00 AM","12 - 17 Years","26.88125422234","0.2%","0.1%"
"2021 Feb 11 12:00:00 AM","18 - 24 Years","37.03226730331","4.6%","2.2%"
"2021 Feb 11 12:00:00 AM","25 - 49 Years","31.2721024216","9.9%","5.4%"
"2021 Feb 11 12:00:00 AM","50 - 64 Years","27.48593592765","12.4%","6%"
"2021 Feb 11 12:00:00 AM","65+ Years","20.48451210608","38.1%","9.9%"
"2021 Feb 10 12:00:00 AM","<2 Years","8.09730989853","0%","0%"
"2021 Feb 10 12:00:00 AM","2 - 4 Years","17.65199635428","0%","0%"
"2021 Feb 10 12:00:00 AM","5 - 11 Years","17.80711339591","0%","0%"
"2021 Feb 10 12:00:00 AM","12 - 17 Years","27.90801043273","0.2%","0.1%"
"2021 Feb 10 12:00:00 AM","18 - 24 Years","37.83355525622","4.5%","2%"
"2021 Feb 10 12:00:00 AM","25 - 49 Years","31.7902374711","9.7%","5.1%"
"2021 Feb 10 12:00:00 AM","50 - 64 Years","28.07665538981","12.1%","5.6%"
"2021 Feb 10 12:00:00 AM","65+ Years","21.19749944611","36.6%","8.8%"
"2021 Feb 09 12:00:00 AM","<2 Years","8.12331838857","0%","0%"
"2021 Feb 09 12:00:00 AM","2 - 4 Years","17.85983408935","0%","0%"
"2021 Feb 09 12:00:00 AM","5 - 11 Years","18.00046154463","0%","0%"
"2021 Feb 09 12:00:00 AM","12 - 17 Years","28.72005010525","0.2%","0%"
"2021 Feb 09 12:00:00 AM","18 - 24 Years","38.62160659397","4.4%","1.9%"
"2021 Feb 09 12:00:00 AM","25 - 49 Years","32.60851253266","9.5%","4.9%"
"2021 Feb 09 12:00:00 AM","50 - 64 Years","28.80767639986","11.8%","5.3%"
"2021 Feb 09 12:00:00 AM","65+ Years","21.98659514563","35.1%","7.8%"
"2021 Feb 08 12:00:00 AM","<2 Years","8.34500980365","0%","0%"
"2021 Feb 08 12:00:00 AM","2 - 4 Years","18.12273994227","0%","0%"
"2021 Feb 08 12:00:00 AM","5 - 11 Years","18.30680536468","0%","0%"
"2021 Feb 08 12:00:00 AM","12 - 17 Years","29.34878124409","0.2%","0%"
"2021 Feb 08 12:00:00 AM","18 - 24 Years","39.42336728314","4.4%","1.8%"
"2021 Feb 08 12:00:00 AM","25 - 49 Years","33.34093882039","9.4%","4.7%"
"2021 Feb 08 12:00:00 AM","50 - 64 Years","29.42541185587","11.5%","5.1%"
"2021 Feb 08 12:00:00 AM","65+ Years","22.68980467559","33.9%","7%"
"2021 Feb 07 12:00:00 AM","<2 Years","8.47629075337","0%","0%"
"2021 Feb 07 12:00:00 AM","2 - 4 Years","18.51887511254","0%","0%"
"2021 Feb 07 12:00:00 AM","5 - 11 Years","18.50567774623","0%","0%"
"2021 Feb 07 12:00:00 AM","12 - 17 Years","29.87929098795","0.2%","0%"
"2021 Feb 07 12:00:00 AM","18 - 24 Years","40.3556031788","4.3%","1.7%"
"2021 Feb 07 12:00:00 AM","25 - 49 Years","34.23368670117","9.3%","4.5%"
"2021 Feb 07 12:00:00 AM","50 - 64 Years","30.31012889816","11.3%","4.8%"
"2021 Feb 07 12:00:00 AM","65+ Years","23.49237789711","32.9%","6.4%"
"2021 Feb 06 12:00:00 AM","<2 Years","8.87013360252","0%","0%"
"2021 Feb 06 12:00:00 AM","2 - 4 Years","19.49411371559","0%","0%"
"2021 Feb 06 12:00:00 AM","5 - 11 Years","19.38704398262","0%","0%"
"2021 Feb 06 12:00:00 AM","12 - 17 Years","31.42056741278","0.2%","0%"
"2021 Feb 06 12:00:00 AM","18 - 24 Years","42.31604042996","4.3%","1.7%"
"2021 Feb 06 12:00:00 AM","25 - 49 Years","36.07222615813","9.2%","4.4%"
"2021 Feb 06 12:00:00 AM","50 - 64 Years","31.91678594417","11.3%","4.8%"
"2021 Feb 06 12:00:00 AM","65+ Years","24.77961338016","32.5%","6.2%"
"2021 Feb 05 12:00:00 AM","<2 Years","8.92462758164","0%","0%"
"2021 Feb 05 12:00:00 AM","2 - 4 Years","19.68063475989","0%","0%"
"2021 Feb 05 12:00:00 AM","5 - 11 Years","19.40261227511","0%","0%"
"2021 Feb 05 12:00:00 AM","12 - 17 Years","31.6701182826","0.2%","0%"
"2021 Feb 05 12:00:00 AM","18 - 24 Years","42.68099281913","4.2%","1.6%"
"2021 Feb 05 12:00:00 AM","25 - 49 Years","36.49776622813","9.1%","4.3%"
"2021 Feb 05 12:00:00 AM","50 - 64 Years","32.34699861934","11.1%","4.7%"
"2021 Feb 05 12:00:00 AM","65+ Years","25.13267160339","31.5%","5.9%"
"2021 Feb 04 12:00:00 AM","<2 Years","9.74822976618","0%","0%"
"2021 Feb 04 12:00:00 AM","2 - 4 Years","21.20122536865","0%","0%"
"2021 Feb 04 12:00:00 AM","5 - 11 Years","20.54361745407","0%","0%"
"2021 Feb 04 12:00:00 AM","12 - 17 Years","33.30105028309","0.2%","0%"
"2021 Feb 04 12:00:00 AM","18 - 24 Years","45.65734028315","4.1%","1.5%"
"2021 Feb 04 12:00:00 AM","25 - 49 Years","39.38752325933","8.9%","4%"
"2021 Feb 04 12:00:00 AM","50 - 64 Years","34.53098064316","10.7%","4.3%"
"2021 Feb 04 12:00:00 AM","65+ Years","26.79146386927","30%","5.2%"
"2021 Feb 03 12:00:00 AM","<2 Years","9.94019719266","0%","0%"
"2021 Feb 03 12:00:00 AM","2 - 4 Years","21.84960804645","0%","0%"
"2021 Feb 03 12:00:00 AM","5 - 11 Years","20.98806709464","0%","0%"
"2021 Feb 03 12:00:00 AM","12 - 17 Years","34.0325712539","0.2%","0%"
"2021 Feb 03 12:00:00 AM","18 - 24 Years","46.90583673367","4%","1.4%"
"2021 Feb 03 12:00:00 AM","25 - 49 Years","40.84060304454","8.6%","3.8%"
"2021 Feb 03 12:00:00 AM","50 - 64 Years","35.67541446666","10.4%","4%"
"2021 Feb 03 12:00:00 AM","65+ Years","27.66459588241","28.3%","4.5%"
"2021 Feb 02 12:00:00 AM","<2 Years","10.41701951002","0%","0%"
"2021 Feb 02 12:00:00 AM","2 - 4 Years","22.73957988639","0%","0%"
"2021 Feb 02 12:00:00 AM","5 - 11 Years","21.75442884776","0%","0%"
"2021 Feb 02 12:00:00 AM","12 - 17 Years","34.8183424138","0.1%","0%"
"2021 Feb 02 12:00:00 AM","18 - 24 Years","48.35382788397","3.9%","1.2%"
"2021 Feb 02 12:00:00 AM","25 - 49 Years","42.10809603515","8.5%","3.5%"
"2021 Feb 02 12:00:00 AM","50 - 64 Years","36.82779417071","10.1%","3.7%"
"2021 Feb 02 12:00:00 AM","65+ Years","28.44259244618","26.8%","3.9%"
"2021 Feb 01 12:00:00 AM","<2 Years","11.19108171354","0%","0%"
"2021 Feb 01 12:00:00 AM","2 - 4 Years","24.35609560365","0%","0%"
"2021 Feb 01 12:00:00 AM","5 - 11 Years","23.37905550002","0%","0%"
"2021 Feb 01 12:00:00 AM","12 - 17 Years","37.83522398193","0.1%","0%"
"2021 Feb 01 12:00:00 AM","18 - 24 Years","53.99262593843","3.8%","1.1%"
"2021 Feb 01 12:00:00 AM","25 - 49 Years","46.87237228676","8.3%","3.3%"
"2021 Feb 01 12:00:00 AM","50 - 64 Years","41.07725108567","9.9%","3.4%"
"2021 Feb 01 12:00:00 AM","65+ Years","31.93697035469","25.6%","3.4%"
"2021 Jan 31 12:00:00 AM","<2 Years","11.4598361106","0%","0%"
"2021 Jan 31 12:00:00 AM","2 - 4 Years","25.02934775403","0%","0%"
"2021 Jan 31 12:00:00 AM","5 - 11 Years","24.00028059085","0%","0%"
"2021 Jan 31 12:00:00 AM","12 - 17 Years","38.90138296124","0.1%","0%"
"2021 Jan 31 12:00:00 AM","18 - 24 Years","55.5777106028","3.7%","1.1%"
"2021 Jan 31 12:00:00 AM","25 - 49 Years","48.43643376881","8.2%","3.1%"
"2021 Jan 31 12:00:00 AM","50 - 64 Years","42.49683940115","9.7%","3.2%"
"2021 Jan 31 12:00:00 AM","65+ Years","33.17743090847","24.7%","2.9%"
"2021 Jan 30 12:00:00 AM","<2 Years","11.59111706031","0%","0%"
"2021 Jan 30 12:00:00 AM","2 - 4 Years","25.25317300719","0%","0%"
"2021 Jan 30 12:00:00 AM","5 - 11 Years","24.19613975449","0%","0%"
"2021 Jan 30 12:00:00 AM","12 - 17 Years","39.11667055374","0.1%","0%"
"2021 Jan 30 12:00:00 AM","18 - 24 Years","56.19179499857","3.7%","1%"
"2021 Jan 30 12:00:00 AM","25 - 49 Years","48.97573338504","8.1%","3.1%"
"2021 Jan 30 12:00:00 AM","50 - 64 Years","43.03829440394","9.6%","3.2%"
"2021 Jan 30 12:00:00 AM","65+ Years","33.50115570148","24.3%","2.8%"
"2021 Jan 29 12:00:00 AM","<2 Years","11.87225645263","0%","0%"
"2021 Jan 29 12:00:00 AM","2 - 4 Years","25.72214020428","0%","0%"
"2021 Jan 29 12:00:00 AM","5 - 11 Years","24.76965556187","0%","0%"
"2021 Jan 29 12:00:00 AM","12 - 17 Years","39.96525772206","0.1%","0%"
"2021 Jan 29 12:00:00 AM","18 - 24 Years","57.49040149216","3.6%","1%"
"2021 Jan 29 12:00:00 AM","25 - 49 Years","50.3356890766","8%","3%"
"2021 Jan 29 12:00:00 AM","50 - 64 Years","44.20429561749","9.4%","3.1%"
"2021 Jan 29 12:00:00 AM","65+ Years","34.40917071272","23.4%","2.6%"
"2021 Jan 28 12:00:00 AM","<2 Years","11.79918498062","0%","0%"
"2021 Jan 28 12:00:00 AM","2 - 4 Years","25.84293478535","0%","0%"
"2021 Jan 28 12:00:00 AM","5 - 11 Years","24.89319749586","0%","0%"
"2021 Jan 28 12:00:00 AM","12 - 17 Years","40.59227569704","0.1%","0%"
"2021 Jan 28 12:00:00 AM","18 - 24 Years","57.81848045341","3.5%","0.9%"
"2021 Jan 28 12:00:00 AM","25 - 49 Years","50.69125379782","7.8%","2.8%"
"2021 Jan 28 12:00:00 AM","50 - 64 Years","45.00773765307","9.1%","2.9%"
"2021 Jan 28 12:00:00 AM","65+ Years","35.33039898082","21.8%","2.4%"
"2021 Jan 27 12:00:00 AM","<2 Years","12.20169732644","0%","0%"
"2021 Jan 27 12:00:00 AM","2 - 4 Years","26.55526753548","0%","0%"
"2021 Jan 27 12:00:00 AM","5 - 11 Years","25.67462533849","0%","0%"
"2021 Jan 27 12:00:00 AM","12 - 17 Years","41.94453304198","0.1%","0%"
"2021 Jan 27 12:00:00 AM","18 - 24 Years","59.70517084873","3.4%","0.8%"
"2021 Jan 27 12:00:00 AM","25 - 49 Years","52.5185495787","7.6%","2.6%"
"2021 Jan 27 12:00:00 AM","50 - 64 Years","46.6448160703","8.8%","2.7%"
"2021 Jan 27 12:00:00 AM","65+ Years","36.60547826756","20.2%","2%"
"2021 Jan 26 12:00:00 AM","<2 Years","12.42834273963","0%","0%"
"2021 Jan 26 12:00:00 AM","2 - 4 Years","27.21075577688","0%","0%"
"2021 Jan 26 12:00:00 AM","5 - 11 Years","26.35912800527","0%","0%"
"2021 Jan 26 12:00:00 AM","12 - 17 Years","43.0575185003","0.1%","0%"
"2021 Jan 26 12:00:00 AM","18 - 24 Years","61.21556318474","3.3%","0.8%"
"2021 Jan 26 12:00:00 AM","25 - 49 Years","54.05430345273","7.4%","2.4%"
"2021 Jan 26 12:00:00 AM","50 - 64 Years","48.00356164333","8.5%","2.4%"
"2021 Jan 26 12:00:00 AM","65+ Years","37.78145812787","18.8%","1.7%"
"2021 Jan 25 12:00:00 AM","<2 Years","12.45682822872","0%","0%"
"2021 Jan 25 12:00:00 AM","2 - 4 Years","27.21075577688","0%","0%"
"2021 Jan 25 12:00:00 AM","5 - 11 Years","26.19139220872","0%","0%"
"2021 Jan 25 12:00:00 AM","12 - 17 Years","42.38424510094","0.1%","0%"
"2021 Jan 25 12:00:00 AM","18 - 24 Years","59.18232455025","3.2%","0.7%"
"2021 Jan 25 12:00:00 AM","25 - 49 Years","52.80255160863","7.2%","2.2%"
"2021 Jan 25 12:00:00 AM","50 - 64 Years","46.95674863794","8.2%","2.1%"
"2021 Jan 25 12:00:00 AM","65+ Years","36.98786992101","17.5%","1.4%"
"2021 Jan 24 12:00:00 AM","<2 Years","12.60792517085","0%","0%"
"2021 Jan 24 12:00:00 AM","2 - 4 Years","27.7454494372","0%","0%"
"2021 Jan 24 12:00:00 AM","5 - 11 Years","26.4691104587","0%","0%"
"2021 Jan 24 12:00:00 AM","12 - 17 Years","42.69661197918","0.1%","0%"
"2021 Jan 24 12:00:00 AM","18 - 24 Years","60.03419528249","3.1%","0.6%"
"2021 Jan 24 12:00:00 AM","25 - 49 Years","53.8937173026","7%","2%"
"2021 Jan 24 12:00:00 AM","50 - 64 Years","47.99425361184","8%","1.9%"
"2021 Jan 24 12:00:00 AM","65+ Years","38.03171721275","16.5%","1.2%"
"2021 Jan 23 12:00:00 AM","<2 Years","12.79122310064","0%","0%"
"2021 Jan 23 12:00:00 AM","2 - 4 Years","27.9319704815","0%","0%"
"2021 Jan 23 12:00:00 AM","5 - 11 Years","26.52435278691","0%","0%"
"2021 Jan 23 12:00:00 AM","12 - 17 Years","42.94787601287","0.1%","0%"
"2021 Jan 23 12:00:00 AM","18 - 24 Years","60.78111856603","3.1%","0.6%"
"2021 Jan 23 12:00:00 AM","25 - 49 Years","54.70736261519","7%","2%"
"2021 Jan 23 12:00:00 AM","50 - 64 Years","48.78044173538","7.9%","1.9%"
"2021 Jan 23 12:00:00 AM","65+ Years","38.83032645722","16.2%","1.2%"
"2021 Jan 22 12:00:00 AM","<2 Years","13.15286496212","0%","0%"
"2021 Jan 22 12:00:00 AM","2 - 4 Years","28.84681179401","0%","0%"
"2021 Jan 22 12:00:00 AM","5 - 11 Years","27.07677606898","0%","0%"
"2021 Jan 22 12:00:00 AM","12 - 17 Years","43.97120589553","0.1%","0%"
"2021 Jan 22 12:00:00 AM","18 - 24 Years","62.77795650885","3%","0.6%"
"2021 Jan 22 12:00:00 AM","25 - 49 Years","56.42129568546","6.9%","1.9%"
"2021 Jan 22 12:00:00 AM","50 - 64 Years","50.41184452365","7.8%","1.8%"
"2021 Jan 22 12:00:00 AM","65+ Years","39.99599997718","15.3%","1.1%"
"2021 Jan 21 12:00:00 AM","<2 Years","13.57271630131","0%","0%"
"2021 Jan 21 12:00:00 AM","2 - 4 Years","29.31577899111","0%","0%"
"2021 Jan 21 12:00:00 AM","5 - 11 Years","27.61162224661","0%","0%"
"2021 Jan 21 12:00:00 AM","12 - 17 Years","44.59993703438","0.1%","0%"
"2021 Jan 21 12:00:00 AM","18 - 24 Years","64.71948430979","2.9%","0.5%"
"2021 Jan 21 12:00:00 AM","25 - 49 Years","58.0333742783","6.6%","1.8%"
"2021 Jan 21 12:00:00 AM","50 - 64 Years","51.80169254339","7.4%","1.7%"
"2021 Jan 21 12:00:00 AM","65+ Years","41.15480260358","13.8%","1%"
"2021 Jan 20 12:00:00 AM","<2 Years","13.88853368034","0%","0%"
"2021 Jan 20 12:00:00 AM","2 - 4 Years","30.08317985908","0%","0%"
"2021 Jan 20 12:00:00 AM","5 - 11 Years","28.07214238266","0%","0%"
"2021 Jan 20 12:00:00 AM","12 - 17 Years","45.10931775722","0.1%","0%"
"2021 Jan 20 12:00:00 AM","18 - 24 Years","66.6094838589","2.7%","0.5%"
"2021 Jan 20 12:00:00 AM","25 - 49 Years","59.35959894162","6.4%","1.7%"
"2021 Jan 20 12:00:00 AM","50 - 64 Years","53.0071961345","7.1%","1.6%"
"2021 Jan 20 12:00:00 AM","65+ Years","42.21529859895","12.3%","0.9%"
"2021 Jan 19 12:00:00 AM","<2 Years","14.20682805843","0%","0%"
"2021 Jan 19 12:00:00 AM","2 - 4 Years","30.6267554739","0%","0%"
"2021 Jan 19 12:00:00 AM","5 - 11 Years","28.6531912348","0%","0%"
"2021 Jan 19 12:00:00 AM","12 - 17 Years","46.229155871","0.1%","0%"
"2021 Jan 19 12:00:00 AM","18 - 24 Years","68.91643678527","2.6%","0.4%"
"2021 Jan 19 12:00:00 AM","25 - 49 Years","61.33438529696","6.1%","1.5%"
"2021 Jan 19 12:00:00 AM","50 - 64 Years","54.65267448259","6.8%","1.4%"
"2021 Jan 19 12:00:00 AM","65+ Years","43.53609575442","11.1%","0.7%"
"2021 Jan 18 12:00:00 AM","<2 Years","14.61800990094","0%","0%"
"2021 Jan 18 12:00:00 AM","2 - 4 Years","31.28402010619","0%","0%"
"2021 Jan 18 12:00:00 AM","5 - 11 Years","29.28546479127","0%","0%"
"2021 Jan 18 12:00:00 AM","12 - 17 Years","47.68134777479","0.1%","0%"
"2021 Jan 18 12:00:00 AM","18 - 24 Years","72.12915237699","2.5%","0.4%"
"2021 Jan 18 12:00:00 AM","25 - 49 Years","63.85521747418","5.9%","1.4%"
"2021 Jan 18 12:00:00 AM","50 - 64 Years","56.94994206046","6.5%","1.2%"
"2021 Jan 18 12:00:00 AM","65+ Years","45.41317102359","10.1%","0.6%"
"2021 Jan 17 12:00:00 AM","<2 Years","15.40941109781","0%","0%"
"2021 Jan 17 12:00:00 AM","2 - 4 Years","32.62164245245","0%","0%"
"2021 Jan 17 12:00:00 AM","5 - 11 Years","30.82572134227","0%","0%"
"2021 Jan 17 12:00:00 AM","12 - 17 Years","50.17914069151","0.1%","0%"
"2021 Jan 17 12:00:00 AM","18 - 24 Years","76.41970663104","2.4%","0.3%"
"2021 Jan 17 12:00:00 AM","25 - 49 Years","67.33295262511","5.8%","1.3%"
"2021 Jan 17 12:00:00 AM","50 - 64 Years","59.83248049668","6.3%","1.1%"
"2021 Jan 17 12:00:00 AM","65+ Years","47.64251172058","9.4%","0.5%"
"2021 Jan 16 12:00:00 AM","<2 Years","15.69178898965","0%","0%"
"2021 Jan 16 12:00:00 AM","2 - 4 Years","33.06929295876","0%","0%"
"2021 Jan 16 12:00:00 AM","5 - 11 Years","31.30130756783","0%","0%"
"2021 Jan 16 12:00:00 AM","12 - 17 Years","51.33666841034","0.1%","0%"
"2021 Jan 16 12:00:00 AM","18 - 24 Years","78.51818286877","2.4%","0.3%"
"2021 Jan 16 12:00:00 AM","25 - 49 Years","68.90243752738","5.8%","1.3%"
"2021 Jan 16 12:00:00 AM","50 - 64 Years","60.93514169103","6.3%","1.1%"
"2021 Jan 16 12:00:00 AM","65+ Years","48.5930734189","9.1%","0.5%"
"2021 Jan 15 12:00:00 AM","<2 Years","16.03856885683","0%","0%"
"2021 Jan 15 12:00:00 AM","2 - 4 Years","33.57378797382","0%","0%"
"2021 Jan 15 12:00:00 AM","5 - 11 Years","31.9797837988","0%","0%"
"2021 Jan 15 12:00:00 AM","12 - 17 Years","52.6478098225","0.1%","0%"
"2021 Jan 15 12:00:00 AM","18 - 24 Years","80.93197418887","2.3%","0.3%"
"2021 Jan 15 12:00:00 AM","25 - 49 Years","70.87352008354","5.6%","1.2%"
"2021 Jan 15 12:00:00 AM","50 - 64 Years","62.31000605031","6.1%","1.1%"
"2021 Jan 15 12:00:00 AM","65+ Years","49.63401379413","8.6%","0.5%"
"2021 Jan 14 12:00:00 AM","<2 Years","16.35810173444","0%","0%"
"2021 Jan 14 12:00:00 AM","2 - 4 Years","34.10670524325","0%","0%"
"2021 Jan 14 12:00:00 AM","5 - 11 Years","32.65072698502","0%","0%"
"2021 Jan 14 12:00:00 AM","12 - 17 Years","54.05831473889","0.1%","0%"
"2021 Jan 14 12:00:00 AM","18 - 24 Years","84.05156073827","2.2%","0.3%"
"2021 Jan 14 12:00:00 AM","25 - 49 Years","73.55877448862","5.3%","1.2%"
"2021 Jan 14 12:00:00 AM","50 - 64 Years","64.61885191125","5.8%","1%"
"2021 Jan 14 12:00:00 AM","65+ Years","50.91332132306","7.6%","0.4%"
"2021 Jan 13 12:00:00 AM","<2 Years","16.57855465","0%","0%"
"2021 Jan 13 12:00:00 AM","2 - 4 Years","34.2399345606","0%","0%"
"2021 Jan 13 12:00:00 AM","5 - 11 Years","33.13987269114","0%","0%"
"2021 Jan 13 12:00:00 AM","12 - 17 Years","55.41628263005","0.1%","0%"
"2021 Jan 13 12:00:00 AM","18 - 24 Years","86.79012186583","2%","0.3%"
"2021 Jan 13 12:00:00 AM","25 - 49 Years","75.86571226323","5%","1.1%"
"2021 Jan 13 12:00:00 AM","50 - 64 Years","66.39396162479","5.4%","1%"
"2021 Jan 13 12:00:00 AM","65+ Years","52.28353605918","6.6%","0.4%"
"2021 Jan 12 12:00:00 AM","<2 Years","16.82130055702","0%","0%"
"2021 Jan 12 12:00:00 AM","2 - 4 Years","34.75686431194","0%","0%"
"2021 Jan 12 12:00:00 AM","5 - 11 Years","33.74854270738","0%","0%"
"2021 Jan 12 12:00:00 AM","12 - 17 Years","56.87132980696","0%","0%"
"2021 Jan 12 12:00:00 AM","18 - 24 Years","89.81327021914","1.9%","0.2%"
"2021 Jan 12 12:00:00 AM","25 - 49 Years","78.20955575109","4.8%","1%"
"2021 Jan 12 12:00:00 AM","50 - 64 Years","68.02513738791","5.1%","0.9%"
"2021 Jan 12 12:00:00 AM","65+ Years","53.51236894692","5.7%","0.3%"
"2021 Jan 11 12:00:00 AM","<2 Years","17.43931182031","0%","0%"
"2021 Jan 11 12:00:00 AM","2 - 4 Years","35.75164321487","0%","0%"
"2021 Jan 11 12:00:00 AM","5 - 11 Years","35.06682553958","0%","0%"
"2021 Jan 11 12:00:00 AM","12 - 17 Years","59.37883065225","0%","0%"
"2021 Jan 11 12:00:00 AM","18 - 24 Years","94.7618733407","1.7%","0.2%"
"2021 Jan 11 12:00:00 AM","25 - 49 Years","82.78044077411","4.5%","0.8%"
"2021 Jan 11 12:00:00 AM","50 - 64 Years","71.36876392084","4.8%","0.7%"
"2021 Jan 11 12:00:00 AM","65+ Years","56.15184913676","5%","0.3%"
"2021 Jan 10 12:00:00 AM","<2 Years","17.83563166851","0%","0%"
"2021 Jan 10 12:00:00 AM","2 - 4 Years","36.16021312143","0%","0%"
"2021 Jan 10 12:00:00 AM","5 - 11 Years","35.9843503908","0%","0%"
"2021 Jan 10 12:00:00 AM","12 - 17 Years","61.38151921167","0%","0%"
"2021 Jan 10 12:00:00 AM","18 - 24 Years","98.73285788609","1.6%","0.2%"
"2021 Jan 10 12:00:00 AM","25 - 49 Years","86.86110152003","4.3%","0.6%"
"2021 Jan 10 12:00:00 AM","50 - 64 Years","74.1861461366","4.5%","0.6%"
"2021 Jan 10 12:00:00 AM","65+ Years","58.43377859604","4.4%","0.2%"
"2021 Jan 09 12:00:00 AM","<2 Years","17.93099613198","0%","0%"
"2021 Jan 09 12:00:00 AM","2 - 4 Years","36.29877161148","0%","0%"
"2021 Jan 09 12:00:00 AM","5 - 11 Years","36.34242111817","0%","0%"
"2021 Jan 09 12:00:00 AM","12 - 17 Years","61.95200277907","0%","0%"
"2021 Jan 09 12:00:00 AM","18 - 24 Years","100.13121172958","1.6%","0.1%"
"2021 Jan 09 12:00:00 AM","25 - 49 Years","88.28627053286","4.2%","0.6%"
"2021 Jan 09 12:00:00 AM","50 - 64 Years","75.12761946849","4.5%","0.5%"
"2021 Jan 09 12:00:00 AM","65+ Years","59.08281377288","4.3%","0.2%"
"2021 Jan 08 12:00:00 AM","<2 Years","18.20098902857","0%","0%"
"2021 Jan 08 12:00:00 AM","2 - 4 Years","36.62918031853","0%","0%"
"2021 Jan 08 12:00:00 AM","5 - 11 Years","36.77381348117","0%","0%"
"2021 Jan 08 12:00:00 AM","12 - 17 Years","62.94392465752","0%","0%"
"2021 Jan 08 12:00:00 AM","18 - 24 Years","101.68509580109","1.5%","0.1%"
"2021 Jan 08 12:00:00 AM","25 - 49 Years","90.14716506343","4.1%","0.5%"
"2021 Jan 08 12:00:00 AM","50 - 64 Years","76.54561860787","4.3%","0.5%"
"2021 Jan 08 12:00:00 AM","65+ Years","60.13564607928","4%","0.2%"
"2021 Jan 07 12:00:00 AM","<2 Years","17.1247329408","0%","0%"
"2021 Jan 07 12:00:00 AM","2 - 4 Years","33.94860645332","0%","0%"
"2021 Jan 07 12:00:00 AM","5 - 11 Years","34.30146819243","0%","0%"
"2021 Jan 07 12:00:00 AM","12 - 17 Years","59.58212609769","0%","0%"
"2021 Jan 07 12:00:00 AM","18 - 24 Years","96.30582995085","1.4%","0.1%"
"2021 Jan 07 12:00:00 AM","25 - 49 Years","85.98674035661","3.8%","0.3%"
"2021 Jan 07 12:00:00 AM","50 - 64 Years","72.80583317352","4%","0.3%"
"2021 Jan 07 12:00:00 AM","65+ Years","58.03949501142","3.5%","0.1%"
"2021 Jan 06 12:00:00 AM","<2 Years","17.06652346309","0%","0%"
"2021 Jan 06 12:00:00 AM","2 - 4 Years","33.02133040451","0%","0%"
"2021 Jan 06 12:00:00 AM","5 - 11 Years","33.24232209982","0%","0%"
"2021 Jan 06 12:00:00 AM","12 - 17 Years","58.16191325273","0%","0%"
"2021 Jan 06 12:00:00 AM","18 - 24 Years","94.09909711063","1.3%","0%"
"2021 Jan 06 12:00:00 AM","25 - 49 Years","85.41106414129","3.6%","0.2%"
"2021 Jan 06 12:00:00 AM","50 - 64 Years","72.54520829168","3.7%","0.2%"
"2021 Jan 06 12:00:00 AM","65+ Years","58.18827628363","2.9%","0.1%"
"2021 Jan 05 12:00:00 AM","<2 Years","17.1247329408","0%","0%"
"2021 Jan 05 12:00:00 AM","2 - 4 Years","33.04797626799","0%","0%"
"2021 Jan 05 12:00:00 AM","5 - 11 Years","32.83704429197","0%","0%"
"2021 Jan 05 12:00:00 AM","12 - 17 Years","57.38870529451","0%","0%"
"2021 Jan 05 12:00:00 AM","18 - 24 Years","93.31624587168","1.1%","0%"
"2021 Jan 05 12:00:00 AM","25 - 49 Years","86.12510371167","3.3%","0.1%"
"2021 Jan 05 12:00:00 AM","50 - 64 Years","73.38815270482","3.3%","0.1%"
"2021 Jan 05 12:00:00 AM","65+ Years","58.95940195383","2.5%","0%"
"2021 Jan 04 12:00:00 AM","<2 Years","16.69001960731","0%","0%"
"2021 Jan 04 12:00:00 AM","2 - 4 Years","32.07629044673","0%","0%"
"2021 Jan 04 12:00:00 AM","5 - 11 Years","31.78342243218","0%","0%"
"2021 Jan 04 12:00:00 AM","12 - 17 Years","55.18443445351","0%","0%"
"2021 Jan 04 12:00:00 AM","18 - 24 Years","89.66294008992","1%","0%"
"2021 Jan 04 12:00:00 AM","25 - 49 Years","84.08986606258","3%","0%"
"2021 Jan 04 12:00:00 AM","50 - 64 Years","71.73132309881","3%","0.1%"
"2021 Jan 04 12:00:00 AM","65+ Years","57.56196790859","2.1%","0%"
"2021 Jan 03 12:00:00 AM","<2 Years","16.24787527666","0%","0%"
"2021 Jan 03 12:00:00 AM","2 - 4 Years","30.87722659053","0%","0%"
"2021 Jan 03 12:00:00 AM","5 - 11 Years","30.15377375008","0%","0%"
"2021 Jan 03 12:00:00 AM","12 - 17 Years","52.74546016287","0%","0%"
"2021 Jan 03 12:00:00 AM","18 - 24 Years","86.44360619062","0.9%","0%"
"2021 Jan 03 12:00:00 AM","25 - 49 Years","82.24391900727","2.8%","0%"
"2021 Jan 03 12:00:00 AM","50 - 64 Years","70.59824053323","2.8%","0%"
"2021 Jan 03 12:00:00 AM","65+ Years","56.61801283869","1.7%","0%"
"2021 Jan 02 12:00:00 AM","<2 Years","15.88127941707","0%","0%"
"2021 Jan 02 12:00:00 AM","2 - 4 Years","29.91975189646","0%","0%"
"2021 Jan 02 12:00:00 AM","5 - 11 Years","29.1122047619","0%","0%"
"2021 Jan 02 12:00:00 AM","12 - 17 Years","51.14308089348","0%","0%"
"2021 Jan 02 12:00:00 AM","18 - 24 Years","84.30494737117","0.9%","0%"
"2021 Jan 02 12:00:00 AM","25 - 49 Years","80.94441460946","2.7%","0%"
"2021 Jan 02 12:00:00 AM","50 - 64 Years","69.77118788117","2.7%","0%"
"2021 Jan 02 12:00:00 AM","65+ Years","56.08393299652","1.7%","0%"
"2021 Jan 01 12:00:00 AM","<2 Years","15.36482511489","0%","0%"
"2021 Jan 01 12:00:00 AM","2 - 4 Years","28.67983104959","0%","0%"
"2021 Jan 01 12:00:00 AM","5 - 11 Years","27.81802767291","0%","0%"
"2021 Jan 01 12:00:00 AM","12 - 17 Years","48.9782128214","0%","0%"
"2021 Jan 01 12:00:00 AM","18 - 24 Years","81.47042078377","0.8%","0%"
"2021 Jan 01 12:00:00 AM","25 - 49 Years","78.86777377669","2.6%","0%"
"2021 Jan 01 12:00:00 AM","50 - 64 Years","68.33934020713","2.6%","0%"
"2021 Jan 01 12:00:00 AM","65+ Years","55.17036841739","1.5%","0%"
"2020 Dec 31 12:00:00 AM","<2 Years","14.96726676716","0%","0%"
"2020 Dec 31 12:00:00 AM","2 - 4 Years","27.90710100893","0%","0%"
"2020 Dec 31 12:00:00 AM","5 - 11 Years","26.9898949528","0%","0%"
"2020 Dec 31 12:00:00 AM","12 - 17 Years","47.41523632093","0%","0%"
"2020 Dec 31 12:00:00 AM","18 - 24 Years","78.62643947126","0.8%","0%"
"2020 Dec 31 12:00:00 AM","25 - 49 Years","76.4808074841","2.6%","0%"
"2020 Dec 31 12:00:00 AM","50 - 64 Years","66.38419954298","2.6%","0%"
"2020 Dec 31 12:00:00 AM","65+ Years","53.53192456707","1.4%","0%"
"2020 Dec 30 12:00:00 AM","<2 Years","14.0891706035","0%","0%"
"2020 Dec 30 12:00:00 AM","2 - 4 Years","26.38473400927","0%","0%"
"2020 Dec 30 12:00:00 AM","5 - 11 Years","25.36225508264","0%","0%"
"2020 Dec 30 12:00:00 AM","12 - 17 Years","44.97226464793","0%","0%"
"2020 Dec 30 12:00:00 AM","18 - 24 Years","74.68003721115","0.8%","0%"
"2020 Dec 30 12:00:00 AM","25 - 49 Years","72.94116597545","2.4%","0%"
"2020 Dec 30 12:00:00 AM","50 - 64 Years","63.64468695655","2.4%","0%"
"2020 Dec 30 12:00:00 AM","65+ Years","51.2507879032","1.3%","0%"
"2020 Dec 29 12:00:00 AM","<2 Years","13.47611333831","0%","0%"
"2020 Dec 29 12:00:00 AM","2 - 4 Years","24.94763377272","0%","0%"
"2020 Dec 29 12:00:00 AM","5 - 11 Years","24.17655383813","0%","0%"
"2020 Dec 29 12:00:00 AM","12 - 17 Years","43.19628477345","0%","0%"
"2020 Dec 29 12:00:00 AM","18 - 24 Years","71.15720663588","0.6%","0%"
"2020 Dec 29 12:00:00 AM","25 - 49 Years","69.88976456578","2.1%","0%"
"2020 Dec 29 12:00:00 AM","50 - 64 Years","61.36966784421","2%","0%"
"2020 Dec 29 12:00:00 AM","65+ Years","49.58406768321","1%","0%"
"2020 Dec 28 12:00:00 AM","<2 Years","13.46372834306","0%","0%"
"2020 Dec 28 12:00:00 AM","2 - 4 Years","24.82151001895","0%","0%"
"2020 Dec 28 12:00:00 AM","5 - 11 Years","23.87071222106","0%","0%"
"2020 Dec 28 12:00:00 AM","12 - 17 Years","43.54691231137","0%","0%"
"2020 Dec 28 12:00:00 AM","18 - 24 Years","72.13766162959","0.5%","0%"
"2020 Dec 28 12:00:00 AM","25 - 49 Years","70.98357583059","1.8%","0%"
"2020 Dec 28 12:00:00 AM","50 - 64 Years","63.09369689711","1.7%","0%"
"2020 Dec 28 12:00:00 AM","65+ Years","50.96273890371","0.7%","0%"
"2020 Dec 27 12:00:00 AM","<2 Years","13.30024640567","0%","0%"
"2020 Dec 27 12:00:00 AM","2 - 4 Years","24.69893904698","0%","0%"
"2020 Dec 27 12:00:00 AM","5 - 11 Years","23.41420970888","0%","0%"
"2020 Dec 27 12:00:00 AM","12 - 17 Years","42.51615871862","0%","0%"
"2020 Dec 27 12:00:00 AM","18 - 24 Years","69.39106398569","0.4%","0%"
"2020 Dec 27 12:00:00 AM","25 - 49 Years","68.55348673327","1.5%","0%"
"2020 Dec 27 12:00:00 AM","50 - 64 Years","61.28748473687","1.4%","0%"
"2020 Dec 27 12:00:00 AM","65+ Years","49.74368382604","0.5%","0%"
"2020 Dec 26 12:00:00 AM","<2 Years","13.31015440188","0%","0%"
"2020 Dec 26 12:00:00 AM","2 - 4 Years","24.95651572721","0%","0%"
"2020 Dec 26 12:00:00 AM","5 - 11 Years","23.50711726086","0%","0%"
"2020 Dec 26 12:00:00 AM","12 - 17 Years","42.48075333206","0%","0%"
"2020 Dec 26 12:00:00 AM","18 - 24 Years","68.56472101125","0.4%","0%"
"2020 Dec 26 12:00:00 AM","25 - 49 Years","67.85624653774","1.5%","0%"
"2020 Dec 26 12:00:00 AM","50 - 64 Years","60.93468764072","1.4%","0%"
"2020 Dec 26 12:00:00 AM","65+ Years","49.57481840341","0.5%","0%"
"2020 Dec 25 12:00:00 AM","<2 Years","13.1033249811","0%","0%"
"2020 Dec 25 12:00:00 AM","2 - 4 Years","24.81618084626","0%","0%"
"2020 Dec 25 12:00:00 AM","5 - 11 Years","23.23642985265","0%","0%"
"2020 Dec 25 12:00:00 AM","12 - 17 Years","42.11756259245","0%","0%"
"2020 Dec 25 12:00:00 AM","18 - 24 Years","67.03494648876","0.4%","0%"
"2020 Dec 25 12:00:00 AM","25 - 49 Years","66.41163257923","1.4%","0%"
"2020 Dec 25 12:00:00 AM","50 - 64 Years","59.74984333902","1.3%","0%"
"2020 Dec 25 12:00:00 AM","65+ Years","48.58963797212","0.5%","0%"
"2020 Dec 24 12:00:00 AM","<2 Years","14.11394059401","0%","0%"
"2020 Dec 24 12:00:00 AM","2 - 4 Years","27.30312810358","0%","0%"
"2020 Dec 24 12:00:00 AM","5 - 11 Years","25.43306570334","0%","0%"
"2020 Dec 24 12:00:00 AM","12 - 17 Years","45.60727738762","0%","0%"
"2020 Dec 24 12:00:00 AM","18 - 24 Years","71.95329448998","0.4%","0%"
"2020 Dec 24 12:00:00 AM","25 - 49 Years","71.17961263001","1.4%","0%"
"2020 Dec 24 12:00:00 AM","50 - 64 Years","63.88669577541","1.3%","0%"
"2020 Dec 24 12:00:00 AM","65+ Years","51.550993099","0.5%","0%"
"2020 Dec 23 12:00:00 AM","<2 Years","14.57713941659","0%","0%"
"2020 Dec 23 12:00:00 AM","2 - 4 Years","28.46311136003","0%","0%"
"2020 Dec 23 12:00:00 AM","5 - 11 Years","26.79604460109","0%","0%"
"2020 Dec 23 12:00:00 AM","12 - 17 Years","47.46377596381","0%","0%"
"2020 Dec 23 12:00:00 AM","18 - 24 Years","74.44461455596","0.4%","0%"
"2020 Dec 23 12:00:00 AM","25 - 49 Years","73.35493325521","1.3%","0%"
"2020 Dec 23 12:00:00 AM","50 - 64 Years","65.2565655812","1.2%","0%"
"2020 Dec 23 12:00:00 AM","65+ Years","52.31234095913","0.4%","0%"
"2020 Dec 22 12:00:00 AM","<2 Years","14.66507288291","0%","0%"
"2020 Dec 22 12:00:00 AM","2 - 4 Years","28.65140879522","0%","0%"
"2020 Dec 22 12:00:00 AM","5 - 11 Years","26.92963059475","0%","0%"
"2020 Dec 22 12:00:00 AM","12 - 17 Years","47.5311604092","0%","0%"
"2020 Dec 22 12:00:00 AM","18 - 24 Years","74.56279861981","0.3%","0%"
"2020 Dec 22 12:00:00 AM","25 - 49 Years","73.32040855572","1.1%","0%"
"2020 Dec 22 12:00:00 AM","50 - 64 Years","64.95008161736","0.9%","0%"
"2020 Dec 22 12:00:00 AM","65+ Years","51.77244728393","0.3%","0%"
"2020 Dec 21 12:00:00 AM","<2 Years","14.22292855226","0%","0%"
"2020 Dec 21 12:00:00 AM","2 - 4 Years","28.44890023284","0%","0%"
"2020 Dec 21 12:00:00 AM","5 - 11 Years","26.5399210794","0%","0%"
"2020 Dec 21 12:00:00 AM","12 - 17 Years","46.37648796348","0%","0%"
"2020 Dec 21 12:00:00 AM","18 - 24 Years","70.78374499411","0.2%","0%"
"2020 Dec 21 12:00:00 AM","25 - 49 Years","69.82177339513","0.8%","0%"
"2020 Dec 21 12:00:00 AM","50 - 64 Years","61.39282441037","0.7%","0%"
"2020 Dec 21 12:00:00 AM","65+ Years","48.86500224502","0.2%","0%"
"2020 Dec 20 12:00:00 AM","<2 Years","14.27866103092","0%","0%"
"2020 Dec 20 12:00:00 AM","2 - 4 Years","28.47554609631","0%","0%"
"2020 Dec 20 12:00:00 AM","5 - 11 Years","27.12950738226","0%","0%"
"2020 Dec 20 12:00:00 AM","12 - 17 Years","47.31244648897","0%","0%"
"2020 Dec 20 12:00:00 AM","18 - 24 Years","71.59921503468","0.2%","0%"
"2020 Dec 20 12:00:00 AM","25 - 49 Years","70.49202876806","0.6%","0%"
"2020 Dec 20 12:00:00 AM","50 - 64 Years","61.85277738129","0.5%","0%"
"2020 Dec 20 12:00:00 AM","65+ Years","49.12768179135","0.2%","0%"
"2020 Dec 19 12:00:00 AM","<2 Years","14.27246853329","0%","0%"
"2020 Dec 19 12:00:00 AM","2 - 4 Years","28.31034174279","0%","0%"
"2020 Dec 19 12:00:00 AM","5 - 11 Years","27.1807320866","0%","0%"
"2020 Dec 19 12:00:00 AM","12 - 17 Years","47.49004447642","0%","0%"
"2020 Dec 19 12:00:00 AM","18 - 24 Years","71.62190637494","0.1%","0%"
"2020 Dec 19 12:00:00 AM","25 - 49 Years","70.54097182865","0.6%","0%"
"2020 Dec 19 12:00:00 AM","50 - 64 Years","61.67978421059","0.5%","0%"
"2020 Dec 19 12:00:00 AM","65+ Years","48.73260541131","0.2%","0%"
"2020 Dec 18 12:00:00 AM","<2 Years","14.42851947352","0%","0%"
"2020 Dec 18 12:00:00 AM","2 - 4 Years","28.37962098782","0%","0%"
"2020 Dec 18 12:00:00 AM","5 - 11 Years","27.42530493966","0%","0%"
"2020 Dec 18 12:00:00 AM","12 - 17 Years","47.80640873702","0%","0%"
"2020 Dec 18 12:00:00 AM","18 - 24 Years","72.23126340816","0.1%","0%"
"2020 Dec 18 12:00:00 AM","25 - 49 Years","71.05566763605","0.5%","0%"
"2020 Dec 18 12:00:00 AM","50 - 64 Years","61.99035462728","0.4%","0%"
"2020 Dec 18 12:00:00 AM","65+ Years","48.98629994298","0.1%","0%"
"2020 Dec 17 12:00:00 AM","<2 Years","14.57590091707","0%","0%"
"2020 Dec 17 12:00:00 AM","2 - 4 Years","28.46311136003","0%","0%"
"2020 Dec 17 12:00:00 AM","5 - 11 Years","27.62518172717","0%","0%"
"2020 Dec 17 12:00:00 AM","12 - 17 Years","48.13762041779","0%","0%"
"2020 Dec 17 12:00:00 AM","18 - 24 Years","72.71534533369","0.1%","0%"
"2020 Dec 17 12:00:00 AM","25 - 49 Years","71.29284306207","0.3%","0%"
"2020 Dec 17 12:00:00 AM","50 - 64 Years","62.13587775382","0.2%","0%"
"2020 Dec 17 12:00:00 AM","65+ Years","49.17815643255","0.1%","0%"
"2020 Dec 16 12:00:00 AM","<2 Years","14.8000693312","0%","0%"
"2020 Dec 16 12:00:00 AM","2 - 4 Years","28.99247584766","0%","0%"
"2020 Dec 16 12:00:00 AM","5 - 11 Years","27.95362247851","0%","0%"
"2020 Dec 16 12:00:00 AM","12 - 17 Years","48.74979097259","0%","0%"
"2020 Dec 16 12:00:00 AM","18 - 24 Years","73.45612304591","0%","0%"
"2020 Dec 16 12:00:00 AM","25 - 49 Years","71.75555340241","0.1%","0%"
"2020 Dec 16 12:00:00 AM","50 - 64 Years","62.50456661106","0.1%","0%"
"2020 Dec 16 12:00:00 AM","65+ Years","49.76958180948","0%","0%"
"2020 Dec 15 12:00:00 AM","<2 Years","14.80997732741","0%","0%"
"2020 Dec 15 12:00:00 AM","2 - 4 Years","29.03155644741","0%","0%"
"2020 Dec 15 12:00:00 AM","5 - 11 Years","28.09072389306","0%","0%"
"2020 Dec 15 12:00:00 AM","12 - 17 Years","49.21177416181","0%","0%"
"2020 Dec 15 12:00:00 AM","18 - 24 Years","74.19737349438","0%","0%"
"2020 Dec 15 12:00:00 AM","25 - 49 Years","72.32593847604","0%","0%"
"2020 Dec 15 12:00:00 AM","50 - 64 Years","62.71547298322","0%","0%"
"2020 Dec 15 12:00:00 AM","65+ Years","50.19689853625","0%","0%"
"2020 Dec 14 12:00:00 AM","<2 Years","14.88057180037","0%","0%"
"2020 Dec 14 12:00:00 AM","2 - 4 Years","28.6691727042","0%","0%"
"2020 Dec 14 12:00:00 AM","5 - 11 Years","27.94809824569","0%","0%"
"2020 Dec 14 12:00:00 AM","12 - 17 Years","48.86114662389","0%","0%"
"2020 Dec 14 12:00:00 AM","18 - 24 Years","74.35243098616","0%","0%"
"2020 Dec 14 12:00:00 AM","25 - 49 Years","72.14934662231","0%","0%"
"2020 Dec 14 12:00:00 AM","50 - 64 Years","62.41625382444","0%","0%"
"2020 Dec 14 12:00:00 AM","65+ Years","50.03173282554","0%","0%"
