GISJOIN,STATE,STATEFP,STATENH,COUNTY,COUNTYFP,COUNTYNH,AV0AA195,AV0AA195M,AV0AA2020,AV0AA205,AV0AA205M,AV0AA215,AV0AA215M,AV0AA225,AV0AA225M,AV0AA235,AV0AA235M,AV0AA245,AV0AA245M
"G0100010","Alabama","01","010","Autauga County","001","0010",55380,0,58805,55639,,58239,,58761,,59285,555555555,59947,555555555
"G0100030","Alabama","01","010","Baldwin County","003","0030",212830,0,231767,218289,,227131,,233420,,239945,555555555,246989,555555555
"G0100050","Alabama","01","010","Barbour County","005","0050",25361,0,25223,25026,,25259,,24877,,24757,555555555,24643,555555555
"G0100070","Alabama","01","010","Bibb County","007","0070",22493,0,22293,22374,,22412,,22251,,22152,555555555,22130,555555555
"G0100090","Alabama","01","010","Blount County","009","0090",57681,0,59134,57755,,58884,,59077,,59292,555555555,59518,555555555
"G0100110","Alabama","01","010","Bullock County","011","0110",10248,0,10357,10173,,10386,,10328,,10157,555555555,10058,555555555
"G0100130","Alabama","01","010","Butler County","013","0130",19828,0,19051,19726,,19181,,18981,,18807,555555555,18630,555555555
"G0100150","Alabama","01","010","Calhoun County","015","0150",114618,0,116441,114324,,116425,,116162,,116141,555555555,116090,555555555
"G0100170","Alabama","01","010","Chambers County","017","0170",33660,0,34772,33427,,34834,,34612,,34450,555555555,34192,555555555
"G0100190","Alabama","01","010","Cherokee County","019","0190",25903,0,24971,26035,,24975,,25069,,25224,555555555,25443,555555555
"G0100210","Alabama","01","010","Chilton County","021","0210",44055,0,45014,44147,,44857,,45140,,45500,555555555,45992,555555555
"G0100230","Alabama","01","010","Choctaw County","023","0230",12925,0,12665,12755,,12792,,12669,,12525,555555555,12380,555555555
"G0100250","Alabama","01","010","Clarke County","025","0250",24128,0,23087,23866,,23346,,23058,,22802,555555555,22543,555555555
"G0100270","Alabama","01","010","Clay County","027","0270",13337,0,14236,13285,,14184,,14209,,14188,555555555,14192,555555555
"G0100290","Alabama","01","010","Cleburne County","029","0290",14916,0,15056,14952,,15046,,15144,,15254,555555555,15426,555555555
"G0100310","Alabama","01","010","Coffee County","031","0310",51662,0,53465,52238,,53043,,53559,,54231,555555555,54920,555555555
"G0100330","Alabama","01","010","Colbert County","033","0330",54771,0,57227,54957,,56789,,57270,,57648,555555555,58022,555555555
"G0100350","Alabama","01","010","Conecuh County","035","0350",12394,0,11597,12219,,11778,,11576,,11411,555555555,11275,555555555
"G0100370","Alabama","01","010","Coosa County","037","0370",10757,0,10387,10696,,10442,,10329,,10323,555555555,10300,555555555
"G0100390","Alabama","01","010","Covington County","039","0390",37200,0,37570,37096,,37490,,37542,,37647,555555555,37628,555555555
"G0100410","Alabama","01","010","Crenshaw County","041","0410",13844,0,13194,13826,,13300,,13205,,13144,555555555,13122,555555555
"G0100430","Alabama","01","010","Cullman County","043","0430",82853,0,87866,83345,,87129,,88284,,89463,555555555,90566,555555555
"G0100450","Alabama","01","010","Dale County","045","0450",49277,0,49326,49293,,49443,,49455,,49516,555555555,49599,555555555
"G0100470","Alabama","01","010","Dallas County","047","0470",39149,0,38462,38184,,39162,,38326,,37536,555555555,36858,555555555
"G0100490","Alabama","01","010","DeKalb County","049","0490",71310,0,71608,71430,,71554,,71680,,71946,555555555,72269,555555555
"G0100510","Alabama","01","010","Elmore County","051","0510",81144,0,87977,81526,,87146,,87694,,88669,555555555,89526,555555555
"G0100530","Alabama","01","010","Escambia County","053","0530",37057,0,36757,36775,,36879,,36755,,36695,555555555,36629,555555555
"G0100550","Alabama","01","010","Etowah County","055","0550",102748,0,103436,102721,,103468,,103348,,103208,555555555,103105,555555555
"G0100570","Alabama","01","010","Fayette County","057","0570",16494,0,16321,16406,,16365,,16297,,16173,555555555,16053,555555555
"G0100590","Alabama","01","010","Franklin County","059","0590",31466,0,32113,31587,,32034,,32011,,31978,555555555,31966,555555555
"G0100610","Alabama","01","010","Geneva County","061","0610",26417,0,26659,26383,,26604,,26647,,26726,555555555,26887,555555555
"G0100630","Alabama","01","010","Greene County","063","0630",8324,0,7730,8221,,7851,,7706,,7589,555555555,7424,555555555
"G0100650","Alabama","01","010","Hale County","065","0650",14809,0,14785,14754,,14819,,14742,,14749,555555555,14829,555555555
"G0100670","Alabama","01","010","Henry County","067","0670",17133,0,17146,17123,,17165,,17282,,17450,555555555,17647,555555555
"G0100690","Alabama","01","010","Houston County","069","0690",104702,0,107202,105319,,106355,,107040,,107628,555555555,108140,555555555
"G0100710","Alabama","01","010","Jackson County","071","0710",51852,0,52579,51765,,52548,,52618,,52839,555555555,53053,555555555
"G0100730","Alabama","01","010","Jefferson County","073","0730",659680,0,674721,658615,265,672550,,672265,,669744,555555555,667755,555555555
"G0100750","Alabama","01","010","Lamar County","075","0750",13885,0,13972,13854,,13929,,13885,,13809,555555555,13693,555555555
"G0100770","Alabama","01","010","Lauderdale County","077","0770",92556,0,93564,92870,,93342,,94329,,95037,555555555,95830,555555555
"G0100790","Alabama","01","010","Lawrence County","079","0790",33058,0,33073,32969,,33089,,33116,,33182,555555555,33276,555555555
"G0100810","Alabama","01","010","Lee County","081","0810",161152,0,174241,163461,,172223,,175126,,177663,555555555,181134,555555555
"G0100830","Alabama","01","010","Limestone County","083","0830",94727,0,103570,96921,,101217,,104199,,107577,555555555,111233,555555555
"G0100850","Alabama","01","010","Lowndes County","085","0850",10079,0,10311,9936,,10334,,10153,,10008,555555555,9833,555555555
"G0100870","Alabama","01","010","Macon County","087","0870",18708,0,19532,18437,,19490,,19198,,18951,555555555,18691,555555555
"G0100890","Alabama","01","010","Madison County","089","0890",362276,0,388153,367686,,382149,,389781,,397135,555555555,405718,555555555
"G0100910","Alabama","01","010","Marengo County","091","0910",19321,0,19323,19138,,19397,,19180,,19027,555555555,18851,555555555
"G0100930","Alabama","01","010","Marion County","093","0930",29866,0,29341,29818,,29392,,29203,,29190,555555555,29184,555555555
"G0100950","Alabama","01","010","Marshall County","095","0950",95643,0,97612,96137,,97179,,97923,,98712,555555555,99748,555555555
"G0100970","Alabama","01","010","Mobile County","097","0970",414114,0,414809,413977,,414620,,413878,,413162,555555555,412590,555555555
"G0100990","Alabama","01","010","Monroe County","099","0990",21270,0,19772,21006,,20115,,19816,,19580,555555555,19388,555555555
"G0101010","Alabama","01","010","Montgomery County","101","1010",226941,0,228954,226451,,229072,,228132,,227197,555555555,226718,555555555
"G0101030","Alabama","01","010","Morgan County","103","1030",119213,0,123421,119352,,122608,,123102,,123742,555555555,124471,555555555
"G0101050","Alabama","01","010","Perry County","105","1050",9293,0,8511,9104,,8702,,8479,,8231,555555555,8031,555555555
"G0101070","Alabama","01","010","Pickens County","107","1070",20243,0,19123,20049,,19240,,18925,,18843,555555555,18721,555555555
"G0101090","Alabama","01","010","Pike County","109","1090",33333,0,33009,33274,,33176,,32997,,32953,555555555,32987,555555555
"G0101110","Alabama","01","010","Randolph County","111","1110",22647,0,21967,22732,,21984,,22179,,22310,555555555,22510,555555555
"G0101130","Alabama","01","010","Russell County","113","1130",57952,0,59183,57938,,58695,,58849,,58858,555555555,58811,555555555
"G0101170","Alabama","01","010","Shelby County","117","1170",213432,0,223024,216350,265,220780,,223916,,226955,555555555,230211,555555555
"G0101150","Alabama","01","010","St. Clair County","115","1150",87989,0,91103,88929,,90412,,91719,,92903,555555555,94166,555555555
"G0101190","Alabama","01","010","Sumter County","119","1190",12797,0,12345,12595,,12482,,12196,,12020,555555555,11878,555555555
"G0101210","Alabama","01","010","Talladega County","121","1210",80387,0,82149,80244,,81850,,81105,,81170,555555555,81021,555555555
"G0101230","Alabama","01","010","Tallapoosa County","123","1230",40541,0,41311,40450,,41284,,41251,,41070,555555555,40938,555555555
"G0101250","Alabama","01","010","Tuscaloosa County","125","1250",207305,0,227036,208854,,223945,,231558,,234036,555555555,237552,555555555
"G0101270","Alabama","01","010","Walker County","127","1270",64110,0,65342,63802,,65194,,64978,,64886,555555555,64841,555555555
"G0101290","Alabama","01","010","Washington County","129","1290",16541,0,15388,16336,,15574,,15434,,15270,555555555,15143,555555555
"G0101310","Alabama","01","010","Wilcox County","131","1310",10681,0,10600,10552,,10686,,10441,,10347,555555555,10172,555555555
"G0101330","Alabama","01","010","Winston County","133","1330",23784,0,23540,23712,,23650,,23655,,23637,555555555,23682,555555555
"G0200130","Alaska","02","020","Aleutians East Borough","013","0130",3385,0,3420,3389,,3409,,3407,,3423,555555555,3491,555555555
"G0200160","Alaska","02","020","Aleutians West Census Area","016","0160",5698,0,5232,5708,,5251,,5219,,5178,555555555,5235,555555555
"G0200200","Alaska","02","020","Anchorage Municipality","020","0200",293531,0,291247,292090,,292545,,290674,,289069,555555555,288976,555555555
"G0200500","Alaska","02","020","Bethel Census Area","050","0500",18134,0,18666,18263,,18514,,18538,,18487,555555555,18394,555555555
"G0200600","Alaska","02","020","Bristol Bay Borough","060","0600",875,80,844,739,121,849,128,854,87,878,76,918,88
"G0200630","Alaska","02","020","Chugach Census Area","063","0630",,,7102,6495,,7015,,7000,,6964,555555555,6862,555555555
"G0200660","Alaska","02","020","Copper River Census Area","066","0660",,,2617,2894,,2635,,2614,,2626,555555555,2626,555555555
"G0200680","Alaska","02","020","Denali Borough","068","0680",2246,367,1619,2502,390,2187,433,2101,92,2029,99,1969,81
"G0200700","Alaska","02","020","Dillingham Census Area","070","0700",4961,0,4857,4934,,4899,,4854,,4780,555555555,4724,555555555
"G0200900","Alaska","02","020","Fairbanks North Star Borough","090","0900",99072,0,95655,98455,,97149,,96299,,95555,555555555,95460,555555555
"G0201000","Alaska","02","020","Haines Borough","100","1000",2518,0,2080,2547,,2098,,2079,,2077,555555555,2086,555555555
"G0201050","Alaska","02","020","Hoonah-Angoon Census Area","105","1050",2139,0,2365,2135,,2327,,2329,,2313,555555555,2311,555555555
"G0201100","Alaska","02","020","Juneau City and Borough","110","1100",32227,0,32255,32099,,32240,,32108,,31969,555555555,31794,555555555
"G0201220","Alaska","02","020","Kenai Peninsula Borough","122","1220",58464,0,58799,58809,,58711,,59235,,59843,555555555,60413,555555555
"G0201300","Alaska","02","020","Ketchikan Gateway Borough","130","1300",13800,0,13948,13833,,13939,,13910,,13870,555555555,13768,555555555
"G0201500","Alaska","02","020","Kodiak Island Borough","150","1500",13451,0,13101,13383,,13218,,13065,,12878,555555555,12771,555555555
"G0201580","Alaska","02","020","Kusilvak Census Area","158","1580",8250,0,8368,8298,,8354,,8372,,8277,555555555,8176,555555555
"G0201640","Alaska","02","020","Lake and Peninsula Borough","164","1640",1393,367,1476,1156,390,986,433,999,92,1007,99,1013,81
"G0201700","Alaska","02","020","Matanuska-Susitna Borough","170","1700",105369,0,107081,107360,,106807,,108661,,110677,555555555,112988,555555555
"G0201800","Alaska","02","020","Nome Census Area","180","1800",9988,0,10046,10009,,10070,,10018,,9925,555555555,9866,555555555
"G0201850","Alaska","02","020","North Slope Borough","185","1850",9792,0,11031,9375,,10865,,10924,,10891,555555555,10810,555555555
"G0201880","Alaska","02","020","Northwest Arctic Borough","188","1880",7715,0,7793,7709,,7776,,7682,,7611,555555555,7441,555555555
"G0201950","Alaska","02","020","Petersburg Borough","195","1950",3257,0,3398,3278,,3368,,3374,,3394,555555555,3409,555555555
"G0201980","Alaska","02","020","Prince of Wales-Hyder Census Area","198","1980",6407,0,5753,6338,,5886,,5799,,5730,555555555,5715,555555555
"G0202200","Alaska","02","020","Sitka City and Borough","220","2200",8640,0,8458,8569,,8518,,8462,,8393,555555555,8368,555555555
"G0202300","Alaska","02","020","Skagway Municipality","230","2300",1107,102,1240,1300,163,1329,160,1303,99,1308,76,1244,102
"G0202400","Alaska","02","020","Southeast Fairbanks Census Area","240","2400",6878,0,6808,6911,,6849,,6888,,6936,555555555,7068,555555555
"G0202610","Alaska","02","020","Valdez-Cordova Census Area","261","2610",9243,0,,,,,,,,,,,
"G0202750","Alaska","02","020","Wrangell City and Borough","275","2750",2502,0,2127,2510,,2162,,2134,,2106,555555555,2088,555555555
"G0202820","Alaska","02","020","Yakutat City and Borough","282","2820",649,89,662,597,112,562,113,564,76,506,66,527,63
"G0202900","Alaska","02","020","Yukon-Koyukuk Census Area","290","2900",5377,0,5343,5305,,5433,,5355,,5271,555555555,5195,555555555
"G0400010","Arizona","04","040","Apache County","001","0010",71511,0,66021,71714,,66473,,66054,,65680,555555555,65341,555555555
"G0400030","Arizona","04","040","Cochise County","003","0030",125867,0,125447,126442,,125092,,125504,,125458,555555555,125566,555555555
"G0400050","Arizona","04","040","Coconino County","005","0050",141274,0,145101,142254,,144942,,144705,,144643,555555555,144508,555555555
"G0400070","Arizona","04","040","Gila County","007","0070",53546,0,53272,53846,,53211,,53419,,53610,555555555,53795,555555555
"G0400090","Arizona","04","040","Graham County","009","0090",37996,0,38533,38304,,38145,,38453,,38860,555555555,39232,555555555
"G0400110","Arizona","04","040","Greenlee County","011","0110",9522,0,9563,9465,,9542,,9483,,9452,555555555,9409,555555555
"G0400120","Arizona","04","040","La Paz County","012","0120",20793,0,16557,21035,,16845,,16681,,16605,555555555,16664,555555555
"G0400130","Arizona","04","040","Maricopa County","013","0130",4328810,0,4420568,4412779,,4367186,,4430871,,4491987,555555555,4559748,555555555
"G0400150","Arizona","04","040","Mohave County","015","0150",207695,0,213267,210998,,211274,,214229,,217420,555555555,220517,555555555
"G0400170","Arizona","04","040","Navajo County","017","0170",109270,0,106717,110271,,106609,,107110,,107744,555555555,108415,555555555
"G0400190","Arizona","04","040","Pima County","019","0190",1027207,0,1043433,1038476,,1035063,,1042393,,1049947,555555555,1060490,555555555
"G0400210","Arizona","04","040","Pinal County","021","0210",432793,0,425264,447559,,420625,,433338,,449219,555555555,469006,555555555
"G0400230","Arizona","04","040","Santa Cruz County","023","0230",46480,0,47669,46594,,47463,,47838,,48209,555555555,48926,555555555
"G0400250","Arizona","04","040","Yavapai County","025","0250",228067,0,236209,232396,,233789,,237830,,241656,555555555,245480,555555555
"G0400270","Arizona","04","040","Yuma County","027","0270",209468,0,203881,211931,,202944,,204374,,207685,555555555,211741,555555555
"G0500010","Arkansas","05","050","Arkansas County","001","0010",17914,0,17149,17761,,17273,,17024,,16773,555555555,16515,555555555
"G0500030","Arkansas","05","050","Ashley County","003","0030",20270,0,19062,20000,,19362,,19018,,18722,555555555,18429,555555555
"G0500050","Arkansas","05","050","Baxter County","005","0050",41427,0,41627,41673,,41476,,41801,,42150,555555555,42407,555555555
"G0500070","Arkansas","05","050","Benton County","007","0070",265759,0,284333,273510,,278774,,286528,,294541,555555555,303632,555555555
"G0500090","Arkansas","05","050","Boone County","009","0090",37331,0,37373,37525,,37445,,37662,,37896,555555555,38138,555555555
"G0500110","Arkansas","05","050","Bradley County","011","0110",10874,0,10545,10805,,10597,,10461,,10354,555555555,10208,555555555
"G0500130","Arkansas","05","050","Calhoun County","013","0130",5192,0,4739,5160,,4811,,4773,,4717,555555555,4704,555555555
"G0500150","Arkansas","05","050","Carroll County","015","0150",27965,0,28260,28062,,28154,,28362,,28526,555555555,28626,555555555
"G0500170","Arkansas","05","050","Chicot County","017","0170",10615,0,10208,10433,,10405,,10234,,9997,555555555,9765,555555555
"G0500190","Arkansas","05","050","Clark County","019","0190",22386,0,21446,22341,,21569,,21469,,21378,555555555,21125,555555555
"G0500210","Arkansas","05","050","Clay County","021","0210",14889,0,14552,14710,,14661,,14537,,14399,555555555,14280,555555555
"G0500230","Arkansas","05","050","Cleburne County","023","0230",25100,0,24711,25063,,24848,,24948,,25048,555555555,25226,555555555
"G0500250","Arkansas","05","050","Cleveland County","025","0250",8128,0,7550,8063,,7632,,7548,,7491,555555555,7453,555555555
"G0500270","Arkansas","05","050","Columbia County","027","0270",23776,0,22801,23620,,22947,,22707,,22527,555555555,22349,555555555
"G0500290","Arkansas","05","050","Conway County","029","0290",20858,0,20715,20895,,20687,,20782,,20872,555555555,21054,555555555
"G0500310","Arkansas","05","050","Craighead County","031","0310",107345,0,111231,109081,,109875,,111038,,112097,555555555,113249,555555555
"G0500330","Arkansas","05","050","Crawford County","033","0330",62739,0,60133,63118,,60483,,60593,,60792,555555555,61139,555555555
"G0500350","Arkansas","05","050","Crittenden County","035","0350",48672,0,48163,48381,,48338,,47945,,47609,555555555,47266,555555555
"G0500370","Arkansas","05","050","Cross County","037","0370",16824,0,16833,16576,,16935,,16827,,16681,555555555,16543,555555555
"G0500390","Arkansas","05","050","Dallas County","039","0390",7279,0,6482,7114,,6645,,6472,,6351,555555555,6242,555555555
"G0500410","Arkansas","05","050","Desha County","041","0410",11709,0,11395,11538,,11530,,11285,,11041,555555555,10786,555555555
"G0500430","Arkansas","05","050","Drew County","043","0430",18417,0,17350,18263,,17511,,17309,,17143,555555555,17046,555555555
"G0500450","Arkansas","05","050","Faulkner County","045","0450",123624,0,123498,124800,,123191,,124611,,126001,555555555,127717,555555555
"G0500470","Arkansas","05","050","Franklin County","047","0470",17738,0,17097,17785,,17159,,17160,,17220,555555555,17326,555555555
"G0500490","Arkansas","05","050","Fulton County","049","0490",12231,0,12075,12301,,12072,,12183,,12239,555555555,12302,555555555
"G0500510","Arkansas","05","050","Garland County","051","0510",98555,0,100180,99043,,99694,,100021,,100062,555555555,100035,555555555
"G0500530","Arkansas","05","050","Grant County","053","0530",18126,0,17958,18229,,17912,,18022,,18111,555555555,18242,555555555
"G0500550","Arkansas","05","050","Greene County","055","0550",44937,0,45736,45197,,45665,,45954,,46182,555555555,46432,555555555
"G0500570","Arkansas","05","050","Hempstead County","057","0570",21842,0,20065,21695,,20352,,20037,,19778,555555555,19508,555555555
"G0500590","Arkansas","05","050","Hot Spring County","059","0590",33597,0,33040,33667,,33096,,33129,,33142,555555555,33180,555555555
"G0500610","Arkansas","05","050","Howard County","061","0610",13311,0,12785,13267,,12894,,12779,,12701,555555555,12583,555555555
"G0500630","Arkansas","05","050","Independence County","063","0630",37427,0,37938,37585,,37796,,37910,,38120,555555555,38175,555555555
"G0500650","Arkansas","05","050","Izard County","065","0650",13570,0,13577,13596,,13653,,13748,,13866,555555555,14009,555555555
"G0500670","Arkansas","05","050","Jackson County","067","0670",17027,0,16755,16908,,16878,,16784,,16775,555555555,16712,555555555
"G0500690","Arkansas","05","050","Jefferson County","069","0690",69282,0,67260,68123,,68199,,66934,,65780,555555555,64802,555555555
"G0500710","Arkansas","05","050","Johnson County","071","0710",26372,0,25749,26475,,25853,,25925,,25932,555555555,26003,555555555
"G0500730","Arkansas","05","050","Lafayette County","073","0730",6800,0,6308,6728,,6373,,6277,,6211,555555555,6136,555555555
"G0500750","Arkansas","05","050","Lawrence County","075","0750",16549,0,16216,16511,,16292,,16258,,16265,555555555,16238,555555555
"G0500770","Arkansas","05","050","Lee County","077","0770",9194,0,8600,8963,,8832,,8666,,8511,555555555,8359,555555555
"G0500790","Arkansas","05","050","Lincoln County","079","0790",13455,0,12941,13278,,13092,,13016,,12966,555555555,12950,555555555
"G0500810","Arkansas","05","050","Little River County","081","0810",12347,0,12026,12345,,12104,,12024,,11959,555555555,11821,555555555
"G0500830","Arkansas","05","050","Logan County","083","0830",21668,0,21131,21619,,21299,,21247,,21240,555555555,21277,555555555
"G0500850","Arkansas","05","050","Lonoke County","085","0850",72528,0,74015,73163,,73824,,74292,,74747,555555555,75272,555555555
"G0500870","Arkansas","05","050","Madison County","087","0870",16211,0,16521,16393,,16496,,16737,,17032,555555555,17329,555555555
"G0500890","Arkansas","05","050","Marion County","089","0890",16476,0,16826,16586,,16750,,16905,,17076,555555555,17228,555555555
"G0500910","Arkansas","05","050","Miller County","091","0910",43572,0,42600,43515,,42875,,42682,,42588,555555555,42360,555555555
"G0500930","Arkansas","05","050","Mississippi County","093","0930",42126,0,40685,41396,,41061,,40361,,39749,555555555,39126,555555555
"G0500950","Arkansas","05","050","Monroe County","095","0950",7050,0,6799,6879,,6903,,6787,,6681,555555555,6589,555555555
"G0500970","Arkansas","05","050","Montgomery County","097","0970",8950,0,8484,8964,,8525,,8555,,8571,555555555,8553,555555555
"G0500990","Arkansas","05","050","Nevada County","099","0990",8351,0,8310,8249,,8340,,8292,,8228,555555555,8159,555555555
"G0501010","Arkansas","05","050","Newton County","101","1010",7812,0,7225,7753,,7343,,7243,,7175,555555555,7112,555555555
"G0501030","Arkansas","05","050","Ouachita County","103","1030",23830,0,22650,23597,,22858,,22606,,22317,555555555,22085,555555555
"G0501050","Arkansas","05","050","Perry County","105","1050",10355,0,10019,10342,,10056,,10055,,10073,555555555,10101,555555555
"G0501070","Arkansas","05","050","Phillips County","107","1070",18606,0,16568,18151,,16923,,16373,,15910,555555555,15450,555555555
"G0501090","Arkansas","05","050","Pike County","109","1090",10756,0,10171,10714,,10234,,10205,,10182,555555555,10115,555555555
"G0501110","Arkansas","05","050","Poinsett County","111","1110",23896,0,22965,23747,,23212,,22997,,22740,555555555,22543,555555555
"G0501130","Arkansas","05","050","Polk County","113","1130",20094,0,19221,19999,,19476,,19384,,19348,555555555,19361,555555555
"G0501150","Arkansas","05","050","Pope County","115","1150",63761,0,63381,63926,,63234,,63475,,63830,555555555,64131,555555555
"G0501170","Arkansas","05","050","Prairie County","117","1170",8189,0,8282,8138,,8306,,8217,,8162,555555555,8064,555555555
"G0501190","Arkansas","05","050","Pulaski County","119","1190",392967,0,399125,393078,,397931,,398322,,398949,555555555,399818,555555555
"G0501210","Arkansas","05","050","Randolph County","121","1210",17695,0,18571,17934,,18442,,18619,,18733,555555555,18838,555555555
"G0501250","Arkansas","05","050","Saline County","125","1250",119415,0,123416,120990,,122308,,123988,,125724,555555555,127479,555555555
"G0501270","Arkansas","05","050","Scott County","127","1270",10376,0,9836,10269,,9928,,9871,,9839,555555555,9816,555555555
"G0501290","Arkansas","05","050","Searcy County","129","1290",7908,0,7828,7898,,7872,,7880,,7861,555555555,7859,555555555
"G0501310","Arkansas","05","050","Sebastian County","131","1310",127591,0,127799,127670,,127941,,128184,,128448,555555555,128900,555555555
"G0501330","Arkansas","05","050","Sevier County","133","1330",17081,0,15839,16947,,16074,,15913,,15797,555555555,15712,555555555
"G0501350","Arkansas","05","050","Sharp County","135","1350",17139,0,17271,17217,,17243,,17422,,17597,555555555,17773,555555555
"G0501230","Arkansas","05","050","St. Francis County","123","1230",25900,0,23090,25477,,23623,,23138,,22740,555555555,22400,555555555
"G0501370","Arkansas","05","050","Stone County","137","1370",12475,0,12359,12582,,12364,,12393,,12474,555555555,12568,555555555
"G0501390","Arkansas","05","050","Union County","139","1390",39449,0,39054,39089,,39262,,38815,,38368,555555555,37900,555555555
"G0501410","Arkansas","05","050","Van Buren County","141","1410",16642,0,15796,16578,,15851,,15900,,15936,555555555,15998,555555555
"G0501430","Arkansas","05","050","Washington County","143","1430",232289,0,245871,236198,,242793,,247331,,251863,555555555,256765,555555555
"G0501450","Arkansas","05","050","White County","145","1450",78762,0,76822,78725,,77075,,77118,,77395,555555555,77838,555555555
"G0501470","Arkansas","05","050","Woodruff County","147","1470",6533,0,6269,6477,,6333,,6259,,6157,555555555,6026,555555555
"G0501490","Arkansas","05","050","Yell County","149","1490",21464,0,20263,21425,,20489,,20342,,20195,555555555,20134,555555555
"G0600010","California","06","060","Alameda County","001","0010",1656754,0,1682353,1661584,,1673133,,1663823,,1651949,555555555,1649473,555555555
"G0600030","California","06","060","Alpine County","003","0030",1039,161,1204,1159,172,1344,228,1515,206,1695,234,1616,239
"G0600050","California","06","060","Amador County","005","0050",38429,0,40474,39023,,40095,,40577,,41029,555555555,41428,555555555
"G0600070","California","06","060","Butte County","007","0070",225817,0,211632,223344,,217884,,213605,,209470,555555555,207929,555555555
"G0600090","California","06","060","Calaveras County","009","0090",45514,0,45292,45828,,45349,,45674,,45995,555555555,46248,555555555
"G0600110","California","06","060","Colusa County","011","0110",21454,0,21839,21491,,21780,,21811,,21895,555555555,21984,555555555
"G0600130","California","06","060","Contra Costa County","013","0130",1142251,0,1165927,1147788,,1161643,,1162648,,1161458,555555555,1165012,555555555
"G0600150","California","06","060","Del Norte County","015","0150",27495,0,27743,27692,,27655,,27462,,27293,555555555,27107,555555555
"G0600170","California","06","060","El Dorado County","017","0170",188563,0,191185,190345,,190568,,191713,,192299,555555555,192662,555555555
"G0600190","California","06","060","Fresno County","019","0190",984521,0,1008654,990204,,1003150,,1008280,,1012152,555555555,1016725,555555555
"G0600210","California","06","060","Glenn County","021","0210",27976,0,28917,28060,,28675,,28657,,28623,555555555,28494,555555555
"G0600230","California","06","060","Humboldt County","023","0230",135940,0,136463,136101,,137014,,136132,,135418,555555555,134541,555555555
"G0600250","California","06","060","Imperial County","025","0250",180701,0,179702,180580,,180051,,179578,,179319,555555555,180202,555555555
"G0600270","California","06","060","Inyo County","027","0270",17977,0,19016,17930,,18804,,18829,,18803,555555555,18739,555555555
"G0600290","California","06","060","Kern County","029","0290",887641,0,909235,892458,,905644,,906883,,910433,555555555,915075,555555555
"G0600310","California","06","060","Kings County","031","0310",150691,0,152486,151090,,151887,,152515,,152830,555555555,153298,555555555
"G0600330","California","06","060","Lake County","033","0330",64195,0,68163,64276,,67749,,68024,,68139,555555555,68152,555555555
"G0600350","California","06","060","Lassen County","035","0350",30818,0,32730,30600,,32949,,31873,,31177,555555555,30356,555555555
"G0600370","California","06","060","Los Angeles County","037","0370",10081570,0,10014009,10040682,,10019635,,9936690,,9848406,555555555,9808667,555555555
"G0600390","California","06","060","Madera County","039","0390",155433,0,156255,155925,,156304,,157243,,158790,555555555,160940,555555555
"G0600410","California","06","060","Marin County","041","0410",259943,0,262321,259441,,262387,,260485,,258765,555555555,257969,555555555
"G0600430","California","06","060","Mariposa County","043","0430",17420,0,17131,17319,,17225,,17130,,17060,555555555,17082,555555555
"G0600450","California","06","060","Mendocino County","045","0450",87224,0,91601,87110,,91534,,91145,,90709,555555555,90244,555555555
"G0600470","California","06","060","Merced County","047","0470",271382,0,281202,273661,,279150,,282290,,285597,555555555,290201,555555555
"G0600490","California","06","060","Modoc County","049","0490",8907,0,8700,8853,,8723,,8651,,8646,555555555,8600,555555555
"G0600510","California","06","060","Mono County","051","0510",14310,0,13195,14395,,13291,,13219,,13169,555555555,13148,555555555
"G0600530","California","06","060","Monterey County","053","0530",433410,0,439035,432977,,438953,,437609,,435834,555555555,437613,555555555
"G0600550","California","06","060","Napa County","055","0550",139623,0,138019,138572,,138795,,137384,,136070,555555555,134869,555555555
"G0600570","California","06","060","Nevada County","057","0570",99244,0,102241,99417,,102090,,102322,,102452,555555555,102481,555555555
"G0600590","California","06","060","Orange County","059","0590",3168044,0,3186989,3170345,,3182923,,3175227,,3164063,555555555,3165820,555555555
"G0600610","California","06","060","Placer County","061","0610",385512,0,404739,391799,,400330,,406608,,412435,555555555,419156,555555555
"G0600630","California","06","060","Plumas County","063","0630",18660,0,19790,18844,,19631,,19650,,19607,555555555,19423,555555555
"G0600650","California","06","060","Riverside County","065","0650",2411439,0,2418185,2437864,,2409331,,2429487,,2449909,555555555,2478600,555555555
"G0600670","California","06","060","Sacramento County","067","0670",1524553,0,1585055,1537948,,1571767,,1579211,,1584047,555555555,1594006,555555555
"G0600690","California","06","060","San Benito County","069","0690",60376,0,64209,61547,,63329,,64753,,66056,555555555,67290,555555555
"G0600710","California","06","060","San Bernardino County","071","0710",2149031,0,2181654,2162532,,2171071,,2180563,,2187816,555555555,2197104,555555555
"G0600730","California","06","060","San Diego County","073","0730",3316073,0,3298634,3323970,,3296317,,3289701,,3282782,555555555,3288774,555555555
"G0600750","California","06","060","San Francisco County","075","0750",874961,0,873965,874784,,865933,,851036,,836321,555555555,830235,555555555
"G0600770","California","06","060","San Joaquin County","077","0770",742603,0,779233,751615,,771406,,779445,,787416,555555555,797334,555555555
"G0600790","California","06","060","San Luis Obispo County","079","0790",282165,0,282424,282517,,282771,,281712,,281486,555555555,281555,555555555
"G0600810","California","06","060","San Mateo County","081","0810",767423,0,764442,765623,,762488,,754250,,745100,555555555,742340,555555555
"G0600830","California","06","060","Santa Barbara County","083","0830",444829,0,448229,444895,,447651,,445213,,443975,555555555,443701,555555555
"G0600850","California","06","060","Santa Clara County","085","0850",1927470,0,1936259,1924379,,1932022,,1916831,,1903297,555555555,1902047,555555555
"G0600870","California","06","060","Santa Cruz County","087","0870",273962,0,270861,273170,,272138,,268571,,266021,555555555,264926,555555555
"G0600890","California","06","060","Shasta County","089","0890",179212,0,182155,179267,,181935,,181852,,181554,555555555,181436,555555555
"G0600910","California","06","060","Sierra County","091","0910",3040,161,3236,2898,172,3079,228,2916,206,2731,234,2746,239
"G0600930","California","06","060","Siskiyou County","093","0930",43468,0,44076,43516,,44151,,44049,,43834,555555555,43466,555555555
"G0600950","California","06","060","Solano County","095","0950",441829,0,453491,444538,,451432,,450995,,450824,555555555,451918,555555555
"G0600970","California","06","060","Sonoma County","097","0970",499772,0,488863,496801,,492498,,488436,,485642,555555555,485040,555555555
"G0600990","California","06","060","Stanislaus County","099","0990",543194,0,552878,546235,,550842,,552063,,552250,555555555,553990,555555555
"G0601010","California","06","060","Sutter County","101","1010",96109,0,99633,96315,,99080,,99101,,98971,555555555,98857,555555555
"G0601030","California","06","060","Tehama County","103","1030",63912,0,65829,64176,,65345,,65484,,65520,555555555,65167,555555555
"G0601050","California","06","060","Trinity County","105","1050",12700,0,16112,12541,,15818,,15889,,15886,555555555,15860,555555555
"G0601070","California","06","060","Tulare County","107","1070",461898,0,473117,463955,,470999,,473446,,475774,555555555,478693,555555555
"G0601090","California","06","060","Tuolumne County","109","1090",54045,0,55620,54147,,55243,,54993,,54873,555555555,54498,555555555
"G0601110","California","06","060","Ventura County","111","1110",847263,0,843843,845599,,845255,,842009,,838259,555555555,837469,555555555
"G0601130","California","06","060","Yolo County","113","1130",217352,0,216403,218774,,216703,,217141,,217782,555555555,220564,555555555
"G0601150","California","06","060","Yuba County","115","1150",76360,0,81575,77524,,80404,,81705,,83079,555555555,84507,555555555
"G0800010","Colorado","08","080","Adams County","001","0010",504108,0,519572,509844,91,514969,,520149,,524408,555555555,530225,555555555
"G0800030","Colorado","08","080","Alamosa County","003","0030",16107,0,16376,16153,,16377,,16460,,16515,555555555,16581,555555555
"G0800050","Colorado","08","080","Arapahoe County","005","0050",644560,0,655070,649980,140,651621,,654453,,655709,555555555,659844,555555555
"G0800070","Colorado","08","080","Archuleta County","007","0070",13253,0,13359,13588,,13267,,13509,,13730,555555555,13900,555555555
"G0800090","Colorado","08","080","Baca County","009","0090",3561,0,3506,3570,,3519,,3496,,3460,555555555,3428,555555555
"G0800110","Colorado","08","080","Bent County","011","0110",5787,0,5650,5677,,5861,,5561,,5524,555555555,5549,555555555
"G0800130","Colorado","08","080","Boulder County","013","0130",322510,0,330758,324682,,328713,,328658,,328317,555555555,328961,555555555
"G0800140","Colorado","08","080","Broomfield County","014","0140",67886,0,74112,69444,,72697,,73946,,75110,555555555,76304,555555555
"G0800150","Colorado","08","080","Chaffee County","015","0150",19557,0,19476,19977,,19436,,19564,,19876,555555555,20178,555555555
"G0800170","Colorado","08","080","Cheyenne County","017","0170",2026,186,1748,1999,215,1691,157,1726,140,1732,142,1741,133
"G0800190","Colorado","08","080","Clear Creek County","019","0190",9495,0,9397,9533,,9427,,9403,,9358,555555555,9262,555555555
"G0800210","Colorado","08","080","Conejos County","021","0210",8128,0,7461,8130,,7579,,7553,,7536,555555555,7530,555555555
"G0800230","Colorado","08","080","Costilla County","023","0230",3745,0,3499,3810,,3517,,3534,,3571,555555555,3607,555555555
"G0800250","Colorado","08","080","Crowley County","025","0250",5754,0,5922,5733,,6018,,5782,,5734,555555555,5647,555555555
"G0800270","Colorado","08","080","Custer County","027","0270",4776,0,4704,4941,,4720,,4885,,5073,555555555,5247,555555555
"G0800290","Colorado","08","080","Delta County","029","0290",30565,0,31196,30758,,31133,,31173,,31353,555555555,31598,555555555
"G0800310","Colorado","08","080","Denver County","031","0310",705576,0,715522,715878,174,706799,,710800,,713734,555555555,718877,555555555
"G0800330","Colorado","08","080","Dolores County","033","0330",1857,186,2326,1896,215,2288,,2329,,2385,555555555,2432,555555555
"G0800350","Colorado","08","080","Douglas County","035","0350",336041,0,357978,344280,,351929,,360206,,368283,555555555,377150,555555555
"G0800370","Colorado","08","080","Eagle County","037","0370",54681,0,55731,54960,,55693,,55650,,55374,555555555,55135,555555555
"G0800410","Colorado","08","080","El Paso County","041","0410",698974,0,730395,710499,,722736,,730323,,736008,555555555,742999,555555555
"G0800390","Colorado","08","080","Elbert County","039","0390",25717,0,26062,26230,,25897,,26457,,27152,555555555,27874,555555555
"G0800430","Colorado","08","080","Fremont County","043","0430",47321,0,48939,47725,,49007,,49107,,49394,555555555,49634,555555555
"G0800450","Colorado","08","080","Garfield County","045","0450",59055,0,61685,59605,,61221,,61683,,62034,555555555,62479,555555555
"G0800470","Colorado","08","080","Gilpin County","047","0470",6018,0,5808,6108,,5812,,5856,,5877,555555555,5901,555555555
"G0800490","Colorado","08","080","Grand County","049","0490",15303,0,15717,15536,,15629,,15724,,15794,555555555,15895,555555555
"G0800510","Colorado","08","080","Gunnison County","051","0510",16802,0,16918,17119,,16851,,17018,,17158,555555555,17241,555555555
"G0800530","Colorado","08","080","Hinsdale County","053","0530",857,111,788,781,141,858,102,911,129,939,112,1005,117
"G0800550","Colorado","08","080","Huerfano County","055","0550",6679,0,6820,6769,,6787,,6896,,6946,555555555,6972,555555555
"G0800570","Colorado","08","080","Jackson County","057","0570",1261,128,1379,1316,164,1375,145,1440,138,1422,135,1372,122
"G0800590","Colorado","08","080","Jefferson County","059","0590",574798,0,582910,578795,,580130,,580519,,579715,555555555,579377,555555555
"G0800610","Colorado","08","080","Kiowa County","061","0610",1489,128,1446,1463,164,1414,145,1347,138,1356,135,1376,122
"G0800630","Colorado","08","080","Kit Carson County","063","0630",7447,0,7087,7246,,7071,,7039,,7015,555555555,7023,555555555
"G0800670","Colorado","08","080","La Plata County","067","0670",55617,0,55638,56138,,55673,,55983,,56088,555555555,56331,555555555
"G0800650","Colorado","08","080","Lake County","065","0650",7751,0,7436,7845,,7417,,7403,,7411,555555555,7380,555555555
"G0800690","Colorado","08","080","Larimer County","069","0690",344786,0,359066,350523,,354670,,359363,,363561,555555555,367368,555555555
"G0800710","Colorado","08","080","Las Animas County","071","0710",14266,0,14555,14323,,14531,,14422,,14392,555555555,14413,555555555
"G0800730","Colorado","08","080","Lincoln County","073","0730",5585,0,5675,5608,,5630,,5583,,5561,555555555,5550,555555555
"G0800750","Colorado","08","080","Logan County","075","0750",22380,0,21528,22282,,21765,,21302,,21067,555555555,20892,555555555
"G0800770","Colorado","08","080","Mesa County","077","0770",151218,0,155703,152962,,154685,,156131,,157316,555555555,158601,555555555
"G0800790","Colorado","08","080","Mineral County","079","0790",824,112,865,853,149,794,127,794,114,799,102,729,113
"G0800810","Colorado","08","080","Moffat County","081","0810",13127,0,13292,13150,,13240,,13232,,13258,555555555,13207,555555555
"G0800830","Colorado","08","080","Montezuma County","083","0830",26031,0,25849,26266,,25916,,26070,,26204,555555555,26412,555555555
"G0800850","Colorado","08","080","Montrose County","085","0850",41686,0,42679,42280,,42328,,42823,,43272,555555555,43807,555555555
"G0800870","Colorado","08","080","Morgan County","087","0870",28517,0,29111,28617,,28868,,29045,,29186,555555555,29520,555555555
"G0800890","Colorado","08","080","Otero County","089","0890",18282,0,18690,18284,,18665,,18580,,18460,555555555,18321,555555555
"G0800910","Colorado","08","080","Ouray County","091","0910",4796,0,4874,4890,,4850,,4936,,5024,555555555,5087,555555555
"G0800930","Colorado","08","080","Park County","093","0930",17867,0,17390,18345,,17384,,17597,,17739,555555555,17907,555555555
"G0800950","Colorado","08","080","Phillips County","095","0950",4290,0,4530,4343,,4497,,4493,,4491,555555555,4496,555555555
"G0800970","Colorado","08","080","Pitkin County","097","0970",17926,0,17358,17980,,17471,,17325,,17119,555555555,16985,555555555
"G0800990","Colorado","08","080","Prowers County","099","0990",12022,0,11999,12035,,11966,,11968,,11931,555555555,11910,555555555
"G0801010","Colorado","08","080","Pueblo County","101","1010",165982,0,168162,167412,,167453,,168135,,168726,555555555,169356,555555555
"G0801030","Colorado","08","080","Rio Blanco County","103","1030",6384,0,6529,6369,,6495,,6511,,6518,555555555,6544,555555555
"G0801050","Colorado","08","080","Rio Grande County","105","1050",11305,0,11539,11300,,11476,,11442,,11394,555555555,11321,555555555
"G0801070","Colorado","08","080","Routt County","107","1070",25072,0,24829,25317,,24899,,24944,,24990,555555555,25084,555555555
"G0801090","Colorado","08","080","Saguache County","109","1090",6592,0,6368,6730,,6369,,6454,,6511,555555555,6580,555555555
"G0801110","Colorado","08","080","San Juan County","111","1110",589,102,705,646,158,698,141,690,133,690,126,724,107
"G0801130","Colorado","08","080","San Miguel County","113","1130",8049,0,8072,8110,,8084,,8082,,8026,555555555,7968,555555555
"G0801150","Colorado","08","080","Sedgwick County","115","1150",2322,0,2404,2306,,2459,157,2391,140,2346,142,2304,133
"G0801170","Colorado","08","080","Summit County","117","1170",30649,0,31055,30735,,31042,,30955,,30857,555555555,31017,555555555
"G0801190","Colorado","08","080","Teller County","119","1190",24524,0,24710,24981,,24607,,24758,,24774,555555555,24825,555555555
"G0801210","Colorado","08","080","Washington County","121","1210",4868,0,4817,4869,,4834,,4817,,4839,555555555,4831,555555555
"G0801230","Colorado","08","080","Weld County","123","1230",305345,0,328981,315389,,322424,,331466,,340711,555555555,350396,555555555
"G0801250","Colorado","08","080","Yuma County","125","1250",10003,0,9988,10013,,9944,,9938,,9921,555555555,9979,555555555
"G0901100","Connecticut","09","090","Capitol Planning Region","110","1100",,,,,,,,977165,,969029,555555555,977290,555555555
"G0900010","Connecticut","09","090","Fairfield County","001","0010",943926,0,957419,944306,,956446,,,,,,,
"G0901200","Connecticut","09","090","Greater Bridgeport Planning Region","120","1200",,,,,,,,326381,,326296,555555555,329259,555555555
"G0900030","Connecticut","09","090","Hartford County","003","0030",893561,0,899498,892153,,898636,,,,,,,
"G0900050","Connecticut","09","090","Litchfield County","005","0050",182002,0,185186,181143,,185175,,,,,,,
"G0901300","Connecticut","09","090","Lower Connecticut River Valley Planning Region","130","1300",,,,,,,,175244,,174983,555555555,175822,555555555
"G0900070","Connecticut","09","090","Middlesex County","007","0070",163053,0,164245,162742,,164568,,,,,,,
"G0901400","Connecticut","09","090","Naugatuck Valley Planning Region","140","1400",,,,,,,,451887,,452303,555555555,454969,555555555
"G0900090","Connecticut","09","090","New Haven County","009","0090",857513,0,864835,855733,,864751,,,,,,,
"G0900110","Connecticut","09","090","New London County","011","0110",267390,0,268555,266868,,269131,,,,,,,
"G0901500","Connecticut","09","090","Northeastern Connecticut Planning Region","150","1500",,,,,,,,95687,,95829,555555555,96312,555555555
"G0901600","Connecticut","09","090","Northwest Hills Planning Region","160","1600",,,,,,,,112696,,112848,555555555,113216,555555555
"G0901700","Connecticut","09","090","South Central Connecticut Planning Region","170","1700",,,,,,,,571298,,566803,555555555,570598,555555555
"G0901800","Connecticut","09","090","Southeastern Connecticut Planning Region","180","1800",,,,,,,,280293,,279025,555555555,279971,555555555
"G0900130","Connecticut","09","090","Tolland County","013","0130",151063,0,149788,150947,,150120,,,,,,,
"G0901900","Connecticut","09","090","Western Connecticut Planning Region","190","1900",,,,,,,,620666,,621232,555555555,627071,555555555
"G0900150","Connecticut","09","090","Windham County","015","0150",116566,0,116418,116657,,116503,,,,,,,
"G1000010","Delaware","10","100","Kent County","001","0010",176699,0,181851,179124,,180078,,182400,,185043,555555555,187604,555555555
"G1000030","Delaware","10","100","New Castle County","003","0030",556165,0,570719,558306,,567769,,570567,,573030,555555555,577961,555555555
"G1000050","Delaware","10","100","Sussex County","005","0050",224384,0,237378,230249,,234045,,240668,,247799,555555555,255626,555555555
"G1100010","District of Columbia","11","110","District of Columbia","001","0010",692683,0,689545,701974,,683154,,670587,,672079,555555555,681294,555555555
"G1200010","Florida","12","120","Alachua County","001","0010",265443,0,278468,268105,,276171,,279729,,281751,555555555,285492,555555555
"G1200030","Florida","12","120","Baker County","003","0030",28211,0,28259,28679,,28003,,27969,,28186,555555555,28430,555555555
"G1200050","Florida","12","120","Bay County","005","0050",182161,0,175216,180076,,181384,,181055,,181368,555555555,186393,555555555
"G1200070","Florida","12","120","Bradford County","007","0070",27317,0,28303,27723,,27928,,27816,,27888,555555555,27885,555555555
"G1200090","Florida","12","120","Brevard County","009","0090",585507,0,606612,594001,,601573,,610723,,620533,555555555,632780,555555555
"G1200110","Florida","12","120","Broward County","011","0110",1926205,0,1944375,1942273,,1934551,,1940907,,1946127,555555555,1977129,555555555
"G1200130","Florida","12","120","Calhoun County","013","0130",14362,0,13648,14324,,13863,,13753,,13593,555555555,13492,555555555
"G1200150","Florida","12","120","Charlotte County","015","0150",181067,0,186847,185926,,184837,,189900,,195083,555555555,201064,555555555
"G1200170","Florida","12","120","Citrus County","017","0170",145169,0,153843,147938,,151888,,155173,,158693,555555555,162472,555555555
"G1200190","Florida","12","120","Clay County","019","0190",211405,0,218245,215294,,216308,,219650,,223436,555555555,227584,555555555
"G1200210","Florida","12","120","Collier County","021","0210",371453,0,375752,379345,,372797,,380221,,387681,555555555,398291,555555555
"G1200230","Florida","12","120","Columbia County","023","0230",69968,0,69698,70898,,69265,,69832,,70755,555555555,71789,555555555
"G1200270","Florida","12","120","DeSoto County","027","0270",36903,0,33976,37371,,34027,,34258,,34719,555555555,35386,555555555
"G1200290","Florida","12","120","Dixie County","029","0290",16589,0,16759,16740,,16701,,16737,,16952,555555555,17058,555555555
"G1200310","Florida","12","120","Duval County","031","0310",936186,0,995567,948651,,983153,,995708,,1007189,555555555,1023153,555555555
"G1200330","Florida","12","120","Escambia County","033","0330",313491,0,321905,316691,,318828,,321296,,323275,555555555,325923,555555555
"G1200350","Florida","12","120","Flagler County","035","0350",109801,0,115378,112854,,113888,,117515,,121710,555555555,126528,555555555
"G1200370","Florida","12","120","Franklin County","037","0370",11811,0,12451,11914,,12232,,12276,,12418,555555555,12553,555555555
"G1200390","Florida","12","120","Gadsden County","039","0390",45945,0,43826,45787,,44233,,43746,,43642,555555555,43710,555555555
"G1200410","Florida","12","120","Gilchrist County","041","0410",17953,0,17864,18245,,17759,,18070,,18494,555555555,19040,555555555
"G1200430","Florida","12","120","Glades County","043","0430",13516,0,12126,13777,,12183,,12179,,12324,555555555,12563,555555555
"G1200450","Florida","12","120","Gulf County","045","0450",15576,0,14192,15073,,15205,,15002,,14772,555555555,15131,555555555
"G1200470","Florida","12","120","Hamilton County","047","0470",14326,0,14004,14397,,13973,,13492,,13445,555555555,13616,555555555
"G1200490","Florida","12","120","Hardee County","049","0490",27131,0,25327,27027,,25632,,25528,,25508,555555555,25675,555555555
"G1200510","Florida","12","120","Hendry County","051","0510",40732,0,39619,41472,,39439,,39902,,40798,555555555,42382,555555555
"G1200530","Florida","12","120","Hernando County","053","0530",186313,0,194515,190700,,192128,,196621,,201512,555555555,207018,555555555
"G1200550","Florida","12","120","Highlands County","055","0550",103437,0,101235,104574,,101174,,102339,,103808,555555555,105702,555555555
"G1200570","Florida","12","120","Hillsborough County","057","0570",1422278,0,1459762,1451358,,1444359,,1468560,,1489634,555555555,1522748,555555555
"G1200590","Florida","12","120","Holmes County","059","0590",19432,0,19653,19530,,19622,,19529,,19626,555555555,19513,555555555
"G1200610","Florida","12","120","Indian River County","061","0610",153989,0,159788,156964,,158002,,160986,,163856,555555555,166936,555555555
"G1200630","Florida","12","120","Jackson County","063","0630",47945,0,47319,47409,,48067,,47704,,47652,555555555,48250,555555555
"G1200650","Florida","12","120","Jefferson County","065","0650",14161,0,14510,14278,,14405,,14458,,14713,555555555,15091,555555555
"G1200670","Florida","12","120","Lafayette County","067","0670",8637,0,8226,8576,,8343,,8107,,8035,555555555,8161,555555555
"G1200690","Florida","12","120","Lake County","069","0690",345867,0,383956,356115,,375059,,386829,,398696,555555555,412924,555555555
"G1200710","Florida","12","120","Lee County","071","0710",737468,0,760822,756570,,752251,,772902,,792692,555555555,817666,555555555
"G1200730","Florida","12","120","Leon County","073","0730",289770,0,292198,291863,,290965,,294128,,295335,555555555,297542,555555555
"G1200750","Florida","12","120","Levy County","075","0750",40403,0,42915,40979,,42392,,43268,,44276,555555555,45391,555555555
"G1200770","Florida","12","120","Liberty County","077","0770",8345,0,7974,8333,,7987,,7704,,7650,555555555,7687,555555555
"G1200790","Florida","12","120","Madison County","079","0790",18460,0,17968,18557,,18051,,17986,,18113,555555555,18089,555555555
"G1200810","Florida","12","120","Manatee County","081","0810",384213,0,399710,393847,,394824,,405069,,416020,555555555,429792,555555555
"G1200830","Florida","12","120","Marion County","083","0830",353526,0,375908,360210,,370372,,378225,,387697,555555555,400078,555555555
"G1200850","Florida","12","120","Martin County","085","0850",159065,0,158431,160420,,158323,,159399,,160464,555555555,162176,555555555
"G1200860","Florida","12","120","Miami-Dade County","086","0860",2699428,0,2701767,2705528,,2690113,,2688237,,2685296,555555555,2738356,555555555
"G1200870","Florida","12","120","Monroe County","087","0870",75798,0,82874,75137,,82244,,82044,,81840,555555555,81860,555555555
"G1200890","Florida","12","120","Nassau County","089","0890",83098,0,90352,85762,,88492,,91538,,94653,555555555,97859,555555555
"G1200910","Florida","12","120","Okaloosa County","091","0910",203794,0,211668,207430,,209230,,212021,,214281,555555555,216599,555555555
"G1200930","Florida","12","120","Okeechobee County","093","0930",41144,0,39644,41611,,39716,,39870,,40249,555555555,40816,555555555
"G1200950","Florida","12","120","Orange County","095","0950",1349746,0,1429908,1373784,,1409949,,1427403,,1440471,555555555,1471937,555555555
"G1200970","Florida","12","120","Osceola County","097","0970",351955,0,388656,363666,,380331,,393745,,406943,555555555,427415,555555555
"G1200990","Florida","12","120","Palm Beach County","099","0990",1465027,0,1492191,1482057,,1481233,,1494805,,1507453,555555555,1533806,555555555
"G1201010","Florida","12","120","Pasco County","101","1010",524602,0,561891,539885,,551598,,569211,,588758,555555555,611444,555555555
"G1201030","Florida","12","120","Pinellas County","103","1030",964666,0,959107,970985,,957989,,959918,,960565,555555555,963481,555555555
"G1201050","Florida","12","120","Polk County","105","1050",686218,0,725046,705735,,713148,,736229,,760961,555555555,790694,555555555
"G1201070","Florida","12","120","Putnam County","107","1070",73252,0,73321,73784,,73147,,73604,,74235,555555555,75164,555555555
"G1201130","Florida","12","120","Santa Rosa County","113","1130",174755,0,188000,179587,,184345,,188994,,193719,555555555,198472,555555555
"G1201150","Florida","12","120","Sarasota County","115","1150",419496,0,434006,427766,,429336,,439392,,449011,555555555,459547,555555555
"G1201170","Florida","12","120","Seminole County","117","1170",461402,0,470856,466695,,467382,,471321,,474912,555555555,481470,555555555
"G1201090","Florida","12","120","St. Johns County","109","1090",244674,0,273425,255410,,265724,,278722,,292243,555555555,306934,555555555
"G1201110","Florida","12","120","St. Lucie County","111","1110",312947,0,329226,320914,,324599,,334682,,346237,555555555,360500,555555555
"G1201190","Florida","12","120","Sumter County","119","1190",125044,0,129752,129938,,127335,,131832,,137536,555555555,143408,555555555
"G1201210","Florida","12","120","Suwannee County","121","1210",44046,0,43474,44290,,43514,,43881,,44484,555555555,45342,555555555
"G1201230","Florida","12","120","Taylor County","123","1230",21870,0,21796,21709,,21762,,21421,,21422,555555555,21503,555555555
"G1201250","Florida","12","120","Union County","125","1250",15303,0,16147,15282,,16141,,15524,,15551,555555555,15701,555555555
"G1201270","Florida","12","120","Volusia County","127","1270",536487,0,553543,546107,,548783,,558520,,568229,555555555,579622,555555555
"G1201290","Florida","12","120","Wakulla County","129","1290",32321,0,33764,32855,,33144,,33732,,34608,555555555,35387,555555555
"G1201310","Florida","12","120","Walton County","131","1310",68262,0,75305,71049,,73456,,76618,,79846,555555555,82948,555555555
"G1201330","Florida","12","120","Washington County","133","1330",24764,0,25318,25094,,24906,,25014,,25259,555555555,25529,555555555
"G1300010","Georgia","13","130","Appling County","001","0010",18440,0,18444,18428,,18509,,18441,,18426,555555555,18493,555555555
"G1300030","Georgia","13","130","Atkinson County","003","0030",8239,0,8286,8311,,8269,,8265,,8261,555555555,8337,555555555
"G1300050","Georgia","13","130","Bacon County","005","0050",11201,0,11140,11140,,11163,,11138,,11129,555555555,11109,555555555
"G1300070","Georgia","13","130","Baker County","007","0070",3132,0,2876,3090,,2928,,2878,,2830,555555555,2790,555555555
"G1300090","Georgia","13","130","Baldwin County","009","0090",45111,0,43799,45072,,43876,,43778,,43669,555555555,43642,555555555
"G1300110","Georgia","13","130","Banks County","011","0110",18708,0,18035,18900,21,18061,,18381,,18757,555555555,19264,555555555
"G1300130","Georgia","13","130","Barrow County","013","0130",78991,0,83505,81294,,82138,,84399,,86982,555555555,89886,555555555
"G1300150","Georgia","13","130","Bartow County","015","0150",104919,0,108901,106456,,107868,,109410,,111153,555555555,113113,555555555
"G1300170","Georgia","13","130","Ben Hill County","017","0170",17033,0,17194,16889,,17237,,17169,,17138,555555555,17089,555555555
"G1300190","Georgia","13","130","Berrien County","019","0190",19152,0,18160,19206,,18195,,18187,,18257,555555555,18352,555555555
"G1300210","Georgia","13","130","Bibb County","021","0210",153200,0,157346,153026,,156711,,156554,,156543,555555555,156578,555555555
"G1300230","Georgia","13","130","Bleckley County","023","0230",12807,0,12583,12870,,12562,,12413,,12414,555555555,12430,555555555
"G1300250","Georgia","13","130","Brantley County","025","0250",18756,0,18021,18924,,18072,,18105,,18171,555555555,18315,555555555
"G1300270","Georgia","13","130","Brooks County","027","0270",15590,0,16301,15548,,16254,,16275,,16285,555555555,16293,555555555
"G1300290","Georgia","13","130","Bryan County","029","0290",37063,0,44738,38321,,43278,,44995,,46681,555555555,48263,555555555
"G1300310","Georgia","13","130","Bulloch County","031","0310",76120,0,81099,77719,,79635,,79829,,81372,555555555,82683,555555555
"G1300330","Georgia","13","130","Burke County","033","0330",22520,0,24596,22567,,24231,,24337,,24427,555555555,24470,555555555
"G1300350","Georgia","13","130","Butts County","035","0350",24090,0,25434,24463,,24950,,25522,,26074,555555555,26496,555555555
"G1300370","Georgia","13","130","Calhoun County","037","0370",6365,0,5573,6301,,5668,,5594,,5528,555555555,5498,555555555
"G1300390","Georgia","13","130","Camden County","039","0390",53231,0,54768,53960,,54256,,55105,,56036,555555555,56970,555555555
"G1300430","Georgia","13","130","Candler County","043","0430",10812,0,10981,10834,,10885,,10946,,10972,555555555,11043,555555555
"G1300450","Georgia","13","130","Carroll County","045","0450",117183,0,119148,118692,,118402,,120060,,122187,555555555,124569,555555555
"G1300470","Georgia","13","130","Catoosa County","047","0470",66700,0,67872,67181,,67579,,68052,,68356,555555555,68634,555555555
"G1300490","Georgia","13","130","Charlton County","049","0490",13040,0,12518,13032,,12416,,12547,,12711,555555555,12818,555555555
"G1300510","Georgia","13","130","Chatham County","051","0510",288496,0,295291,289649,,294815,,296266,,298143,555555555,300879,555555555
"G1300530","Georgia","13","130","Chattahoochee County","053","0530",10560,0,9565,10470,,9533,,9402,,9181,555555555,8887,555555555
"G1300550","Georgia","13","130","Chattooga County","055","0550",24812,0,24965,24826,,24898,,24902,,24975,555555555,25036,555555555
"G1300570","Georgia","13","130","Cherokee County","057","0570",247515,0,266620,253780,,262155,,268567,,274539,555555555,281032,555555555
"G1300590","Georgia","13","130","Clarke County","059","0590",126176,0,128671,126952,,128195,,128864,,129267,555555555,129609,555555555
"G1300610","Georgia","13","130","Clay County","061","0610",2951,0,2848,2931,,2883,,2855,,2853,555555555,2850,555555555
"G1300630","Georgia","13","130","Clayton County","063","0630",283538,0,297595,287560,,294335,,296312,,298771,555555555,298924,555555555
"G1300650","Georgia","13","130","Clinch County","065","0650",6686,0,6749,6648,,6737,,6713,,6722,555555555,6759,555555555
"G1300670","Georgia","13","130","Cobb County","067","0670",751218,0,766149,756653,,762500,,765813,,769152,555555555,775208,555555555
"G1300690","Georgia","13","130","Coffee County","069","0690",43021,0,43092,43070,,43048,,43056,,43161,555555555,43347,555555555
"G1300710","Georgia","13","130","Colquitt County","071","0710",45486,0,45898,45510,,45800,,45813,,45907,555555555,46224,555555555
"G1300730","Georgia","13","130","Columbia County","073","0730",150705,0,156010,154257,,154274,,156921,,159638,555555555,162434,555555555
"G1300750","Georgia","13","130","Cook County","075","0750",17177,0,17229,17217,,17188,,17242,,17363,555555555,17532,555555555
"G1300770","Georgia","13","130","Coweta County","077","0770",143260,0,146158,145839,,144928,,147449,,150071,555555555,152852,555555555
"G1300790","Georgia","13","130","Crawford County","079","0790",12325,0,12130,12267,,12159,,12156,,12183,555555555,12225,555555555
"G1300810","Georgia","13","130","Crisp County","081","0810",22713,0,20128,22509,,20524,,20255,,19995,555555555,19790,555555555
"G1300830","Georgia","13","130","Dade County","083","0830",16197,0,16251,16183,,16313,,16239,,16196,555555555,16165,555555555
"G1300850","Georgia","13","130","Dawson County","085","0850",24536,0,26798,25277,,26202,,27355,,28704,555555555,30242,555555555
"G1300890","Georgia","13","130","DeKalb County","089","0890",749323,0,764382,755287,,758634,,761209,,762105,555555555,765351,555555555
"G1300870","Georgia","13","130","Decatur County","087","0870",26682,0,29367,26595,,29020,,29063,,29118,555555555,29195,555555555
"G1300910","Georgia","13","130","Dodge County","091","0910",20829,0,19925,20725,,20089,,19977,,19909,555555555,19805,555555555
"G1300930","Georgia","13","130","Dooly County","093","0930",13736,0,11208,13571,,11546,,11236,,11026,555555555,10984,555555555
"G1300950","Georgia","13","130","Dougherty County","095","0950",89703,0,85790,88696,,86825,,85038,,83915,555555555,83091,555555555
"G1300970","Georgia","13","130","Douglas County","097","0970",143316,0,144237,145063,,143520,,144735,,146141,555555555,147888,555555555
"G1300990","Georgia","13","130","Early County","099","0990",10312,0,10854,10218,,10813,,10753,,10683,555555555,10603,555555555
"G1301010","Georgia","13","130","Echols County","101","1010",3981,0,3697,3944,,3691,,3707,,3705,555555555,3709,555555555
"G1301030","Georgia","13","130","Effingham County","103","1030",60477,0,64769,62241,,63448,,65314,,67265,555555555,69143,555555555
"G1301050","Georgia","13","130","Elbert County","105","1050",19166,0,19637,19164,,19453,,19570,,19725,555555555,19849,555555555
"G1301070","Georgia","13","130","Emanuel County","107","1070",22533,0,22768,22525,,22739,,22907,,22961,555555555,23026,555555555
"G1301090","Georgia","13","130","Evans County","109","1090",10687,0,10774,10671,,10761,,10759,,10740,555555555,10757,555555555
"G1301110","Georgia","13","130","Fannin County","111","1110",25395,0,25319,25797,,25198,,25436,,25605,555555555,25742,555555555
"G1301130","Georgia","13","130","Fayette County","113","1130",112303,0,119194,113544,,117828,,119259,,120689,555555555,122244,555555555
"G1301150","Georgia","13","130","Floyd County","115","1150",97369,0,98584,97805,,98210,,98541,,98985,555555555,99693,555555555
"G1301170","Georgia","13","130","Forsyth County","117","1170",228383,0,251283,236605,,245754,,253225,,260062,555555555,267287,555555555
"G1301190","Georgia","13","130","Franklin County","119","1190",22766,0,23424,23015,,23256,,23480,,23840,555555555,24234,555555555
"G1301210","Georgia","13","130","Fulton County","121","1210",1036200,0,1066710,1051550,,1054286,,1061944,,1068507,555555555,1076561,555555555
"G1301230","Georgia","13","130","Gilmer County","123","1230",30414,0,31353,30986,,31047,,31519,,31976,555555555,32426,555555555
"G1301250","Georgia","13","130","Glascock County","125","1250",2996,0,2884,2984,,2903,,2903,,2913,555555555,2932,555555555
"G1301270","Georgia","13","130","Glynn County","127","1270",84470,0,84499,85008,,84373,,84566,,84987,555555555,85447,555555555
"G1301290","Georgia","13","130","Gordon County","129","1290",57202,0,57544,57756,,57274,,57785,,58336,555555555,59100,555555555
"G1301310","Georgia","13","130","Grady County","131","1310",24828,0,26236,24693,,26076,,26075,,26056,555555555,26108,555555555
"G1301330","Georgia","13","130","Greene County","133","1330",17349,0,18915,17808,,18461,,19020,,19586,555555555,20109,555555555
"G1301350","Georgia","13","130","Gwinnett County","135","1350",915046,0,957062,926414,,948505,,957977,,966972,555555555,979864,555555555
"G1301370","Georgia","13","130","Habersham County","137","1370",44626,0,46031,45204,,45767,,46326,,46948,555555555,47793,555555555
"G1301390","Georgia","13","130","Hall County","139","1390",198667,0,203136,201434,21,201703,,204953,,208395,555555555,212705,555555555
"G1301410","Georgia","13","130","Hancock County","141","1410",8515,0,8735,8500,,8652,,8588,,8630,555555555,8650,555555555
"G1301430","Georgia","13","130","Haralson County","143","1430",29227,0,29919,29608,,29685,,30178,,30720,555555555,31285,555555555
"G1301450","Georgia","13","130","Harris County","145","1450",34105,0,34668,34676,,34316,,34914,,35509,555555555,36086,555555555
"G1301470","Georgia","13","130","Hart County","147","1470",25773,0,25828,25981,,25808,,26110,,26484,555555555,26939,555555555
"G1301490","Georgia","13","130","Heard County","149","1490",11736,0,11412,11785,,11440,,11489,,11616,555555555,11773,555555555
"G1301510","Georgia","13","130","Henry County","151","1510",225356,0,240712,229994,,236615,,240853,,245417,555555555,249960,555555555
"G1301530","Georgia","13","130","Houston County","153","1530",153507,0,163633,155317,,161177,,164117,,166902,555555555,169649,555555555
"G1301550","Georgia","13","130","Irwin County","155","1550",9320,0,9666,9379,,9615,,9487,,9385,555555555,9285,555555555
"G1301570","Georgia","13","130","Jackson County","157","1570",67885,0,75907,70467,,73839,,77033,,80640,555555555,84757,555555555
"G1301590","Georgia","13","130","Jasper County","159","1590",13916,0,14588,14074,,14478,,14882,,15345,555555555,15929,555555555
"G1301610","Georgia","13","130","Jeff Davis County","161","1610",15036,0,14779,15063,,14753,,14791,,14838,555555555,14924,555555555
"G1301630","Georgia","13","130","Jefferson County","163","1630",15618,0,15709,15489,,15708,,15591,,15468,555555555,15341,555555555
"G1301650","Georgia","13","130","Jenkins County","165","1650",8793,0,8674,8787,,8693,,8704,,8674,555555555,8711,555555555
"G1301670","Georgia","13","130","Johnson County","167","1670",9691,0,9189,9717,,9272,,9225,,9192,555555555,9190,555555555
"G1301690","Georgia","13","130","Jones County","169","1690",28579,0,28347,28622,,28297,,28382,,28526,555555555,28673,555555555
"G1301710","Georgia","13","130","Lamar County","171","1710",18672,0,18500,18834,,18482,,18676,,19098,555555555,19571,555555555
"G1301730","Georgia","13","130","Lanier County","173","1730",10380,0,9877,10534,,9874,,9964,,10094,555555555,10221,555555555
"G1301750","Georgia","13","130","Laurens County","175","1750",47405,0,49570,47404,,49202,,49407,,49619,555555555,49798,555555555
"G1301770","Georgia","13","130","Lee County","177","1770",29502,0,33163,29735,,32547,,32968,,33337,555555555,33626,555555555
"G1301790","Georgia","13","130","Liberty County","179","1790",61349,0,65256,62039,,64334,,65550,,66826,555555555,67397,555555555
"G1301810","Georgia","13","130","Lincoln County","181","1810",7856,0,7690,7929,,7686,,7726,,7773,555555555,7854,555555555
"G1301830","Georgia","13","130","Long County","183","1830",18692,0,16168,19236,,16398,,16804,,17512,555555555,18374,555555555
"G1301850","Georgia","13","130","Lowndes County","185","1850",115364,0,118251,116436,,117437,,118257,,119055,555555555,119965,555555555
"G1301870","Georgia","13","130","Lumpkin County","187","1870",32402,0,33488,33009,,33188,,33405,,33931,555555555,34505,555555555
"G1301930","Georgia","13","130","Macon County","193","1930",13305,0,12082,13107,,12330,,12099,,11953,555555555,11864,555555555
"G1301950","Georgia","13","130","Madison County","195","1950",29218,0,30120,29624,,29906,,30378,,30914,555555555,31528,555555555
"G1301970","Georgia","13","130","Marion County","197","1970",8432,0,7498,8450,,7563,,7508,,7474,555555555,7509,555555555
"G1301890","Georgia","13","130","McDuffie County","189","1890",21455,0,21632,21404,,21727,,21715,,21687,555555555,21718,555555555
"G1301910","Georgia","13","130","McIntosh County","191","1910",14174,0,10975,14217,,11291,,11183,,11187,555555555,11312,555555555
"G1301990","Georgia","13","130","Meriwether County","199","1990",21106,0,20613,21080,,20659,,20679,,20757,555555555,20929,555555555
"G1302010","Georgia","13","130","Miller County","201","2010",5787,0,6000,5725,,5984,,5923,,5873,555555555,5850,555555555
"G1302050","Georgia","13","130","Mitchell County","205","2050",22244,0,21755,22072,,21940,,21634,,21441,555555555,21058,555555555
"G1302070","Georgia","13","130","Monroe County","207","2070",27171,0,27957,27455,,27825,,28287,,28919,555555555,29664,555555555
"G1302090","Georgia","13","130","Montgomery County","209","2090",9058,0,8610,9069,,8701,,8687,,8675,555555555,8640,555555555
"G1302110","Georgia","13","130","Morgan County","211","2110",18507,0,20097,18832,,19694,,20171,,20614,555555555,21078,555555555
"G1302130","Georgia","13","130","Murray County","213","2130",39724,0,39973,39789,,39853,,40063,,40282,555555555,40562,555555555
"G1302150","Georgia","13","130","Muscogee County","215","2150",195739,0,206922,195418,,204366,,204572,,204383,555555555,203711,555555555
"G1302170","Georgia","13","130","Newton County","217","2170",108079,0,112483,109835,,111262,,113298,,115530,555555555,118152,555555555
"G1302190","Georgia","13","130","Oconee County","219","2190",38132,0,41799,39194,,41006,,41978,,42788,555555555,43551,555555555
"G1302210","Georgia","13","130","Oglethorpe County","221","2210",14931,0,14825,15040,,14779,,14974,,15221,555555555,15509,555555555
"G1302230","Georgia","13","130","Paulding County","223","2230",159825,0,168661,164440,,165688,,169898,,174292,555555555,178909,555555555
"G1302250","Georgia","13","130","Peach County","225","2250",27145,0,27981,27502,,27822,,28054,,28269,555555555,28560,555555555
"G1302270","Georgia","13","130","Pickens County","227","2270",31387,0,33216,32002,,32814,,33439,,34197,555555555,34951,555555555
"G1302290","Georgia","13","130","Pierce County","229","2290",19250,0,19716,19336,,19644,,19822,,19996,555555555,20202,555555555
"G1302310","Georgia","13","130","Pike County","231","2310",18327,0,18889,18565,,18754,,19145,,19540,555555555,19903,555555555
"G1302330","Georgia","13","130","Polk County","233","2330",41908,0,42853,42251,,42692,,43019,,43365,555555555,43785,555555555
"G1302350","Georgia","13","130","Pulaski County","235","2350",11216,0,9855,11185,,10001,,9887,,9893,555555555,9939,555555555
"G1302370","Georgia","13","130","Putnam County","237","2370",21691,0,22047,21906,,21870,,22206,,22524,555555555,22855,555555555
"G1302390","Georgia","13","130","Quitman County","239","2390",2289,180,2235,2290,256,2249,251,2180,273,2092,238,2264,555555555
"G1302410","Georgia","13","130","Rabun County","241","2410",16645,0,16883,16859,,16731,,16915,,17107,555555555,17312,555555555
"G1302430","Georgia","13","130","Randolph County","243","2430",6973,0,6425,6888,,6503,,6365,,6270,555555555,6196,555555555
"G1302450","Georgia","13","130","Richmond County","245","2450",201852,0,206607,202178,,205772,,206153,,206040,555555555,206069,555555555
"G1302470","Georgia","13","130","Rockdale County","247","2470",89717,0,93570,90155,,92983,,93641,,94293,555555555,95281,555555555
"G1302490","Georgia","13","130","Schley County","249","2490",5221,0,4547,5215,,4622,,4565,,4539,555555555,4513,555555555
"G1302510","Georgia","13","130","Screven County","251","2510",13989,0,14067,13977,,14028,,14026,,14057,555555555,14130,555555555
"G1302530","Georgia","13","130","Seminole County","253","2530",8321,0,9147,8218,,9108,,9117,,9117,555555555,9156,555555555
"G1302550","Georgia","13","130","Spalding County","255","2550",65306,0,67306,66043,,66722,,67415,,68215,555555555,68892,555555555
"G1302570","Georgia","13","130","Stephens County","257","2570",25750,0,26784,25934,,26641,,26732,,26842,555555555,27012,555555555
"G1302590","Georgia","13","130","Stewart County","259","2590",6293,0,5314,6446,,5347,,5121,,4978,555555555,4869,555555555
"G1302610","Georgia","13","130","Sumter County","261","2610",30064,0,29616,29714,,29690,,29378,,29174,555555555,29061,555555555
"G1302630","Georgia","13","130","Talbot County","263","2630",6321,0,5733,6245,,5837,,5793,,5753,555555555,5742,555555555
"G1302650","Georgia","13","130","Taliaferro County","265","2650",1611,180,1559,1596,256,1574,249,1635,273,1740,238,1558,222
"G1302670","Georgia","13","130","Tattnall County","267","2670",25382,0,22842,25392,,23211,,24309,,24215,555555555,24208,555555555
"G1302690","Georgia","13","130","Taylor County","269","2690",8116,0,7816,8126,,7857,,7799,,7786,555555555,7786,555555555
"G1302710","Georgia","13","130","Telfair County","271","2710",16035,0,12477,15871,,12860,,12619,,12174,555555555,11831,555555555
"G1302730","Georgia","13","130","Terrell County","273","2730",8737,0,9185,8654,,9102,,9004,,8941,555555555,8850,555555555
"G1302750","Georgia","13","130","Thomas County","275","2750",44630,0,45798,44545,,45669,,45665,,45696,555555555,45777,555555555
"G1302770","Georgia","13","130","Tift County","277","2770",40541,0,41344,40590,,41148,,41247,,41322,555555555,41438,555555555
"G1302790","Georgia","13","130","Toombs County","279","2790",26972,0,27030,26947,,26956,,26946,,26943,555555555,27102,555555555
"G1302810","Georgia","13","130","Towns County","281","2810",11617,0,12493,11815,,12300,,12546,,12739,555555555,12913,555555555
"G1302830","Georgia","13","130","Treutlen County","283","2830",6795,0,6406,6787,,6410,,6411,,6387,555555555,6376,555555555
"G1302850","Georgia","13","130","Troup County","285","2850",69919,0,69426,70095,,69483,,69527,,69821,555555555,70330,555555555
"G1302870","Georgia","13","130","Turner County","287","2870",7943,0,9006,7920,,8856,,8894,,8915,555555555,8939,555555555
"G1302890","Georgia","13","130","Twiggs County","289","2890",8229,0,8022,8195,,8034,,7955,,7869,555555555,7803,555555555
"G1302910","Georgia","13","130","Union County","291","2910",23288,0,24632,23999,,24183,,24880,,25598,555555555,26304,555555555
"G1302930","Georgia","13","130","Upson County","293","2930",26236,0,27700,26329,,27424,,27638,,27856,555555555,28029,555555555
"G1302950","Georgia","13","130","Walker County","295","2950",69039,0,67654,69398,,67772,,68065,,68449,555555555,68762,555555555
"G1302970","Georgia","13","130","Walton County","297","2970",91442,0,96673,93284,,95453,,97752,,100361,555555555,103313,555555555
"G1302990","Georgia","13","130","Ware County","299","2990",35593,0,36251,35745,,36084,,35917,,35958,555555555,35976,555555555
"G1303010","Georgia","13","130","Warren County","301","3010",5297,0,5215,5259,,5218,,5197,,5175,555555555,5170,555555555
"G1303030","Georgia","13","130","Washington County","303","3030",20436,0,19988,20316,,20052,,19975,,19893,555555555,19849,555555555
"G1303050","Georgia","13","130","Wayne County","305","3050",29788,0,30144,29959,,30118,,30277,,30519,555555555,30949,555555555
"G1303070","Georgia","13","130","Webster County","307","3070",2610,0,2348,2587,,2372,,2354,,2348,555555555,2381,222
"G1303090","Georgia","13","130","Wheeler County","309","3090",7928,0,7471,7897,,7568,,7550,,7434,555555555,7335,555555555
"G1303110","Georgia","13","130","White County","311","3110",29489,0,28003,29962,,27886,,28165,,28454,555555555,28810,555555555
"G1303130","Georgia","13","130","Whitfield County","313","3130",104237,0,102864,104122,,103076,,103033,,103118,555555555,103598,555555555
"G1303150","Georgia","13","130","Wilcox County","315","3150",8824,0,8766,8701,,8841,,8839,,8784,555555555,8798,555555555
"G1303170","Georgia","13","130","Wilkes County","317","3170",9844,0,9565,9797,,9643,,9610,,9553,555555555,9549,555555555
"G1303190","Georgia","13","130","Wilkinson County","319","3190",9010,0,8877,8945,,8931,,8852,,8795,555555555,8747,555555555
"G1303210","Georgia","13","130","Worth County","321","3210",20494,0,20784,20346,,20824,,20706,,20575,555555555,20451,555555555
"G1500010","Hawaii","15","150","Hawaii County","001","0010",199459,0,200629,201350,,200468,,202163,,203684,555555555,205769,555555555
"G1500030","Hawaii","15","150","Honolulu County","003","0030",984821,0,1016508,979682,,1015167,,1010100,,1003666,555555555,1001146,555555555
"G1500050","Hawaii","15","150","Kalawao County","005","0050",66,15,82,436,184,48,17,50,21,43,17,67,25
"G1500070","Hawaii","15","150","Kauai County","007","0070",71769,0,73298,71949,,73247,,73511,,73610,555555555,73731,555555555
"G1500090","Hawaii","15","150","Maui County","009","0090",165979,15,164754,166657,184,164568,17,164765,21,164632,17,164522,25
"G1600010","Idaho","16","160","Ada County","001","0010",456849,0,494967,469473,,485246,,497494,,508052,555555555,518935,555555555
"G1600030","Idaho","16","160","Adams County","003","0030",4097,0,4379,4200,,4321,,4464,,4599,555555555,4744,555555555
"G1600050","Idaho","16","160","Bannock County","005","0050",85765,0,87018,86742,,86362,,87434,,88457,555555555,89454,555555555
"G1600070","Idaho","16","160","Bear Lake County","007","0070",6000,0,6372,6054,,6327,,6436,,6552,555555555,6650,555555555
"G1600090","Idaho","16","160","Benewah County","009","0090",9138,0,9530,9231,,9509,,9731,,9913,555555555,10142,555555555
"G1600110","Idaho","16","160","Bingham County","011","0110",45839,0,47992,46246,,47540,,48253,,48993,555555555,49664,555555555
"G1600130","Idaho","16","160","Blaine County","013","0130",22373,0,24272,22729,,23868,,24248,,24579,555555555,24951,555555555
"G1600150","Idaho","16","160","Boise County","015","0150",7378,0,7610,7625,,7549,,7809,,8045,555555555,8273,555555555
"G1600170","Idaho","16","160","Bonner County","017","0170",43611,0,47110,44688,,46481,,47976,,49456,555555555,51049,555555555
"G1600190","Idaho","16","160","Bonneville County","019","0190",114392,0,123964,116970,,121771,,124490,,127056,555555555,129523,555555555
"G1600210","Idaho","16","160","Boundary County","021","0210",11845,0,12056,12156,,11966,,12335,,12695,555555555,13172,555555555
"G1600230","Idaho","16","160","Butte County","023","0230",2581,0,2574,2603,,2573,,2605,,2654,555555555,2684,555555555
"G1600250","Idaho","16","160","Camas County","025","0250",1048,125,1077,1069,143,1044,152,1133,138,1155,155,1124,148
"G1600270","Idaho","16","160","Canyon County","027","0270",217633,0,231105,223890,,227367,,235006,,242405,555555555,250790,555555555
"G1600290","Idaho","16","160","Caribou County","029","0290",6953,0,7027,7028,,7003,,7058,,7118,555555555,7162,555555555
"G1600310","Idaho","16","160","Cassia County","031","0310",23690,0,24655,23847,,24469,,24859,,25165,555555555,25483,555555555
"G1600330","Idaho","16","160","Clark County","033","0330",913,125,790,885,143,839,152,756,138,776,155,849,148
"G1600350","Idaho","16","160","Clearwater County","035","0350",8673,0,8734,8735,,8719,,8810,,8921,555555555,9012,555555555
"G1600370","Idaho","16","160","Custer County","037","0370",4169,0,4275,4193,,4273,,4344,,4411,555555555,4470,555555555
"G1600390","Idaho","16","160","Elmore County","039","0390",26743,0,28666,27043,,28396,,28752,,29046,555555555,29321,555555555
"G1600410","Idaho","16","160","Franklin County","041","0410",13464,0,14194,13736,,14036,,14376,,14715,555555555,15056,555555555
"G1600430","Idaho","16","160","Fremont County","043","0430",13020,0,13388,13111,,13370,,13519,,13701,555555555,13943,555555555
"G1600450","Idaho","16","160","Gem County","045","0450",17331,0,19123,17771,,18692,,19250,,19854,555555555,20614,555555555
"G1600470","Idaho","16","160","Gooding County","047","0470",15148,0,15598,15280,,15422,,15520,,15740,555555555,15931,555555555
"G1600490","Idaho","16","160","Idaho County","049","0490",16411,0,16541,16511,,16494,,16787,,17120,555555555,17432,555555555
"G1600510","Idaho","16","160","Jefferson County","051","0510",28534,0,30891,29238,,30427,,31383,,32234,555555555,33154,555555555
"G1600530","Idaho","16","160","Jerome County","053","0530",23730,0,24237,24074,,24081,,24474,,24788,555555555,25173,555555555
"G1600550","Idaho","16","160","Kootenai County","055","0550",157322,0,171362,161676,,168317,,173396,,177736,555555555,181996,555555555
"G1600570","Idaho","16","160","Latah County","057","0570",39505,0,39517,40052,,39464,,39872,,40315,555555555,41049,555555555
"G1600590","Idaho","16","160","Lemhi County","059","0590",7847,0,7974,7929,,7948,,8043,,8166,555555555,8249,555555555
"G1600610","Idaho","16","160","Lewis County","061","0610",3838,0,3533,3850,,3613,,3630,,3649,555555555,3682,555555555
"G1600630","Idaho","16","160","Lincoln County","063","0630",5350,0,5127,5342,,5184,,5203,,5276,555555555,5358,555555555
"G1600650","Idaho","16","160","Madison County","065","0650",39100,0,52913,39725,,50979,,52487,,53578,555555555,54618,555555555
"G1600670","Idaho","16","160","Minidoka County","067","0670",20705,0,21613,20817,,21393,,21626,,21922,555555555,22208,555555555
"G1600690","Idaho","16","160","Nez Perce County","069","0690",40217,0,42090,40468,,41820,,42200,,42477,555555555,42697,555555555
"G1600710","Idaho","16","160","Oneida County","071","0710",4385,0,4564,4429,,4514,,4572,,4681,555555555,4768,555555555
"G1600730","Idaho","16","160","Owyhee County","073","0730",11552,0,11913,11724,,11815,,12043,,12284,555555555,12503,555555555
"G1600750","Idaho","16","160","Payette County","075","0750",23260,0,25386,23705,,24928,,25571,,26190,555555555,26771,555555555
"G1600770","Idaho","16","160","Power County","077","0770",7671,0,7878,7635,,7854,,7918,,8018,555555555,8133,555555555
"G1600790","Idaho","16","160","Shoshone County","079","0790",12609,0,13169,12700,,13124,,13399,,13580,555555555,13785,555555555
"G1600810","Idaho","16","160","Teton County","081","0810",11426,0,11630,11776,,11490,,11813,,12101,555555555,12425,555555555
"G1600830","Idaho","16","160","Twin Falls County","083","0830",84869,0,90046,86198,,89128,,90592,,92121,555555555,93734,555555555
"G1600850","Idaho","16","160","Valley County","085","0850",10709,0,11746,11085,,11476,,11830,,12136,555555555,12389,555555555
"G1600870","Idaho","16","160","Washington County","087","0870",10057,0,10500,10128,,10425,,10612,,10866,555555555,11142,555555555
"G1700010","Illinois","17","170","Adams County","001","0010",66085,0,65737,65670,,65878,,65583,,65166,555555555,64754,555555555
"G1700030","Illinois","17","170","Alexander County","003","0030",6260,0,5240,6011,,5488,,5261,,5042,555555555,4875,555555555
"G1700050","Illinois","17","170","Bond County","005","0050",16589,0,16725,16520,,16804,,16750,,16627,555555555,16716,555555555
"G1700070","Illinois","17","170","Boone County","007","0070",53537,0,53448,53293,,53592,,53459,,53316,555555555,53230,555555555
"G1700090","Illinois","17","170","Brown County","009","0090",6628,0,6244,6599,,6330,,6334,,6320,555555555,6322,555555555
"G1700110","Illinois","17","170","Bureau County","011","0110",33122,0,33244,32878,,33338,,33203,,33027,555555555,32866,555555555
"G1700130","Illinois","17","170","Calhoun County","013","0130",4830,0,4437,4782,,4537,,4472,,4406,555555555,4330,555555555
"G1700150","Illinois","17","170","Carroll County","015","0150",14466,0,15702,14398,,15586,,15594,,15621,555555555,15576,555555555
"G1700170","Illinois","17","170","Cass County","017","0170",12493,0,13042,12324,,13058,,12955,,12826,555555555,12784,555555555
"G1700190","Illinois","17","170","Champaign County","019","0190",209922,0,205865,210006,,206583,,206525,,206098,555555555,208741,555555555
"G1700210","Illinois","17","170","Christian County","021","0210",32931,0,34032,32705,,34038,,33893,,33684,555555555,33538,555555555
"G1700230","Illinois","17","170","Clark County","023","0230",15716,0,15455,15602,,15587,,15467,,15328,555555555,15266,555555555
"G1700250","Illinois","17","170","Clay County","025","0250",13287,0,13288,13217,,13313,,13248,,13173,555555555,13052,555555555
"G1700270","Illinois","17","170","Clinton County","027","0270",37634,0,36899,37549,,37048,,36998,,36899,555555555,36954,555555555
"G1700290","Illinois","17","170","Coles County","029","0290",51353,0,46863,51065,,47542,,47076,,46689,555555555,46777,555555555
"G1700310","Illinois","17","170","Cook County","031","0310",5198275,0,5275541,5169517,,5265398,,5225367,,5185812,555555555,5182090,555555555
"G1700330","Illinois","17","170","Crawford County","033","0330",18972,0,18679,18833,,18825,,18729,,18588,555555555,18511,555555555
"G1700350","Illinois","17","170","Cumberland County","035","0350",10836,0,10450,10787,,10528,,10447,,10378,555555555,10334,555555555
"G1700390","Illinois","17","170","De Witt County","039","0390",15932,0,15516,15764,,15653,,15535,,15461,555555555,15373,555555555
"G1700370","Illinois","17","170","DeKalb County","037","0370",104366,0,100420,104588,,100922,,100686,,100512,555555555,100703,555555555
"G1700410","Illinois","17","170","Douglas County","041","0410",19623,0,19740,19551,,19708,,19714,,19686,555555555,19751,555555555
"G1700430","Illinois","17","170","DuPage County","043","0430",929060,0,932877,926005,,934094,,930559,,927263,555555555,930024,555555555
"G1700450","Illinois","17","170","Edgar County","045","0450",17407,0,16866,17272,,16998,,16852,,16637,555555555,16535,555555555
"G1700470","Illinois","17","170","Edwards County","047","0470",6455,0,6245,6431,,6233,,6182,,6118,555555555,6075,555555555
"G1700490","Illinois","17","170","Effingham County","049","0490",34137,0,34668,34151,,34576,,34594,,34505,555555555,34522,555555555
"G1700510","Illinois","17","170","Fayette County","051","0510",21565,0,21488,21418,,21514,,21464,,21380,555555555,21315,555555555
"G1700530","Illinois","17","170","Ford County","053","0530",13270,0,13534,13155,,13589,,13484,,13396,555555555,13406,555555555
"G1700550","Illinois","17","170","Franklin County","055","0550",38923,0,37804,38688,,38068,,37810,,37541,555555555,37323,555555555
"G1700570","Illinois","17","170","Fulton County","057","0570",35092,0,33609,34654,,34022,,33691,,33259,555555555,33020,555555555
"G1700590","Illinois","17","170","Gallatin County","059","0590",5064,0,4946,4983,,5038,,4967,,4857,555555555,4819,555555555
"G1700610","Illinois","17","170","Greene County","061","0610",13132,0,11985,12988,,12187,,12015,,11837,555555555,11683,555555555
"G1700630","Illinois","17","170","Grundy County","063","0630",50666,0,52533,50798,,52364,,52624,,52920,555555555,53219,555555555
"G1700650","Illinois","17","170","Hamilton County","065","0650",8176,0,7993,8151,,8021,,8008,,7972,555555555,7916,555555555
"G1700670","Illinois","17","170","Hancock County","067","0670",17983,0,17620,17820,,17750,,17582,,17434,555555555,17281,555555555
"G1700690","Illinois","17","170","Hardin County","069","0690",3939,0,3649,3890,,3700,,3665,,3623,555555555,3605,555555555
"G1700710","Illinois","17","170","Henderson County","071","0710",6809,0,6387,6737,,6485,,6374,,6284,555555555,6193,555555555
"G1700730","Illinois","17","170","Henry County","073","0730",49267,0,49284,49032,,49412,,49157,,48948,555555555,48643,555555555
"G1700750","Illinois","17","170","Iroquois County","075","0750",27812,0,27077,27437,,27362,,27043,,26746,555555555,26449,555555555
"G1700770","Illinois","17","170","Jackson County","077","0770",57977,0,52974,57517,,53676,,53176,,52706,555555555,53064,555555555
"G1700790","Illinois","17","170","Jasper County","079","0790",9594,0,9287,9547,,9324,,9295,,9233,555555555,9180,555555555
"G1700810","Illinois","17","170","Jefferson County","081","0810",37985,0,37113,37774,,37362,,37043,,36808,555555555,36550,555555555
"G1700830","Illinois","17","170","Jersey County","083","0830",21937,0,21512,21776,,21533,,21462,,21336,555555555,21274,555555555
"G1700850","Illinois","17","170","Jo Daviess County","085","0850",21588,0,22035,21429,,21995,,21942,,21918,555555555,21851,555555555
"G1700870","Illinois","17","170","Johnson County","087","0870",12494,0,13308,12391,,13238,,13313,,13350,555555555,13376,555555555
"G1700890","Illinois","17","170","Kane County","089","0890",531376,0,516522,531756,,518648,,517254,,516097,555555555,517255,555555555
"G1700910","Illinois","17","170","Kankakee County","091","0910",110637,0,107502,109924,,108104,,107421,,106833,555555555,106635,555555555
"G1700930","Illinois","17","170","Kendall County","093","0930",126054,0,131869,127583,,130757,,132795,,135053,555555555,137675,555555555
"G1700950","Illinois","17","170","Knox County","095","0950",50508,0,49967,50052,,50193,,49751,,49294,555555555,49046,555555555
"G1700990","Illinois","17","170","LaSalle County","099","0990",109737,0,109658,108998,,109986,,109495,,109049,555555555,108714,555555555
"G1700970","Illinois","17","170","Lake County","097","0970",701473,0,714342,699682,,714484,,713159,,711885,555555555,714223,555555555
"G1701010","Illinois","17","170","Lawrence County","101","1010",16033,0,15280,15830,,15465,,15302,,15137,555555555,15031,555555555
"G1701030","Illinois","17","170","Lee County","103","1030",34389,0,34145,34204,,34373,,34221,,34058,555555555,33869,555555555
"G1701050","Illinois","17","170","Livingston County","105","1050",36040,0,35815,35757,,35902,,35771,,35659,555555555,35565,555555555
"G1701070","Illinois","17","170","Logan County","107","1070",29003,0,27987,28818,,28238,,28027,,27870,555555555,27713,555555555
"G1701150","Illinois","17","170","Macon County","115","1150",105528,0,103998,104688,,104331,,103542,,102591,555555555,101849,555555555
"G1701170","Illinois","17","170","Macoupin County","117","1170",45463,0,44967,45243,,45152,,44907,,44566,555555555,44350,555555555
"G1701190","Illinois","17","170","Madison County","119","1190",264776,0,265859,264403,,266112,,265512,,264631,555555555,264238,555555555
"G1701210","Illinois","17","170","Marion County","121","1210",37743,0,37729,37524,,37781,,37543,,37294,555555555,37000,555555555
"G1701230","Illinois","17","170","Marshall County","123","1230",11679,0,11742,11562,,11781,,11740,,11715,555555555,11647,555555555
"G1701250","Illinois","17","170","Mason County","125","1250",13621,0,13086,13486,,13225,,13074,,12878,555555555,12745,555555555
"G1701270","Illinois","17","170","Massac County","127","1270",14219,0,14169,14041,,14280,,14135,,13958,555555555,13865,555555555
"G1701090","Illinois","17","170","McDonough County","109","1090",30479,0,27238,30107,,27743,,27370,,27102,555555555,26920,555555555
"G1701110","Illinois","17","170","McHenry County","111","1110",307714,0,310229,307291,,310749,,311133,,311366,555555555,312591,555555555
"G1701130","Illinois","17","170","McLean County","113","1130",172578,0,170954,172164,,171455,,171284,,170882,555555555,171556,555555555
"G1701290","Illinois","17","170","Menard County","129","1290",12306,0,12297,12261,,12343,,12284,,12169,555555555,12095,555555555
"G1701310","Illinois","17","170","Mercer County","131","1310",15589,0,15699,15503,,15779,,15692,,15619,555555555,15495,555555555
"G1701330","Illinois","17","170","Monroe County","133","1330",34168,0,34962,34444,,34732,,34905,,34969,555555555,35036,555555555
"G1701350","Illinois","17","170","Montgomery County","135","1350",28828,0,28288,28598,,28482,,28352,,28078,555555555,27942,555555555
"G1701370","Illinois","17","170","Morgan County","137","1370",34247,0,32915,34012,,33189,,32882,,32621,555555555,33021,555555555
"G1701390","Illinois","17","170","Moultrie County","139","1390",14641,0,14526,14557,,14634,,14531,,14469,555555555,14424,555555555
"G1701410","Illinois","17","170","Ogle County","141","1410",51025,0,51788,50793,,51787,,51672,,51536,555555555,51495,555555555
"G1701430","Illinois","17","170","Peoria County","143","1430",182770,0,181830,181111,,182439,,181186,,179831,555555555,179645,555555555
"G1701450","Illinois","17","170","Perry County","145","1450",21251,0,20945,21092,,21158,,20996,,20810,555555555,20639,555555555
"G1701470","Illinois","17","170","Piatt County","147","1470",16401,0,16673,16412,,16664,,16698,,16702,555555555,16695,555555555
"G1701490","Illinois","17","170","Pike County","149","1490",15672,0,14739,15571,,14923,,14776,,14625,555555555,14469,555555555
"G1701510","Illinois","17","170","Pope County","151","1510",4203,0,3763,4177,,3820,,3799,,3757,555555555,3739,555555555
"G1701530","Illinois","17","170","Pulaski County","153","1530",5510,0,5193,5414,,5279,,5177,,5074,555555555,5015,555555555
"G1701550","Illinois","17","170","Putnam County","155","1550",5721,0,5637,5720,,5638,,5628,,5600,555555555,5601,555555555
"G1701570","Illinois","17","170","Randolph County","157","1570",32295,0,30163,31973,,30632,,30413,,30142,555555555,30058,555555555
"G1701590","Illinois","17","170","Richland County","159","1590",15766,0,15813,15677,,15876,,15716,,15675,555555555,15598,555555555
"G1701610","Illinois","17","170","Rock Island County","161","1610",143873,0,144672,142801,,144694,,143819,,142995,555555555,142757,555555555
"G1701650","Illinois","17","170","Saline County","165","1650",23994,0,23768,23735,,23869,,23662,,23387,555555555,23213,555555555
"G1701670","Illinois","17","170","Sangamon County","167","1670",196861,0,196343,195963,,196759,,196122,,195217,555555555,194947,555555555
"G1701690","Illinois","17","170","Schuyler County","169","1690",6953,0,6902,6897,,6953,,6879,,6826,555555555,6787,555555555
"G1701710","Illinois","17","170","Scott County","171","1710",5005,0,4949,4982,,4923,,4899,,4847,555555555,4937,555555555
"G1701730","Illinois","17","170","Shelby County","173","1730",21737,0,20990,21623,,21160,,21042,,20867,555555555,20720,555555555
"G1701630","Illinois","17","170","St. Clair County","163","1630",262338,0,257400,261186,,258597,,256791,,254777,555555555,253694,555555555
"G1701750","Illinois","17","170","Stark County","175","1750",5447,0,5400,5393,,5436,,5395,,5324,555555555,5308,555555555
"G1701770","Illinois","17","170","Stephenson County","177","1770",45093,0,44630,44683,,44817,,44482,,44042,555555555,43768,555555555
"G1701790","Illinois","17","170","Tazewell County","179","1790",133195,0,131343,132524,,131977,,131276,,130555,555555555,130290,555555555
"G1701810","Illinois","17","170","Union County","181","1810",16968,0,17244,16829,,17259,,17122,,16972,555555555,16997,555555555
"G1701830","Illinois","17","170","Vermilion County","183","1830",77563,0,74188,76704,,74953,,74113,,73179,555555555,72386,555555555
"G1701850","Illinois","17","170","Wabash County","185","1850",11546,0,11361,11390,,11414,,11321,,11199,555555555,11119,555555555
"G1701870","Illinois","17","170","Warren County","187","1870",17146,0,16835,16981,,16887,,16760,,16576,555555555,16447,555555555
"G1701890","Illinois","17","170","Washington County","189","1890",14058,0,13761,13967,,13827,,13781,,13682,555555555,13627,555555555
"G1701910","Illinois","17","170","Wayne County","191","1910",16402,0,16179,16309,,16250,,16127,,15994,555555555,15973,555555555
"G1701930","Illinois","17","170","White County","193","1930",13868,0,13877,13712,,13959,,13834,,13708,555555555,13619,555555555
"G1701950","Illinois","17","170","Whiteside County","195","1950",56016,0,55691,55583,,55932,,55569,,55192,555555555,54947,555555555
"G1701970","Illinois","17","170","Will County","197","1970",689315,0,696355,689704,,696403,,696774,,698450,555555555,701462,555555555
"G1701990","Illinois","17","170","Williamson County","199","1990",67102,0,67153,66929,,67271,,67120,,66902,555555555,66876,555555555
"G1702010","Illinois","17","170","Winnebago County","201","2010",284819,0,285350,283635,,285471,,284591,,283289,555555555,283292,555555555
"G1702030","Illinois","17","170","Woodford County","203","2030",38700,0,38467,38503,,38571,,38414,,38348,555555555,38312,555555555
"G1800010","Indiana","18","180","Adams County","001","0010",35376,0,35809,35544,,35685,,35827,,35995,555555555,36227,555555555
"G1800030","Indiana","18","180","Allen County","003","0030",372575,0,385410,375520,,381839,,385456,,388791,555555555,392378,555555555
"G1800050","Indiana","18","180","Bartholomew County","005","0050",82481,0,82208,83280,,81759,,82371,,82881,555555555,83536,555555555
"G1800070","Indiana","18","180","Benton County","007","0070",8677,0,8719,8695,,8687,,8709,,8708,555555555,8735,555555555
"G1800090","Indiana","18","180","Blackford County","009","0090",12013,0,12112,11926,,12139,,12074,,12007,555555555,11950,555555555
"G1800110","Indiana","18","180","Boone County","011","0110",65544,0,70812,66875,,69839,,71235,,72827,555555555,74718,555555555
"G1800130","Indiana","18","180","Brown County","013","0130",15064,0,15475,15093,,15444,,15513,,15543,555555555,15606,555555555
"G1800150","Indiana","18","180","Carroll County","015","0150",20074,0,20306,20137,,20288,,20397,,20443,555555555,20535,555555555
"G1800170","Indiana","18","180","Cass County","017","0170",37880,0,37870,37727,,37918,,37820,,37703,555555555,37680,555555555
"G1800190","Indiana","18","180","Clark County","019","0190",116507,0,121093,117410,,120185,,121484,,122800,555555555,124354,555555555
"G1800210","Indiana","18","180","Clay County","021","0210",26234,0,26466,26231,,26397,,26396,,26431,555555555,26409,555555555
"G1800230","Indiana","18","180","Clinton County","023","0230",32273,0,33190,32186,,33010,,33020,,32967,555555555,32944,555555555
"G1800250","Indiana","18","180","Crawford County","025","0250",10569,0,10526,10582,,10511,,10511,,10494,555555555,10499,555555555
"G1800270","Indiana","18","180","Daviess County","027","0270",33120,0,33381,33277,,33281,,33337,,33442,555555555,33658,555555555
"G1800330","Indiana","18","180","DeKalb County","033","0330",42927,0,43265,43193,,43059,,43312,,43584,555555555,43807,555555555
"G1800290","Indiana","18","180","Dearborn County","029","0290",49479,0,50679,49612,,50494,,50709,,50828,555555555,51094,555555555
"G1800310","Indiana","18","180","Decatur County","031","0310",26562,0,26472,26587,,26466,,26432,,26411,555555555,26422,555555555
"G1800350","Indiana","18","180","Delaware County","035","0350",115020,0,111903,114461,,112480,,112156,,112109,555555555,112280,555555555
"G1800370","Indiana","18","180","Dubois County","037","0370",42543,0,43637,42534,,43474,,43584,,43563,555555555,43614,555555555
"G1800390","Indiana","18","180","Elkhart County","039","0390",204558,0,207047,205184,,206314,,206841,,206868,555555555,207132,555555555
"G1800410","Indiana","18","180","Fayette County","041","0410",23194,0,23398,23068,,23393,,23391,,23390,555555555,23334,555555555
"G1800430","Indiana","18","180","Floyd County","043","0430",77320,0,80484,77879,23,79594,,80191,,80512,555555555,80918,555555555
"G1800450","Indiana","18","180","Fountain County","045","0450",16430,0,16479,16456,,16422,,16468,,16546,555555555,16617,555555555
"G1800470","Indiana","18","180","Franklin County","047","0470",22774,0,22785,22750,,22769,,22850,,22929,555555555,23020,555555555
"G1800490","Indiana","18","180","Fulton County","049","0490",20096,0,20480,20069,,20400,,20420,,20411,555555555,20312,555555555
"G1800510","Indiana","18","180","Gibson County","051","0510",33656,0,33011,33711,,33017,,33006,,32986,555555555,33000,555555555
"G1800530","Indiana","18","180","Grant County","053","0530",66452,0,66674,66055,,66802,,66560,,66377,555555555,66295,555555555
"G1800550","Indiana","18","180","Greene County","055","0550",32159,0,30803,32174,,30924,,30900,,30954,555555555,31021,555555555
"G1800570","Indiana","18","180","Hamilton County","057","0570",323117,0,347467,330455,,341616,,349527,,357176,555555555,365056,555555555
"G1800590","Indiana","18","180","Hancock County","059","0590",75164,0,79840,76614,,78616,,80170,,82013,555555555,84037,555555555
"G1800610","Indiana","18","180","Harrison County","061","0610",39940,0,39654,40164,23,39516,,39684,,39785,555555555,39859,555555555
"G1800630","Indiana","18","180","Hendricks County","063","0630",163799,0,174788,166806,,172100,,175639,,179379,555555555,183344,555555555
"G1800650","Indiana","18","180","Henry County","065","0650",48255,0,48914,48158,,48857,,48913,,48896,555555555,48970,555555555
"G1800670","Indiana","18","180","Howard County","067","0670",82331,0,83658,82486,,83349,,83452,,83610,555555555,83752,555555555
"G1800690","Indiana","18","180","Huntington County","069","0690",36359,0,36662,36351,,36572,,36699,,36757,555555555,36798,555555555
"G1800710","Indiana","18","180","Jackson County","071","0710",44025,0,46428,44077,,45948,,46212,,46319,555555555,46660,555555555
"G1800730","Indiana","18","180","Jasper County","073","0730",33447,0,32918,33433,,33006,,33045,,33198,555555555,33234,555555555
"G1800750","Indiana","18","180","Jay County","075","0750",20840,0,20478,20697,,20570,,20451,,20281,555555555,20229,555555555
"G1800770","Indiana","18","180","Jefferson County","077","0770",32201,0,33147,32167,,33000,,33057,,33074,555555555,32998,555555555
"G1800790","Indiana","18","180","Jennings County","079","0790",27710,0,27613,27639,,27619,,27610,,27584,555555555,27562,555555555
"G1800810","Indiana","18","180","Johnson County","081","0810",153716,0,161765,156148,,159739,,161952,,163983,555555555,166315,555555555
"G1800830","Indiana","18","180","Knox County","083","0830",37065,0,36282,36833,,36362,,36148,,36108,555555555,36007,555555555
"G1800850","Indiana","18","180","Kosciusko County","085","0850",79035,0,80240,79156,,80151,,80442,,80357,555555555,80442,555555555
"G1800870","Indiana","18","180","LaGrange County","087","0870",39193,0,40446,39537,,40085,,40364,,40596,555555555,40805,555555555
"G1800910","Indiana","18","180","LaPorte County","091","0910",110154,0,112417,110026,,112184,,112215,,112141,555555555,111917,555555555
"G1800890","Indiana","18","180","Lake County","089","0890",485707,0,498700,485983,,495925,,497682,,498990,555555555,500379,555555555
"G1800930","Indiana","18","180","Lawrence County","093","0930",45548,0,45011,45552,,45133,,45113,,45077,555555555,45102,555555555
"G1800950","Indiana","18","180","Madison County","095","0950",129455,0,130129,129486,,130037,,130545,,130949,555555555,131900,555555555
"G1800970","Indiana","18","180","Marion County","097","0970",951869,0,977203,957337,,969542,,971737,,971822,555555555,975809,555555555
"G1800990","Indiana","18","180","Marshall County","099","0990",46461,0,46095,46336,,46175,,46208,,46225,555555555,46284,555555555
"G1801010","Indiana","18","180","Martin County","101","1010",10212,0,9812,10169,,9885,,9863,,9854,555555555,9830,555555555
"G1801030","Indiana","18","180","Miami County","103","1030",35815,0,35962,35684,,36100,,35952,,35772,555555555,35712,555555555
"G1801050","Indiana","18","180","Monroe County","105","1050",146461,0,139718,147318,,140189,,140065,,139822,555555555,140965,555555555
"G1801070","Indiana","18","180","Montgomery County","107","1070",38287,0,37936,38295,,37967,,38018,,38155,555555555,38312,555555555
"G1801090","Indiana","18","180","Morgan County","109","1090",69922,0,71780,70141,,71394,,71757,,72202,555555555,72659,555555555
"G1801110","Indiana","18","180","Newton County","111","1110",13992,0,13830,13981,,13865,,13829,,13859,555555555,13922,555555555
"G1801130","Indiana","18","180","Noble County","113","1130",47506,0,47457,47640,,47293,,47431,,47417,555555555,47495,555555555
"G1801150","Indiana","18","180","Ohio County","115","1150",5874,0,5940,5890,,5931,,5974,,5993,555555555,5999,555555555
"G1801170","Indiana","18","180","Orange County","117","1170",19545,0,19867,19552,,19752,,19768,,19746,555555555,19767,555555555
"G1801190","Indiana","18","180","Owen County","119","1190",20835,0,21321,20854,,21280,,21361,,21434,555555555,21604,555555555
"G1801210","Indiana","18","180","Parke County","121","1210",16946,0,16156,16912,,16316,,16327,,16346,555555555,16406,555555555
"G1801230","Indiana","18","180","Perry County","123","1230",19102,0,19170,19091,,19151,,19186,,19218,555555555,19270,555555555
"G1801250","Indiana","18","180","Pike County","125","1250",12378,0,12250,12364,,12220,,12227,,12187,555555555,12154,555555555
"G1801270","Indiana","18","180","Porter County","127","1270",168636,0,173215,169482,,172353,,173355,,174150,555555555,174818,555555555
"G1801290","Indiana","18","180","Posey County","129","1290",25560,0,25222,25480,,25301,,25226,,25163,555555555,25116,555555555
"G1801310","Indiana","18","180","Pulaski County","131","1310",12559,0,12514,12482,,12496,,12498,,12441,555555555,12441,555555555
"G1801330","Indiana","18","180","Putnam County","133","1330",37384,0,36726,37419,,36838,,36942,,37091,555555555,37280,555555555
"G1801350","Indiana","18","180","Randolph County","135","1350",24926,0,24502,24694,,24681,,24586,,24425,555555555,24387,555555555
"G1801370","Indiana","18","180","Ripley County","137","1370",28391,0,28995,28457,,28953,,28990,,29039,555555555,29095,555555555
"G1801390","Indiana","18","180","Rush County","139","1390",16641,0,16752,16632,,16706,,16716,,16734,555555555,16739,555555555
"G1801430","Indiana","18","180","Scott County","143","1430",23759,0,24384,23785,,24290,,24403,,24468,555555555,24526,555555555
"G1801450","Indiana","18","180","Shelby County","145","1450",44438,0,45055,44559,,44825,,44940,,45104,555555555,45265,555555555
"G1801470","Indiana","18","180","Spencer County","147","1470",20447,0,19810,20364,,19949,,19935,,19871,555555555,19955,555555555
"G1801410","Indiana","18","180","St. Joseph County","141","1410",270216,0,272912,270881,,272049,,272388,,272574,555555555,273040,555555555
"G1801490","Indiana","18","180","Starke County","149","1490",22952,0,23371,22996,,23275,,23308,,23300,555555555,23365,555555555
"G1801510","Indiana","18","180","Steuben County","151","1510",34453,0,34435,34591,,34379,,34507,,34648,555555555,34726,555555555
"G1801530","Indiana","18","180","Sullivan County","153","1530",20730,0,20817,20647,,20814,,20791,,20766,555555555,20780,555555555
"G1801550","Indiana","18","180","Switzerland County","155","1550",10685,0,9737,10727,,9870,,9896,,9914,555555555,9909,555555555
"G1801570","Indiana","18","180","Tippecanoe County","157","1570",191553,0,186251,193302,,185961,,186955,,187399,555555555,189071,555555555
"G1801590","Indiana","18","180","Tipton County","159","1590",15162,0,15359,15154,,15290,,15328,,15329,555555555,15346,555555555
"G1801610","Indiana","18","180","Union County","161","1610",7113,0,7087,7140,,7098,,7041,,7028,555555555,6985,555555555
"G1801630","Indiana","18","180","Vanderburgh County","163","1630",181291,0,180136,181548,,179695,,179900,,179908,555555555,180117,555555555
"G1801650","Indiana","18","180","Vermillion County","165","1650",15539,0,15439,15485,,15477,,15488,,15452,555555555,15421,555555555
"G1801670","Indiana","18","180","Vigo County","167","1670",107459,0,106153,107305,,106523,,106355,,106201,555555555,106109,555555555
"G1801690","Indiana","18","180","Wabash County","169","1690",31389,0,30976,31198,,31120,,31032,,30901,555555555,30844,555555555
"G1801710","Indiana","18","180","Warren County","171","1710",8237,0,8440,8219,,8430,,8454,,8469,555555555,8464,555555555
"G1801730","Indiana","18","180","Warrick County","173","1730",62280,0,63898,62608,,63575,,64065,,64650,555555555,65261,555555555
"G1801750","Indiana","18","180","Washington County","175","1750",27848,0,28182,27942,,28025,,28133,,28167,555555555,28212,555555555
"G1801770","Indiana","18","180","Wayne County","177","1770",66342,0,66553,66176,,66588,,66522,,66377,555555555,66397,555555555
"G1801790","Indiana","18","180","Wells County","179","1790",28011,0,28180,28010,,28103,,28167,,28261,555555555,28420,555555555
"G1801810","Indiana","18","180","White County","181","1810",24149,0,24688,24163,,24593,,24630,,24709,555555555,24717,555555555
"G1801830","Indiana","18","180","Whitley County","183","1830",33730,0,34191,33899,,34048,,34259,,34388,555555555,34618,555555555
"G1900010","Iowa","19","190","Adair County","001","0010",7085,0,7496,7048,,7439,,7479,,7471,555555555,7460,555555555
"G1900030","Iowa","19","190","Adams County","003","0030",3670,0,3704,3633,,3697,,3680,,3641,555555555,3622,555555555
"G1900050","Iowa","19","190","Allamakee County","005","0050",13813,0,14061,13761,,14068,,14046,,14038,555555555,14092,555555555
"G1900070","Iowa","19","190","Appanoose County","007","0070",12452,0,12317,12462,,12310,,12279,,12242,555555555,12184,555555555
"G1900090","Iowa","19","190","Audubon County","009","0090",5571,0,5674,5528,,5657,,5651,,5622,555555555,5599,555555555
"G1900110","Iowa","19","190","Benton County","011","0110",25636,0,25575,25558,,25654,,25652,,25698,555555555,25724,555555555
"G1900130","Iowa","19","190","Black Hawk County","013","0130",132393,0,131144,131813,,131396,,131041,,130693,555555555,131049,555555555
"G1900150","Iowa","19","190","Boone County","015","0150",26370,0,26715,26381,,26721,,26700,,26669,555555555,26668,555555555
"G1900170","Iowa","19","190","Bremer County","017","0170",24864,0,24988,25032,,24863,,25012,,25118,555555555,25204,555555555
"G1900190","Iowa","19","190","Buchanan County","019","0190",21118,0,20565,21141,,20598,,20631,,20645,555555555,20694,555555555
"G1900210","Iowa","19","190","Buena Vista County","021","0210",20058,0,20823,19950,,20723,,20687,,20684,555555555,20753,555555555
"G1900230","Iowa","19","190","Butler County","023","0230",14628,0,14334,14508,,14421,,14376,,14301,555555555,14268,555555555
"G1900250","Iowa","19","190","Calhoun County","025","0250",9744,0,9927,9656,,9962,,9893,,9858,555555555,9803,555555555
"G1900270","Iowa","19","190","Carroll County","027","0270",20281,0,20760,20150,,20756,,20728,,20677,555555555,20594,555555555
"G1900290","Iowa","19","190","Cass County","029","0290",13091,0,13127,12990,,13158,,13116,,13115,555555555,13096,555555555
"G1900310","Iowa","19","190","Cedar County","031","0310",18457,0,18505,18475,,18494,,18479,,18427,555555555,18349,555555555
"G1900330","Iowa","19","190","Cerro Gordo County","033","0330",42834,0,43127,42672,,43185,,42979,,42785,555555555,42632,555555555
"G1900350","Iowa","19","190","Cherokee County","035","0350",11343,0,11658,11281,,11606,,11601,,11587,555555555,11600,555555555
"G1900370","Iowa","19","190","Chickasaw County","037","0370",12026,0,12012,11970,,12021,,11957,,11868,555555555,11807,555555555
"G1900390","Iowa","19","190","Clarke County","039","0390",9360,0,9748,9383,,9736,,9737,,9690,555555555,9662,555555555
"G1900410","Iowa","19","190","Clay County","041","0410",16211,0,16384,16138,,16410,,16423,,16446,555555555,16461,555555555
"G1900430","Iowa","19","190","Clayton County","043","0430",17625,0,17043,17527,,17173,,17123,,17069,555555555,17013,555555555
"G1900450","Iowa","19","190","Clinton County","045","0450",46909,0,46460,46734,,46589,,46488,,46383,555555555,46268,555555555
"G1900470","Iowa","19","190","Crawford County","047","0470",17034,0,16525,16998,,16555,,16450,,16289,555555555,16277,555555555
"G1900490","Iowa","19","190","Dallas County","049","0490",87099,0,99678,90418,,96604,,100367,,104136,555555555,107968,555555555
"G1900510","Iowa","19","190","Davis County","051","0510",8920,0,9110,8977,,9066,,9093,,9127,555555555,9157,555555555
"G1900530","Iowa","19","190","Decatur County","053","0530",7979,0,7645,7908,,7718,,7684,,7669,555555555,7759,555555555
"G1900550","Iowa","19","190","Delaware County","055","0550",17183,0,17488,17107,,17508,,17523,,17549,555555555,17558,555555555
"G1900570","Iowa","19","190","Des Moines County","057","0570",39386,0,38910,39227,,39069,,38824,,38597,555555555,38487,555555555
"G1900590","Iowa","19","190","Dickinson County","059","0590",17127,0,17703,17260,,17536,,17692,,17844,555555555,17990,555555555
"G1900610","Iowa","19","190","Dubuque County","061","0610",96982,0,99266,97193,,98687,,98812,,98948,555555555,99030,555555555
"G1900630","Iowa","19","190","Emmet County","063","0630",9438,0,9388,9322,,9433,,9349,,9316,555555555,9262,555555555
"G1900650","Iowa","19","190","Fayette County","065","0650",19803,0,19509,19604,,19582,,19519,,19393,555555555,19288,555555555
"G1900670","Iowa","19","190","Floyd County","067","0670",15786,0,15627,15713,,15672,,15601,,15502,555555555,15328,555555555
"G1900690","Iowa","19","190","Franklin County","069","0690",10162,0,10019,10091,,10056,,10015,,9977,555555555,9956,555555555
"G1900710","Iowa","19","190","Fremont County","071","0710",6946,0,6605,6895,,6702,,6639,,6570,555555555,6514,555555555
"G1900730","Iowa","19","190","Greene County","073","0730",8950,0,8771,8923,,8831,,8801,,8722,555555555,8688,555555555
"G1900750","Iowa","19","190","Grundy County","075","0750",12299,0,12329,12262,,12336,,12351,,12352,555555555,12384,555555555
"G1900770","Iowa","19","190","Guthrie County","077","0770",10669,0,10623,10702,,10599,,10619,,10646,555555555,10688,555555555
"G1900790","Iowa","19","190","Hamilton County","079","0790",14997,0,15039,14905,,15073,,14979,,14893,555555555,14886,555555555
"G1900810","Iowa","19","190","Hancock County","081","0810",10802,0,10795,10709,,10837,,10790,,10718,555555555,10671,555555555
"G1900830","Iowa","19","190","Hardin County","083","0830",17061,0,16878,16924,,16997,,16861,,16729,555555555,16639,555555555
"G1900850","Iowa","19","190","Harrison County","085","0850",14089,0,14582,14043,,14589,,14623,,14645,555555555,14632,555555555
"G1900870","Iowa","19","190","Henry County","087","0870",19941,0,20482,19889,,20488,,20436,,20228,555555555,20004,555555555
"G1900890","Iowa","19","190","Howard County","089","0890",9226,0,9469,9201,,9456,,9479,,9459,555555555,9445,555555555
"G1900910","Iowa","19","190","Humboldt County","091","0910",9554,0,9597,9518,,9622,,9606,,9573,555555555,9591,555555555
"G1900930","Iowa","19","190","Ida County","093","0930",6901,0,7005,6862,,6979,,6969,,6944,555555555,6911,555555555
"G1900950","Iowa","19","190","Iowa County","095","0950",16189,0,16662,16155,,16596,,16575,,16547,555555555,16507,555555555
"G1900970","Iowa","19","190","Jackson County","097","0970",19401,0,19485,19348,,19499,,19470,,19429,555555555,19390,555555555
"G1900990","Iowa","19","190","Jasper County","099","0990",36971,0,37813,37032,,37686,,37808,,37864,555555555,37954,555555555
"G1901010","Iowa","19","190","Jefferson County","101","1010",18148,0,15663,18153,,15846,,15785,,15676,555555555,15705,555555555
"G1901030","Iowa","19","190","Johnson County","103","1030",148577,0,152854,150819,,151833,,153360,,154881,555555555,156639,555555555
"G1901050","Iowa","19","190","Jones County","105","1050",20559,0,20646,20575,,20680,,20733,,20799,555555555,20896,555555555
"G1901070","Iowa","19","190","Keokuk County","107","1070",10188,0,10033,10163,,10050,,10026,,9964,555555555,9924,555555555
"G1901090","Iowa","19","190","Kossuth County","109","1090",14978,0,14828,14864,,14823,,14718,,14610,555555555,14516,555555555
"G1901110","Iowa","19","190","Lee County","111","1110",34227,0,33555,33946,,33724,,33442,,33175,555555555,32893,555555555
"G1901130","Iowa","19","190","Linn County","113","1130",223861,0,230299,225601,,228567,,229308,,229463,555555555,230004,555555555
"G1901150","Iowa","19","190","Louisa County","115","1150",11178,0,10837,11125,,10891,,10823,,10710,555555555,10678,555555555
"G1901170","Iowa","19","190","Lucas County","117","1170",8583,0,8634,8556,,8650,,8666,,8685,555555555,8716,555555555
"G1901190","Iowa","19","190","Lyon County","119","1190",11776,0,11934,11800,,11953,,12023,,12087,555555555,12162,555555555
"G1901210","Iowa","19","190","Madison County","121","1210",16012,0,16548,16148,,16414,,16609,,16760,555555555,16926,555555555
"G1901230","Iowa","19","190","Mahaska County","123","1230",22164,0,22190,22351,,22132,,22059,,22045,555555555,22021,555555555
"G1901250","Iowa","19","190","Marion County","125","1250",33172,0,33414,33193,,33381,,33487,,33551,555555555,33642,555555555
"G1901270","Iowa","19","190","Marshall County","127","1270",39964,0,40105,39804,,40137,,40049,,39971,555555555,40114,555555555
"G1901290","Iowa","19","190","Mills County","129","1290",15034,0,14484,15023,,14658,,14605,,14563,555555555,14568,555555555
"G1901310","Iowa","19","190","Mitchell County","131","1310",10608,0,10565,10588,,10526,,10537,,10548,555555555,10575,555555555
"G1901330","Iowa","19","190","Monona County","133","1330",8730,0,8751,8675,,8732,,8671,,8619,555555555,8557,555555555
"G1901350","Iowa","19","190","Monroe County","135","1350",7807,0,7577,7761,,7589,,7574,,7546,555555555,7513,555555555
"G1901370","Iowa","19","190","Montgomery County","137","1370",10053,0,10330,10016,,10327,,10285,,10254,555555555,10214,555555555
"G1901390","Iowa","19","190","Muscatine County","139","1390",42889,0,43235,42703,,43145,,42968,,42735,555555555,42559,555555555
"G1901410","Iowa","19","190","O'Brien County","141","1410",13835,0,14182,13796,,14139,,14138,,14103,555555555,14126,555555555
"G1901430","Iowa","19","190","Osceola County","143","1430",6052,0,6192,6016,,6168,,6149,,6114,555555555,6100,555555555
"G1901450","Iowa","19","190","Page County","145","1450",15268,0,15211,15205,,15250,,15225,,15168,555555555,15131,555555555
"G1901470","Iowa","19","190","Palo Alto County","147","1470",9003,0,8996,8941,,8996,,8938,,8902,555555555,8863,555555555
"G1901490","Iowa","19","190","Plymouth County","149","1490",25068,0,25698,25141,,25543,,25621,,25699,555555555,25747,555555555
"G1901510","Iowa","19","190","Pocahontas County","151","1510",6797,0,7078,6725,,7091,,7061,,7040,555555555,7046,555555555
"G1901530","Iowa","19","190","Polk County","153","1530",479612,0,492401,485418,,488871,,493378,,497441,555555555,503175,555555555
"G1901550","Iowa","19","190","Pottawattamie County","155","1550",93393,0,93667,93478,,93571,,93543,,93407,555555555,93424,555555555
"G1901570","Iowa","19","190","Poweshiek County","157","1570",18388,0,18662,18391,,18628,,18608,,18582,555555555,18545,555555555
"G1901590","Iowa","19","190","Ringgold County","159","1590",4964,0,4663,4922,,4739,,4690,,4664,555555555,4645,555555555
"G1901610","Iowa","19","190","Sac County","161","1610",9802,0,9814,9711,,9829,,9778,,9759,555555555,9689,555555555
"G1901630","Iowa","19","190","Scott County","163","1630",172446,0,174669,172938,,174170,,174315,,174302,555555555,174608,555555555
"G1901650","Iowa","19","190","Shelby County","165","1650",11606,0,11746,11544,,11750,,11737,,11757,555555555,11778,555555555
"G1901670","Iowa","19","190","Sioux County","167","1670",34827,0,35872,34900,,35647,,35815,,35984,555555555,36212,555555555
"G1901690","Iowa","19","190","Story County","169","1690",96941,0,98537,97355,,98106,,98573,,98592,555555555,100466,555555555
"G1901710","Iowa","19","190","Tama County","171","1710",17032,0,17135,16962,,17079,,17017,,16982,555555555,16868,555555555
"G1901730","Iowa","19","190","Taylor County","173","1730",6167,0,5896,6160,,5932,,5916,,5901,555555555,5868,555555555
"G1901750","Iowa","19","190","Union County","175","1750",12358,0,12138,12303,,12193,,12107,,12038,555555555,11993,555555555
"G1901770","Iowa","19","190","Van Buren County","177","1770",7150,0,7203,7104,,7196,,7207,,7236,555555555,7241,555555555
"G1901790","Iowa","19","190","Wapello County","179","1790",35141,0,35437,35102,,35343,,35292,,35265,555555555,35362,555555555
"G1901810","Iowa","19","190","Warren County","181","1810",50076,0,52403,50867,,51862,,52709,,53484,555555555,54409,555555555
"G1901830","Iowa","19","190","Washington County","183","1830",22100,0,22565,22100,,22525,,22534,,22539,555555555,22561,555555555
"G1901850","Iowa","19","190","Wayne County","185","1850",6429,0,6497,6426,,6504,,6484,,6518,555555555,6532,555555555
"G1901870","Iowa","19","190","Webster County","187","1870",36545,0,36999,36348,,37114,,36986,,36848,555555555,36886,555555555
"G1901890","Iowa","19","190","Winnebago County","189","1890",10534,0,10679,10474,,10743,,10704,,10648,555555555,10583,555555555
"G1901910","Iowa","19","190","Winneshiek County","191","1910",20262,0,20070,20090,,20100,,20050,,19972,555555555,19873,555555555
"G1901930","Iowa","19","190","Woodbury County","193","1930",102586,0,105941,102687,,105102,,105526,,105760,555555555,106247,555555555
"G1901950","Iowa","19","190","Worth County","195","1950",7445,0,7443,7422,,7450,,7417,,7380,555555555,7350,555555555
"G1901970","Iowa","19","190","Wright County","197","1970",12739,0,12943,12644,,12978,,12897,,12817,555555555,12791,555555555
"G2000010","Kansas","20","200","Allen County","001","0010",12556,0,12526,12503,,12557,,12554,,12491,555555555,12483,555555555
"G2000030","Kansas","20","200","Anderson County","003","0030",7835,0,7836,7877,,7800,,7799,,7819,555555555,7834,555555555
"G2000050","Kansas","20","200","Atchison County","005","0050",16268,0,16348,16210,,16382,,16309,,16211,555555555,16208,555555555
"G2000070","Kansas","20","200","Barber County","007","0070",4624,147,4228,4493,175,4178,192,4081,188,4153,172,4069,174
"G2000090","Kansas","20","200","Barton County","009","0090",26453,0,25493,26209,,25708,,25477,,25275,555555555,25097,555555555
"G2000110","Kansas","20","200","Bourbon County","011","0110",14608,0,14360,14539,,14410,,14405,,14384,555555555,14394,555555555
"G2000130","Kansas","20","200","Brown County","013","0130",9626,0,9508,9575,,9532,,9486,,9415,555555555,9343,555555555
"G2000150","Kansas","20","200","Butler County","015","0150",66698,0,67380,66890,,67404,,67618,,67916,555555555,68287,555555555
"G2000170","Kansas","20","200","Chase County","017","0170",2637,0,2572,2604,,2583,,2570,,2579,555555555,2561,555555555
"G2000190","Kansas","20","200","Chautauqua County","019","0190",3323,0,3379,3280,,3394,,3389,,3370,555555555,3370,555555555
"G2000210","Kansas","20","200","Cherokee County","021","0210",20179,0,19362,20017,,19507,,19380,,19236,555555555,19151,555555555
"G2000230","Kansas","20","200","Cheyenne County","023","0230",2665,0,2616,2639,,2647,,2619,,2628,555555555,2628,555555555
"G2000250","Kansas","20","200","Clark County","025","0250",2026,0,1991,2006,,1994,,1977,,1987,199,1974,166
"G2000270","Kansas","20","200","Clay County","027","0270",8082,0,8117,8030,,8085,,8088,,8071,555555555,8048,555555555
"G2000290","Kansas","20","200","Cloud County","029","0290",8938,0,9032,8831,,9037,,9008,,8973,555555555,8898,555555555
"G2000310","Kansas","20","200","Coffey County","031","0310",8254,0,8360,8218,,8361,,8334,,8304,555555555,8308,555555555
"G2000330","Kansas","20","200","Comanche County","033","0330",1740,147,1689,1759,175,1809,192,1825,188,1685,172,1729,174
"G2000350","Kansas","20","200","Cowley County","035","0350",35351,0,34549,35090,,34769,,34661,,34487,555555555,34411,555555555
"G2000370","Kansas","20","200","Crawford County","037","0370",38968,0,38972,38874,,39018,,39012,,38963,555555555,39008,555555555
"G2000390","Kansas","20","200","Decatur County","039","0390",2860,0,2764,2826,,2792,,2771,,2746,555555555,2726,555555555
"G2000410","Kansas","20","200","Dickinson County","041","0410",18828,0,18402,18614,,18572,,18492,,18423,555555555,18445,555555555
"G2000430","Kansas","20","200","Doniphan County","043","0430",7684,0,7510,7616,,7549,,7501,,7492,555555555,7503,555555555
"G2000450","Kansas","20","200","Douglas County","045","0450",120290,0,118785,121304,,118690,,119094,,119547,555555555,120302,555555555
"G2000470","Kansas","20","200","Edwards County","047","0470",2869,0,2907,2822,,2911,,2849,,2817,555555555,2779,555555555
"G2000490","Kansas","20","200","Elk County","049","0490",2523,0,2483,2502,,2466,,2453,,2464,555555555,2453,555555555
"G2000510","Kansas","20","200","Ellis County","051","0510",28775,0,28934,28747,,28893,,28921,,28870,555555555,28920,555555555
"G2000530","Kansas","20","200","Ellsworth County","053","0530",6231,0,6376,6176,,6403,,6374,,6366,555555555,6360,555555555
"G2000550","Kansas","20","200","Finney County","055","0550",36750,0,38470,36451,,38338,,38187,,38001,555555555,38084,555555555
"G2000570","Kansas","20","200","Ford County","057","0570",34179,0,34287,33718,,34426,,34212,,34133,555555555,34074,555555555
"G2000590","Kansas","20","200","Franklin County","059","0590",25558,0,25996,25643,,25953,,25968,,25994,555555555,26106,555555555
"G2000610","Kansas","20","200","Geary County","061","0610",34025,0,36739,33309,,36514,,36247,,35895,555555555,35815,555555555
"G2000630","Kansas","20","200","Gove County","063","0630",2644,133,2718,2650,149,2774,172,2758,174,2796,155,2799,149
"G2000650","Kansas","20","200","Graham County","065","0650",2519,0,2415,2464,,2444,,2430,,2406,555555555,2389,555555555
"G2000670","Kansas","20","200","Grant County","067","0670",7467,0,7352,7324,,7430,,7336,,7284,555555555,7229,555555555
"G2000690","Kansas","20","200","Gray County","069","0690",6039,0,5653,6020,,5720,,5719,,5696,555555555,5701,555555555
"G2000710","Kansas","20","200","Greeley County","071","0710",1185,110,1284,1156,119,1257,133,1279,113,1296,123,1304,122
"G2000730","Kansas","20","200","Greenwood County","073","0730",6081,0,6016,6010,,6049,,6001,,5956,555555555,5919,555555555
"G2000750","Kansas","20","200","Hamilton County","075","0750",2591,0,2518,2552,,2572,,2520,,2485,555555555,2471,555555555
"G2000770","Kansas","20","200","Harper County","077","0770",5594,0,5485,5506,,5525,,5457,,5446,555555555,5400,555555555
"G2000790","Kansas","20","200","Harvey County","079","0790",34503,0,34024,34434,,34006,,33959,,33823,555555555,33756,555555555
"G2000810","Kansas","20","200","Haskell County","081","0810",4018,0,3780,3990,,3803,,3735,,3695,555555555,3641,555555555
"G2000830","Kansas","20","200","Hodgeman County","083","0830",1876,134,1723,1872,164,1851,140,1770,156,1676,169,1652,160
"G2000850","Kansas","20","200","Jackson County","085","0850",13266,0,13232,13249,,13287,,13274,,13277,555555555,13341,555555555
"G2000870","Kansas","20","200","Jefferson County","087","0870",18890,0,18368,18974,,18391,,18387,,18391,555555555,18349,555555555
"G2000890","Kansas","20","200","Jewell County","089","0890",2885,0,2932,2854,,2927,,2929,,2909,555555555,2916,555555555
"G2000910","Kansas","20","200","Johnson County","091","0910",591506,0,609863,597574,,605154,,610742,,614764,555555555,620631,555555555
"G2000930","Kansas","20","200","Kearny County","093","0930",3907,0,3983,3863,,4019,,3964,,3910,555555555,3864,555555555
"G2000950","Kansas","20","200","Kingman County","095","0950",7340,0,7470,7173,,7495,,7369,,7284,555555555,7186,555555555
"G2000970","Kansas","20","200","Kiowa County","097","0970",2505,0,2460,2483,,2457,,2445,,2422,555555555,2422,555555555
"G2000990","Kansas","20","200","Labette County","099","0990",20119,0,20184,19938,,20222,,20096,,19949,555555555,19869,555555555
"G2001010","Kansas","20","200","Lane County","101","1010",1564,133,1574,1523,149,1504,172,1528,174,1497,155,1461,149
"G2001030","Kansas","20","200","Leavenworth County","103","1030",80745,0,81881,81499,,81601,,82050,,82493,555555555,83123,555555555
"G2001050","Kansas","20","200","Lincoln County","105","1050",3044,0,2939,3013,,2952,,2929,,2924,555555555,2923,555555555
"G2001070","Kansas","20","200","Linn County","107","1070",9671,0,9591,9687,,9667,,9696,,9723,555555555,9767,555555555
"G2001090","Kansas","20","200","Logan County","109","1090",2805,0,2762,2789,,2777,,2752,,2720,555555555,2707,555555555
"G2001110","Kansas","20","200","Lyon County","111","1110",33251,0,32179,33237,,32318,,32182,,32145,555555555,32186,555555555
"G2001150","Kansas","20","200","Marion County","115","1150",11964,0,11823,11865,,11877,,11867,,11795,555555555,11754,555555555
"G2001170","Kansas","20","200","Marshall County","117","1170",9749,0,10038,9713,,9995,,10014,,10001,555555555,9993,555555555
"G2001130","Kansas","20","200","McPherson County","113","1130",28567,0,30223,28557,,30059,,30085,,30130,555555555,30205,555555555
"G2001190","Kansas","20","200","Meade County","119","1190",4180,0,4055,4120,,4089,,4019,,3949,199,3903,166
"G2001210","Kansas","20","200","Miami County","121","1210",33417,0,34191,33740,,33968,,34312,,34625,555555555,34938,555555555
"G2001230","Kansas","20","200","Mitchell County","123","1230",6145,0,5796,6053,,5884,,5829,,5767,555555555,5779,555555555
"G2001250","Kansas","20","200","Montgomery County","125","1250",32521,0,31486,32114,,31679,,31448,,31143,555555555,30940,555555555
"G2001270","Kansas","20","200","Morris County","127","1270",5566,0,5386,5551,,5377,,5385,,5388,555555555,5340,555555555
"G2001290","Kansas","20","200","Morton County","129","1290",2754,0,2701,2656,,2744,,2688,,2647,555555555,2611,555555555
"G2001310","Kansas","20","200","Nemaha County","131","1310",10121,0,10273,10109,,10197,,10219,,10213,555555555,10160,555555555
"G2001330","Kansas","20","200","Neosho County","133","1330",16108,0,15904,16008,,15926,,15826,,15715,555555555,15656,555555555
"G2001350","Kansas","20","200","Ness County","135","1350",2876,0,2687,2838,,2717,,2677,,2659,555555555,2653,555555555
"G2001370","Kansas","20","200","Norton County","137","1370",5446,0,5459,5416,,5457,,5431,,5392,555555555,5359,555555555
"G2001390","Kansas","20","200","Osage County","139","1390",15881,0,15766,15855,,15811,,15787,,15780,555555555,15744,555555555
"G2001410","Kansas","20","200","Osborne County","141","1410",3530,0,3500,3494,,3512,,3493,,3473,555555555,3452,555555555
"G2001430","Kansas","20","200","Ottawa County","143","1430",5822,0,5735,5776,,5778,,5768,,5782,555555555,5819,555555555
"G2001450","Kansas","20","200","Pawnee County","145","1450",6629,0,6253,6539,,6356,,6288,,6220,555555555,6144,555555555
"G2001470","Kansas","20","200","Phillips County","147","1470",5340,0,4981,5297,,5022,,4960,,4874,555555555,4813,555555555
"G2001490","Kansas","20","200","Pottawatomie County","149","1490",23847,0,25348,24203,,25082,,25482,,25808,555555555,26204,555555555
"G2001510","Kansas","20","200","Pratt County","151","1510",9452,0,9157,9324,,9266,,9175,,9120,555555555,9127,555555555
"G2001530","Kansas","20","200","Rawlins County","153","1530",2502,0,2561,2490,,2531,,2544,,2533,555555555,2516,555555555
"G2001550","Kansas","20","200","Reno County","155","1550",62765,0,61898,62421,,62071,,61881,,61693,555555555,61553,555555555
"G2001570","Kansas","20","200","Republic County","157","1570",4658,0,4674,4607,,4707,,4686,,4662,555555555,4646,555555555
"G2001590","Kansas","20","200","Rice County","159","1590",9658,0,9427,9532,,9464,,9441,,9389,555555555,9350,555555555
"G2001610","Kansas","20","200","Riley County","161","1610",75056,0,71959,74059,,72602,,72105,,71710,555555555,71946,555555555
"G2001630","Kansas","20","200","Rooks County","163","1630",5053,0,4919,4985,,4975,,4925,,4869,555555555,4813,555555555
"G2001650","Kansas","20","200","Rush County","165","1650",3022,134,2956,2953,164,2883,140,2939,156,2957,169,2947,160
"G2001670","Kansas","20","200","Russell County","167","1670",6948,0,6691,6896,,6747,,6702,,6717,555555555,6679,555555555
"G2001690","Kansas","20","200","Saline County","169","1690",54701,0,54303,54384,,54378,,54160,,53801,555555555,53668,555555555
"G2001710","Kansas","20","200","Scott County","171","1710",4917,0,5151,4893,,5163,,5128,,5071,555555555,5027,555555555
"G2001730","Kansas","20","200","Sedgwick County","173","1730",513375,0,523824,515416,,520467,,522700,,524810,555555555,528226,555555555
"G2001750","Kansas","20","200","Seward County","175","1750",22349,0,21964,21902,,22223,,21942,,21640,555555555,21486,555555555
"G2001770","Kansas","20","200","Shawnee County","177","1770",177852,0,178909,177293,,179053,,178625,,178315,555555555,178025,555555555
"G2001790","Kansas","20","200","Sheridan County","179","1790",2506,0,2447,2515,,2459,,2450,,2442,555555555,2426,555555555
"G2001810","Kansas","20","200","Sherman County","181","1810",5938,0,5927,5904,,5965,,5940,,5919,555555555,5858,555555555
"G2001830","Kansas","20","200","Smith County","183","1830",3627,0,3570,3594,,3588,,3561,,3579,555555555,3552,555555555
"G2001850","Kansas","20","200","Stafford County","185","1850",4181,0,4072,4125,,4106,,4054,,4004,555555555,3978,555555555
"G2001870","Kansas","20","200","Stanton County","187","1870",2052,0,2084,2030,,2088,,2060,,2018,555555555,2038,555555555
"G2001890","Kansas","20","200","Stevens County","189","1890",5603,0,5250,5498,,5320,,5275,,5212,555555555,5162,555555555
"G2001910","Kansas","20","200","Sumner County","191","1910",23114,0,22382,22928,,22603,,22517,,22386,555555555,22353,555555555
"G2001930","Kansas","20","200","Thomas County","193","1930",7810,0,7930,7748,,7902,,7907,,7913,555555555,7885,555555555
"G2001950","Kansas","20","200","Trego County","195","1950",2840,0,2808,2802,,2825,,2798,,2778,555555555,2777,555555555
"G2001970","Kansas","20","200","Wabaunsee County","197","1970",6889,0,6877,6877,,6881,,6922,,6961,555555555,7009,555555555
"G2001990","Kansas","20","200","Wallace County","199","1990",1574,110,1512,1583,119,1529,133,1489,113,1459,123,1417,122
"G2002010","Kansas","20","200","Washington County","201","2010",5493,0,5530,5474,,5531,,5529,,5519,555555555,5533,555555555
"G2002030","Kansas","20","200","Wichita County","203","2030",2130,0,2152,2112,,2150,,2131,,2115,555555555,2091,555555555
"G2002050","Kansas","20","200","Wilson County","205","2050",8688,0,8624,8600,,8713,,8667,,8559,555555555,8505,555555555
"G2002070","Kansas","20","200","Woodson County","207","2070",3157,0,3115,3117,,3162,,3134,,3118,555555555,3109,555555555
"G2002090","Kansas","20","200","Wyandotte County","209","2090",164861,0,169245,165447,,168333,,167989,,167277,555555555,167654,555555555
"G2100010","Kentucky","21","210","Adair County","001","0010",19222,0,18903,19366,,18832,,18887,,19016,555555555,19089,555555555
"G2100030","Kentucky","21","210","Allen County","003","0030",20944,0,20588,21065,,20604,,20773,,21029,555555555,21293,555555555
"G2100050","Kentucky","21","210","Anderson County","005","0050",22409,0,23852,22580,,23646,,23839,,24098,555555555,24353,555555555
"G2100070","Kentucky","21","210","Ballard County","007","0070",8032,0,7728,7914,,7814,,7742,,7678,555555555,7654,555555555
"G2100090","Kentucky","21","210","Barren County","009","0090",43884,0,44485,44026,,44277,,44511,,44670,555555555,44938,555555555
"G2100110","Kentucky","21","210","Bath County","011","0110",12355,0,12750,12421,,12680,,12739,,12812,555555555,12851,555555555
"G2100130","Kentucky","21","210","Bell County","013","0130",26791,0,24097,26426,,24674,,24248,,23878,555555555,23509,555555555
"G2100150","Kentucky","21","210","Boone County","015","0150",130820,0,135968,132368,,134599,,136150,,137676,555555555,139841,555555555
"G2100170","Kentucky","21","210","Bourbon County","017","0170",20058,0,20252,19998,,20281,,20228,,20174,555555555,20240,555555555
"G2100190","Kentucky","21","210","Boyd County","019","0190",47682,0,48261,47361,,48447,,48242,,48043,555555555,47911,555555555
"G2100210","Kentucky","21","210","Boyle County","021","0210",29972,0,30614,30090,,30469,,30613,,30708,555555555,30941,555555555
"G2100230","Kentucky","21","210","Bracken County","023","0230",8305,0,8400,8308,,8394,,8420,,8427,555555555,8444,555555555
"G2100250","Kentucky","21","210","Breathitt County","025","0250",12977,0,13718,12802,,13652,,13580,,13438,555555555,13276,555555555
"G2100270","Kentucky","21","210","Breckinridge County","027","0270",20176,0,20432,20283,,20345,,20528,,20722,555555555,20881,555555555
"G2100290","Kentucky","21","210","Bullitt County","029","0290",80171,0,82217,80921,,81729,,82482,,83209,555555555,84027,555555555
"G2100310","Kentucky","21","210","Butler County","031","0310",12764,0,12371,12756,,12413,,12365,,12373,555555555,12393,555555555
"G2100330","Kentucky","21","210","Caldwell County","033","0330",12702,0,12649,12679,,12641,,12635,,12631,555555555,12618,555555555
"G2100350","Kentucky","21","210","Calloway County","035","0350",38837,0,37103,38991,,37291,,37345,,37882,555555555,38224,555555555
"G2100370","Kentucky","21","210","Campbell County","037","0370",92861,0,93076,93608,,93023,,93122,,93193,555555555,93426,555555555
"G2100390","Kentucky","21","210","Carlisle County","039","0390",4784,0,4826,4738,,4821,,4782,,4763,555555555,4762,555555555
"G2100410","Kentucky","21","210","Carroll County","041","0410",10671,0,10810,10691,,10808,,10842,,10878,555555555,10954,555555555
"G2100430","Kentucky","21","210","Carter County","043","0430",27159,0,26627,26976,,26820,,26671,,26515,555555555,26341,555555555
"G2100450","Kentucky","21","210","Casey County","045","0450",15885,0,15941,15968,,15863,,15942,,15951,555555555,15914,555555555
"G2100470","Kentucky","21","210","Christian County","047","0470",71414,0,72748,71470,,72377,,72766,,72599,555555555,72069,555555555
"G2100490","Kentucky","21","210","Clark County","049","0490",35971,0,36972,36152,,36716,,36897,,37004,555555555,37192,555555555
"G2100510","Kentucky","21","210","Clay County","051","0510",20368,0,20345,20110,,20484,,20322,,20105,555555555,19921,555555555
"G2100530","Kentucky","21","210","Clinton County","053","0530",10193,0,9253,10175,,9372,,9295,,9240,555555555,9202,555555555
"G2100550","Kentucky","21","210","Crittenden County","055","0550",9000,0,8990,8940,,8997,,8979,,8972,555555555,8979,555555555
"G2100570","Kentucky","21","210","Cumberland County","057","0570",6697,0,5888,6660,,6023,,5974,,5948,555555555,5948,555555555
"G2100590","Kentucky","21","210","Daviess County","059","0590",100474,0,103312,101001,,102488,,102916,,103195,555555555,103648,555555555
"G2100610","Kentucky","21","210","Edmonson County","061","0610",12138,0,12126,12195,,12165,,12179,,12243,555555555,12355,555555555
"G2100630","Kentucky","21","210","Elliott County","063","0630",7510,0,7354,7461,,7414,,7378,,7336,555555555,7307,555555555
"G2100650","Kentucky","21","210","Estill County","065","0650",14224,0,14163,14187,,14157,,14138,,14079,555555555,14035,555555555
"G2100670","Kentucky","21","210","Fayette County","067","0670",320601,0,322570,322200,,321354,,321276,,321122,555555555,323725,555555555
"G2100690","Kentucky","21","210","Fleming County","069","0690",14513,0,15082,14519,,14996,,15111,,15221,555555555,15323,555555555
"G2100710","Kentucky","21","210","Floyd County","071","0710",36456,0,35942,35931,,36127,,35780,,35342,555555555,35224,555555555
"G2100730","Kentucky","21","210","Franklin County","073","0730",50529,0,51541,50744,,51319,,51475,,51563,555555555,51842,555555555
"G2100750","Kentucky","21","210","Fulton County","075","0750",6130,0,6515,6064,,6507,,6480,,6440,555555555,6409,555555555
"G2100770","Kentucky","21","210","Gallatin County","077","0770",8737,0,8690,8760,,8694,,8720,,8749,555555555,8769,555555555
"G2100790","Kentucky","21","210","Garrard County","079","0790",17445,0,16953,17554,,17018,,17175,,17346,555555555,17568,555555555
"G2100810","Kentucky","21","210","Grant County","081","0810",24951,0,24941,25107,,24918,,25085,,25238,555555555,25418,555555555
"G2100830","Kentucky","21","210","Graves County","083","0830",37248,0,36649,37125,,36796,,36701,,36612,555555555,36630,555555555
"G2100850","Kentucky","21","210","Grayson County","085","0850",26247,0,26420,26313,,26351,,26465,,26586,555555555,26707,555555555
"G2100870","Kentucky","21","210","Green County","087","0870",10979,0,11107,11000,,11141,,11198,,11278,555555555,11369,555555555
"G2100890","Kentucky","21","210","Greenup County","089","0890",35555,0,35962,35359,,35996,,35853,,35639,555555555,35501,555555555
"G2100910","Kentucky","21","210","Hancock County","091","0910",8720,0,9095,8748,,9050,,9058,,9032,555555555,9034,555555555
"G2100930","Kentucky","21","210","Hardin County","093","0930",108527,0,110702,109627,,110134,,111005,,111452,555555555,111942,555555555
"G2100950","Kentucky","21","210","Harlan County","095","0950",26699,0,26831,26307,,26921,,26589,,26185,555555555,25772,555555555
"G2100970","Kentucky","21","210","Harrison County","097","0970",18722,0,18692,18763,,18690,,18803,,18971,555555555,19140,555555555
"G2100990","Kentucky","21","210","Hart County","099","0990",18729,0,19288,18833,,19194,,19345,,19470,555555555,19603,555555555
"G2101010","Kentucky","21","210","Henderson County","101","1010",45829,0,44793,45550,,45102,,44770,,44493,555555555,44280,555555555
"G2101030","Kentucky","21","210","Henry County","103","1030",15911,0,15678,15999,,15691,,15731,,15774,555555555,15856,555555555
"G2101050","Kentucky","21","210","Hickman County","105","1050",4510,0,4521,4461,,4529,,4491,,4470,555555555,4439,555555555
"G2101070","Kentucky","21","210","Hopkins County","107","1070",45331,0,45423,45044,,45432,,45223,,45143,555555555,45119,555555555
"G2101090","Kentucky","21","210","Jackson County","109","1090",13369,0,12955,13368,,13029,,13002,,13003,555555555,13086,555555555
"G2101110","Kentucky","21","210","Jefferson County","111","1110",767419,0,782969,768419,,780449,,779232,,777392,555555555,783022,555555555
"G2101130","Kentucky","21","210","Jessamine County","113","1130",53032,0,52991,53476,,53016,,53381,,53792,555555555,54588,555555555
"G2101150","Kentucky","21","210","Johnson County","115","1150",22634,0,22680,22427,,22794,,22631,,22464,555555555,22334,555555555
"G2101170","Kentucky","21","210","Kenton County","117","1170",165668,0,169064,166552,,168264,,169066,,169817,555555555,171288,555555555
"G2101190","Kentucky","21","210","Knott County","119","1190",15260,0,14251,15041,,14506,,14282,,14046,555555555,13830,555555555
"G2101210","Kentucky","21","210","Knox County","121","1210",31365,0,30193,31288,,30367,,30207,,30034,555555555,29865,555555555
"G2101230","Kentucky","21","210","Larue County","123","1230",14204,0,14867,14269,,14768,,14902,,15028,555555555,15107,555555555
"G2101250","Kentucky","21","210","Laurel County","125","1250",60357,0,62613,60631,,62090,,62442,,62731,555555555,62983,555555555
"G2101270","Kentucky","21","210","Lawrence County","127","1270",15671,0,16293,15604,,16274,,16228,,16171,555555555,16077,555555555
"G2101290","Kentucky","21","210","Lee County","129","1290",6881,0,7395,7088,,7263,,7338,,7375,555555555,7339,555555555
"G2101310","Kentucky","21","210","Leslie County","131","1310",10283,0,10513,10081,,10622,,10468,,10261,555555555,10079,555555555
"G2101330","Kentucky","21","210","Letcher County","133","1330",22295,0,21548,21936,,21784,,21490,,21146,555555555,20808,555555555
"G2101350","Kentucky","21","210","Lewis County","135","1350",13417,0,13080,13345,,13103,,13063,,13028,555555555,12965,555555555
"G2101370","Kentucky","21","210","Lincoln County","137","1370",24476,0,24275,24493,,24314,,24320,,24415,555555555,24504,555555555
"G2101390","Kentucky","21","210","Livingston County","139","1390",9235,0,8888,9172,,8989,,8980,,8941,555555555,8903,555555555
"G2101410","Kentucky","21","210","Logan County","141","1410",26902,0,27432,27049,,27319,,27498,,27731,555555555,27986,555555555
"G2101430","Kentucky","21","210","Lyon County","143","1430",8271,0,8680,8226,,8700,,8721,,8831,555555555,8900,555555555
"G2101510","Kentucky","21","210","Madison County","151","1510",90802,0,92701,92090,,92194,,92955,,94064,555555555,95769,555555555
"G2101530","Kentucky","21","210","Magoffin County","153","1530",12491,0,11637,12346,,11818,,11647,,11495,555555555,11348,555555555
"G2101550","Kentucky","21","210","Marion County","155","1550",19244,0,19581,19257,,19556,,19627,,19680,555555555,19749,555555555
"G2101570","Kentucky","21","210","Marshall County","157","1570",31192,0,31659,31225,,31662,,31706,,31728,555555555,31743,555555555
"G2101590","Kentucky","21","210","Martin County","159","1590",11648,0,11287,11421,,11394,,11298,,11181,555555555,11027,555555555
"G2101610","Kentucky","21","210","Mason County","161","1610",17112,0,17120,17122,,17103,,17068,,16995,555555555,16956,555555555
"G2101450","Kentucky","21","210","McCracken County","145","1450",65268,0,67875,65485,,67394,,67573,,67584,555555555,67564,555555555
"G2101470","Kentucky","21","210","McCreary County","147","1470",17465,0,16888,17333,,17044,,16892,,16905,555555555,16867,555555555
"G2101490","Kentucky","21","210","McLean County","149","1490",9283,0,9152,9202,,9182,,9173,,9127,555555555,9114,555555555
"G2101630","Kentucky","21","210","Meade County","163","1630",28182,0,30003,28379,,29735,,29964,,30032,555555555,30158,555555555
"G2101650","Kentucky","21","210","Menifee County","165","1650",6443,0,6113,6463,,6149,,6174,,6203,555555555,6230,555555555
"G2101670","Kentucky","21","210","Mercer County","167","1670",21592,0,22641,21690,,22470,,22662,,22824,555555555,23028,555555555
"G2101690","Kentucky","21","210","Metcalfe County","169","1690",10036,0,10286,10062,,10275,,10313,,10372,555555555,10425,555555555
"G2101710","Kentucky","21","210","Monroe County","171","1710",10627,0,11338,10616,,11269,,11331,,11318,555555555,11269,555555555
"G2101730","Kentucky","21","210","Montgomery County","173","1730",27884,0,28114,28042,,28084,,28188,,28271,555555555,28395,555555555
"G2101750","Kentucky","21","210","Morgan County","175","1750",13288,0,13726,13270,,13772,,13840,,13938,555555555,14053,555555555
"G2101770","Kentucky","21","210","Muhlenberg County","177","1770",30951,0,30928,30815,,31011,,30735,,30712,555555555,30591,555555555
"G2101790","Kentucky","21","210","Nelson County","179","1790",45650,0,46738,45915,,46440,,46779,,47102,555555555,47606,555555555
"G2101810","Kentucky","21","210","Nicholas County","181","1810",7153,0,7537,7189,,7517,,7613,,7655,555555555,7708,555555555
"G2101830","Kentucky","21","210","Ohio County","183","1830",24071,0,23772,24081,,23861,,23782,,23704,555555555,23735,555555555
"G2101850","Kentucky","21","210","Oldham County","185","1850",65967,0,67607,66508,,67586,,67997,,68600,555555555,69257,555555555
"G2101870","Kentucky","21","210","Owen County","187","1870",10796,0,11278,10847,,11160,,11229,,11270,555555555,11330,555555555
"G2101890","Kentucky","21","210","Owsley County","189","1890",4442,0,4051,4416,,4094,,4054,,4021,555555555,3971,555555555
"G2101910","Kentucky","21","210","Pendleton County","191","1910",14572,0,14644,14587,,14625,,14638,,14683,555555555,14723,555555555
"G2101930","Kentucky","21","210","Perry County","193","1930",26624,0,28473,26266,,28421,,28136,,27847,555555555,27499,555555555
"G2101950","Kentucky","21","210","Pike County","195","1950",59497,0,58669,58595,,58914,,58196,,57466,555555555,56727,555555555
"G2101970","Kentucky","21","210","Powell County","197","1970",12304,0,13129,12283,,13050,,13089,,13057,555555555,13038,555555555
"G2101990","Kentucky","21","210","Pulaski County","199","1990",64350,0,65034,64789,,64717,,65145,,65503,555555555,65897,555555555
"G2102010","Kentucky","21","210","Robertson County","201","2010",2123,0,2193,2139,,2196,,2207,,2239,555555555,2283,555555555
"G2102030","Kentucky","21","210","Rockcastle County","203","2030",16820,0,16037,16795,,16167,,16171,,16144,555555555,16163,555555555
"G2102050","Kentucky","21","210","Rowan County","205","2050",24507,0,24662,24534,,24654,,24551,,24525,555555555,24578,555555555
"G2102070","Kentucky","21","210","Russell County","207","2070",17778,0,17991,17846,,17909,,18021,,18117,555555555,18221,555555555
"G2102090","Kentucky","21","210","Scott County","209","2090",54667,0,57155,55961,,56267,,57286,,58269,555555555,59536,555555555
"G2102110","Kentucky","21","210","Shelby County","211","2110",47325,0,48065,48100,,47523,,48105,,48599,555555555,49096,555555555
"G2102130","Kentucky","21","210","Simpson County","213","2130",18183,0,19594,18319,,19324,,19574,,19786,555555555,19972,555555555
"G2102150","Kentucky","21","210","Spencer County","215","2150",18680,0,19490,18945,,19256,,19549,,19875,555555555,20193,555555555
"G2102170","Kentucky","21","210","Taylor County","217","2170",25571,0,26023,25572,,25948,,26056,,26205,555555555,26397,555555555
"G2102190","Kentucky","21","210","Todd County","219","2190",12316,0,12243,12334,,12206,,12281,,12330,555555555,12469,555555555
"G2102210","Kentucky","21","210","Trigg County","221","2210",14449,0,14061,14569,,14067,,14154,,14211,555555555,14315,555555555
"G2102230","Kentucky","21","210","Trimble County","223","2230",8558,0,8474,8528,,8502,,8510,,8531,555555555,8550,555555555
"G2102250","Kentucky","21","210","Union County","225","2250",14638,0,13668,14582,,13786,,13495,,13379,555555555,13260,555555555
"G2102270","Kentucky","21","210","Warren County","227","2270",128652,0,134554,130836,,133216,,135307,,137549,555555555,140918,555555555
"G2102290","Kentucky","21","210","Washington County","229","2290",12023,0,12027,12044,,11957,,12025,,12091,555555555,12140,555555555
"G2102310","Kentucky","21","210","Wayne County","231","2310",20546,0,19555,20447,,19743,,19666,,19592,555555555,19602,555555555
"G2102330","Kentucky","21","210","Webster County","233","2330",13068,0,13017,13021,,12994,,12951,,12873,555555555,12842,555555555
"G2102350","Kentucky","21","210","Whitley County","235","2350",36131,0,36712,36252,,36578,,36648,,36755,555555555,36920,555555555
"G2102370","Kentucky","21","210","Wolfe County","237","2370",7207,0,6562,7188,,6666,,6573,,6484,555555555,6443,555555555
"G2102390","Kentucky","21","210","Woodford County","239","2390",26318,0,26871,26486,,26758,,26886,,27017,555555555,27279,555555555
"G2200010","Louisiana","22","220","Acadia Parish","001","0010",62457,0,57576,62371,,58200,,57674,,57218,555555555,56955,555555555
"G2200030","Louisiana","22","220","Allen Parish","003","0030",25618,0,22750,25572,,23085,,22798,,22552,555555555,22477,555555555
"G2200050","Louisiana","22","220","Ascension Parish","005","0050",123114,0,126500,125061,,125289,,126973,,128593,555555555,130314,555555555
"G2200070","Louisiana","22","220","Assumption Parish","007","0070",22478,0,21039,22236,,21366,,21067,,20720,555555555,20484,555555555
"G2200090","Louisiana","22","220","Avoyelles Parish","009","0090",40669,0,39693,40465,,39880,,39529,,39176,555555555,38905,555555555
"G2200110","Louisiana","22","220","Beauregard Parish","011","0110",37043,0,36549,37387,,36417,,36553,,36646,555555555,36676,555555555
"G2200130","Louisiana","22","220","Bienville Parish","013","0130",13564,0,12981,13391,,13130,,12958,,12769,555555555,12638,555555555
"G2200150","Louisiana","22","220","Bossier Parish","015","0150",126499,0,128746,126952,,128508,,128877,,129134,555555555,129789,555555555
"G2200170","Louisiana","22","220","Caddo Parish","017","0170",245831,0,237848,243243,,239775,,236259,,232973,555555555,230004,555555555
"G2200190","Louisiana","22","220","Calcasieu Parish","019","0190",201619,0,216785,202858,,212646,,210770,,208668,555555555,207088,555555555
"G2200210","Louisiana","22","220","Caldwell Parish","021","0210",9992,0,9645,9959,,9707,,9658,,9563,555555555,9500,555555555
"G2200230","Louisiana","22","220","Cameron Parish","023","0230",6930,0,5617,6963,,5650,,5447,,5222,555555555,5015,555555555
"G2200250","Louisiana","22","220","Catahoula Parish","025","0250",9766,0,8906,9586,,9117,,8895,,8738,555555555,8583,555555555
"G2200270","Louisiana","22","220","Claiborne Parish","027","0270",15985,0,14170,15854,,14456,,14203,,14019,555555555,13833,555555555
"G2200290","Louisiana","22","220","Concordia Parish","029","0290",19778,0,18687,19533,,18989,,18677,,18325,555555555,18174,555555555
"G2200310","Louisiana","22","220","De Soto Parish","031","0310",27289,0,26812,27395,,26803,,26821,,26897,555555555,27026,555555555
"G2200330","Louisiana","22","220","East Baton Rouge Parish","033","0330",443763,0,456781,443158,,455447,,454369,,452821,555555555,452938,555555555
"G2200350","Louisiana","22","220","East Carroll Parish","035","0350",7096,0,7459,6947,,7502,,7371,,7195,555555555,7072,555555555
"G2200370","Louisiana","22","220","East Feliciana Parish","037","0370",19371,0,19539,19228,,19588,,19452,,19378,555555555,19271,555555555
"G2200390","Louisiana","22","220","Evangeline Parish","039","0390",33589,0,32350,33491,,32538,,32335,,32162,555555555,32060,555555555
"G2200410","Louisiana","22","220","Franklin Parish","041","0410",20238,0,19774,20109,,19964,,19752,,19590,555555555,19408,555555555
"G2200430","Louisiana","22","220","Grant Parish","043","0430",22340,0,22169,22339,,22236,,22185,,22123,555555555,22095,555555555
"G2200450","Louisiana","22","220","Iberia Parish","045","0450",71887,0,69929,70763,,70518,,69958,,69194,555555555,68599,555555555
"G2200470","Louisiana","22","220","Iberville Parish","047","0470",32822,0,30241,32626,,30651,,30210,,29950,555555555,29815,555555555
"G2200490","Louisiana","22","220","Jackson Parish","049","0490",15879,0,15031,15822,,15214,,15093,,14939,555555555,14884,555555555
"G2200530","Louisiana","22","220","Jefferson Davis Parish","053","0530",31441,0,32250,31425,,32270,,32277,,32083,555555555,31924,555555555
"G2200510","Louisiana","22","220","Jefferson Parish","051","0510",434850,0,440781,434903,,439402,,436171,,432484,555555555,430920,555555555
"G2200590","Louisiana","22","220","LaSalle Parish","059","0590",14936,0,14791,14950,,14770,,14764,,14804,555555555,14789,555555555
"G2200550","Louisiana","22","220","Lafayette Parish","055","0550",241973,0,241753,243692,,241173,,243175,,245075,555555555,247997,555555555
"G2200570","Louisiana","22","220","Lafourche Parish","057","0570",98108,0,97557,97980,63,97677,,97220,,96670,555555555,96252,555555555
"G2200610","Louisiana","22","220","Lincoln Parish","061","0610",47246,0,48396,47118,,48415,,48323,,48160,555555555,48174,555555555
"G2200630","Louisiana","22","220","Livingston Parish","063","0630",138928,0,142282,140524,,141057,,143425,,145583,555555555,148115,555555555
"G2200650","Louisiana","22","220","Madison Parish","065","0650",11306,0,10017,11137,,10297,,10028,,9757,555555555,9513,555555555
"G2200670","Louisiana","22","220","Morehouse Parish","067","0670",25610,0,25629,25189,,25852,,25438,,24967,555555555,24551,555555555
"G2200690","Louisiana","22","220","Natchitoches Parish","069","0690",38769,0,37515,38505,,37896,,37478,,37047,555555555,36693,555555555
"G2200710","Louisiana","22","220","Orleans Parish","071","0710",390845,0,383997,391249,,383974,,380408,,376035,555555555,371853,555555555
"G2200730","Louisiana","22","220","Ouachita Parish","073","0730",155494,0,160368,154679,,160227,,159585,,158916,555555555,158480,555555555
"G2200750","Louisiana","22","220","Plaquemines Parish","075","0750",23338,0,23515,23305,,23536,,23305,,23070,555555555,22803,555555555
"G2200770","Louisiana","22","220","Pointe Coupee Parish","077","0770",22016,0,20758,21883,,20951,,20652,,20438,555555555,20217,555555555
"G2200790","Louisiana","22","220","Rapides Parish","079","0790",130970,0,130023,130376,,130459,,129536,,128470,555555555,127527,555555555
"G2200810","Louisiana","22","220","Red River Parish","081","0810",8565,0,7620,8462,,7787,,7631,,7529,555555555,7443,555555555
"G2200830","Louisiana","22","220","Richland Parish","083","0830",20350,0,20043,20251,,20110,,20028,,19908,555555555,19822,555555555
"G2200850","Louisiana","22","220","Sabine Parish","085","0850",23991,0,22155,23915,,22377,,22209,,22085,555555555,21977,555555555
"G2200870","Louisiana","22","220","St. Bernard Parish","087","0870",46266,0,43764,46694,,43821,,44038,,44172,555555555,44419,555555555
"G2200890","Louisiana","22","220","St. Charles Parish","089","0890",52773,0,52549,52856,,52411,,52191,,51863,555555555,51396,555555555
"G2200910","Louisiana","22","220","St. Helena Parish","091","0910",10297,0,10920,10227,,10881,,10872,,10849,555555555,10858,555555555
"G2200930","Louisiana","22","220","St. James Parish","093","0930",21308,0,20192,21142,,20390,,20090,,19797,555555555,19528,555555555
"G2200950","Louisiana","22","220","St. John the Baptist Parish","095","0950",43242,0,42477,43055,,42704,,41986,,41342,555555555,40743,555555555
"G2200970","Louisiana","22","220","St. Landry Parish","097","0970",83172,0,82540,82786,,82999,,82574,,82128,555555555,81670,555555555
"G2200990","Louisiana","22","220","St. Martin Parish","099","0990",53732,0,51767,53607,,52222,,51856,,51559,555555555,51353,555555555
"G2201010","Louisiana","22","220","St. Mary Parish","101","1010",50968,0,49406,50020,,49818,,49114,,48455,555555555,47828,555555555
"G2201030","Louisiana","22","220","St. Tammany Parish","103","1030",255155,0,264570,258447,,262799,,266168,,269331,555555555,272421,555555555
"G2201050","Louisiana","22","220","Tangipahoa Parish","105","1050",132057,0,133157,133753,,132492,,133953,,135218,555555555,136738,555555555
"G2201070","Louisiana","22","220","Tensas Parish","107","1070",4561,0,4147,4435,,4269,,4127,,3992,555555555,3935,555555555
"G2201090","Louisiana","22","220","Terrebonne Parish","109","1090",112054,0,109580,111297,63,110100,,108862,,107362,555555555,106186,555555555
"G2201110","Louisiana","22","220","Union Parish","111","1110",22353,0,21107,22270,,21272,,21049,,20914,555555555,20821,555555555
"G2201130","Louisiana","22","220","Vermilion Parish","113","1130",59865,0,57359,59787,,57775,,57202,,57031,555555555,57123,555555555
"G2201150","Louisiana","22","220","Vernon Parish","115","1150",49646,0,48750,49315,,49064,,48452,,47764,555555555,47117,555555555
"G2201170","Louisiana","22","220","Washington Parish","117","1170",46435,0,45463,46325,,45794,,45514,,45238,555555555,45120,555555555
"G2201190","Louisiana","22","220","Webster Parish","119","1190",39242,0,36967,38813,,37356,,36761,,36189,555555555,35820,555555555
"G2201210","Louisiana","22","220","West Baton Rouge Parish","121","1210",26101,0,27199,26395,,27064,,27377,,27666,555555555,27974,555555555
"G2201230","Louisiana","22","220","West Carroll Parish","123","1230",11041,0,9751,10934,,9959,,9800,,9622,555555555,9464,555555555
"G2201250","Louisiana","22","220","West Feliciana Parish","125","1250",15428,0,15310,15441,,15334,,15358,,15381,555555555,15327,555555555
"G2201270","Louisiana","22","220","Winn Parish","127","1270",14313,0,13755,14165,,13875,,13665,,13506,555555555,13467,555555555
"G2300010","Maine","23","230","Androscoggin County","001","0010",107602,0,111139,107958,,110378,,111532,,112323,555555555,113423,555555555
"G2300030","Maine","23","230","Aroostook County","003","0030",67809,0,67105,67431,,67272,,67237,,67227,555555555,67058,555555555
"G2300050","Maine","23","230","Cumberland County","005","0050",292307,0,303069,294520,,300776,,303357,,305940,555555555,308827,555555555
"G2300070","Maine","23","230","Franklin County","007","0070",29982,0,29456,29933,,29487,,29839,,30145,555555555,30413,555555555
"G2300090","Maine","23","230","Hancock County","009","0090",54601,0,55478,54832,,55417,,55851,,56084,555555555,56460,555555555
"G2300110","Maine","23","230","Kennebec County","011","0110",121753,0,123642,122158,,123293,,124003,,125614,555555555,126808,555555555
"G2300130","Maine","23","230","Knox County","013","0130",39759,0,40607,39809,,40519,,40729,,40860,555555555,41003,555555555
"G2300150","Maine","23","230","Lincoln County","015","0150",34201,0,35237,34415,,35065,,35466,,35840,555555555,36099,555555555
"G2300170","Maine","23","230","Oxford County","017","0170",57550,0,57777,57741,,57807,,58276,,58728,555555555,59255,555555555
"G2300190","Maine","23","230","Penobscot County","019","0190",151774,0,152199,151696,,152211,,152640,,153571,555555555,154710,555555555
"G2300210","Maine","23","230","Piscataquis County","021","0210",16836,0,16800,16864,,16760,,16936,,17125,555555555,17263,555555555
"G2300230","Maine","23","230","Sagadahoc County","023","0230",35452,0,36699,35720,,36530,,36868,,37093,555555555,37285,555555555
"G2300250","Maine","23","230","Somerset County","025","0250",50520,0,50477,50573,,50424,,50656,,50852,555555555,50959,555555555
"G2300270","Maine","23","230","Waldo County","027","0270",39539,0,39607,39723,,39618,,39772,,40006,555555555,40192,555555555
"G2300290","Maine","23","230","Washington County","029","0290",31491,0,31095,31378,,31003,,31096,,31261,555555555,31331,555555555
"G2300310","Maine","23","230","York County","031","0310",204316,0,211972,206074,,210486,,212691,,214731,555555555,216731,555555555
"G2400010","Maryland","24","240","Allegany County","001","0010",71445,0,68106,71002,,68684,,68161,,67762,555555555,67452,555555555
"G2400030","Maryland","24","240","Anne Arundel County","003","0030",571275,0,588261,575421,,584064,,588109,,590936,555555555,598166,555555555
"G2400050","Maryland","24","240","Baltimore County","005","0050",828018,0,854535,828193,,850702,,850737,,849586,555555555,850796,555555555
"G2405100","Maryland","24","240","Baltimore city","510","5100",609032,0,585708,602274,,592211,,584548,,577193,555555555,573243,555555555
"G2400090","Maryland","24","240","Calvert County","009","0090",91511,0,92783,92094,,92515,,93244,,93791,555555555,94313,555555555
"G2400110","Maryland","24","240","Caroline County","011","0110",33049,0,33293,33260,,33234,,33320,,33406,555555555,33669,555555555
"G2400130","Maryland","24","240","Carroll County","013","0130",167699,0,172891,168233,,172148,,173225,,174318,555555555,175321,555555555
"G2400150","Maryland","24","240","Cecil County","015","0150",102552,0,103725,102889,,103370,,103876,,104366,555555555,104960,555555555
"G2400170","Maryland","24","240","Charles County","017","0170",159428,0,166617,161448,,165209,,167035,,168710,555555555,170527,555555555
"G2400190","Maryland","24","240","Dorchester County","019","0190",32138,0,32531,31994,,32486,,32557,,32612,555555555,32754,555555555
"G2400210","Maryland","24","240","Frederick County","021","0210",251422,0,271717,255955,,267498,,273829,,280341,555555555,287048,555555555
"G2400230","Maryland","24","240","Garrett County","023","0230",29235,0,28806,29155,,28955,,28856,,28713,555555555,28615,555555555
"G2400250","Maryland","24","240","Harford County","025","0250",252222,0,260924,253736,,259162,,261059,,262509,555555555,263757,555555555
"G2400270","Maryland","24","240","Howard County","027","0270",318855,0,332317,322407,,329248,,332011,,333916,555555555,336328,555555555
"G2400290","Maryland","24","240","Kent County","029","0290",19536,0,19198,19456,,19335,,19289,,19265,555555555,19346,555555555
"G2400310","Maryland","24","240","Montgomery County","031","0310",1043530,0,1062061,1047661,,1057201,,1056910,,1057586,555555555,1065949,555555555
"G2400330","Maryland","24","240","Prince George's County","033","0330",908670,0,967201,910551,,957767,,957189,,955584,555555555,959754,555555555
"G2400350","Maryland","24","240","Queen Anne's County","035","0350",49632,0,49874,50163,,49702,,50316,,50951,555555555,51825,555555555
"G2400390","Maryland","24","240","Somerset County","039","0390",25729,0,24620,25699,,24834,,24672,,24685,555555555,24822,555555555
"G2400370","Maryland","24","240","St. Mary's County","037","0370",112290,0,113777,113182,,113209,,113814,,114372,555555555,115126,555555555
"G2400410","Maryland","24","240","Talbot County","041","0410",37167,0,37526,37087,,37510,,37663,,37707,555555555,37917,555555555
"G2400430","Maryland","24","240","Washington County","043","0430",150109,0,154705,150575,,153956,,154645,,155033,555555555,155709,555555555
"G2400450","Maryland","24","240","Wicomico County","045","0450",102539,0,103588,103222,,103223,,103815,,104117,555555555,104914,555555555
"G2400470","Maryland","24","240","Worcester County","047","0470",51765,0,52460,51967,,52322,,52827,,53279,555555555,53700,555555555
"G2500010","Massachusetts","25","250","Barnstable County","001","0010",213496,0,228996,213505,,227942,,229436,,230073,555555555,231668,555555555
"G2500030","Massachusetts","25","250","Berkshire County","003","0030",126425,0,129026,125927,,129089,,128763,,128047,555555555,129430,555555555
"G2500050","Massachusetts","25","250","Bristol County","005","0050",561037,0,579200,563301,,576070,,576699,,578436,555555555,582270,555555555
"G2500070","Massachusetts","25","250","Dukes County","007","0070",17312,0,20600,17430,,20277,,20543,,20751,555555555,20933,555555555
"G2500090","Massachusetts","25","250","Essex County","009","0090",783676,0,809829,787038,,804598,,806103,,807258,555555555,813054,555555555
"G2500110","Massachusetts","25","250","Franklin County","011","0110",70577,0,71029,70529,,71085,,70980,,70922,555555555,70944,555555555
"G2500130","Massachusetts","25","250","Hampden County","013","0130",467871,0,465825,466647,,466265,,464575,,462853,555555555,462815,555555555
"G2500150","Massachusetts","25","250","Hampshire County","015","0150",161032,0,162308,161361,,161810,,153931,,156595,555555555,162028,555555555
"G2500170","Massachusetts","25","250","Middlesex County","017","0170",1600842,0,1632002,1605899,,1623411,,1623109,,1622896,555555555,1638365,555555555
"G2500190","Massachusetts","25","250","Nantucket County","019","0190",11168,0,14255,11212,,13795,,14065,,14299,555555555,14483,555555555
"G2500210","Massachusetts","25","250","Norfolk County","021","0210",700437,0,725981,703740,,720403,,722112,,724540,555555555,730082,555555555
"G2500230","Massachusetts","25","250","Plymouth County","023","0230",515303,0,530819,518597,,527602,,529548,,531889,555555555,535075,555555555
"G2500250","Massachusetts","25","250","Suffolk County","025","0250",796605,0,797936,801162,,792647,,785443,,782172,555555555,785121,555555555
"G2500270","Massachusetts","25","250","Worcester County","027","0270",824772,0,862111,826655,,856858,,858898,,861664,555555555,867788,555555555
"G2600010","Michigan","26","260","Alcona County","001","0010",10353,0,10167,10396,,10138,,10238,,10310,555555555,10397,555555555
"G2600030","Michigan","26","260","Alger County","003","0030",9151,0,8842,9098,,8911,,8866,,8813,555555555,8762,555555555
"G2600050","Michigan","26","260","Allegan County","005","0050",116143,0,120502,117104,,119418,,120189,,120913,555555555,121456,555555555
"G2600070","Michigan","26","260","Alpena County","007","0070",28520,0,28907,28431,,28913,,28911,,28908,555555555,28880,555555555
"G2600090","Michigan","26","260","Antrim County","009","0090",23206,0,23431,23301,,23427,,23662,,23876,555555555,24127,555555555
"G2600110","Michigan","26","260","Arenac County","011","0110",15070,0,15002,15013,,15009,,15031,,15054,555555555,15077,555555555
"G2600130","Michigan","26","260","Baraga County","013","0130",8421,0,8158,8337,,8249,,8245,,8249,555555555,8191,555555555
"G2600150","Michigan","26","260","Barry County","015","0150",60540,0,62423,61045,,62014,,62581,,62982,555555555,63409,555555555
"G2600170","Michigan","26","260","Bay County","017","0170",104104,0,103856,103506,,104050,,103752,,103235,555555555,103008,555555555
"G2600190","Michigan","26","260","Benzie County","019","0190",17615,0,17970,17703,,17926,,18058,,18177,555555555,18310,555555555
"G2600210","Michigan","26","260","Berrien County","021","0210",154133,0,154316,153797,,154263,,153938,,153411,555555555,153288,555555555
"G2600230","Michigan","26","260","Branch County","023","0230",43513,0,44862,43428,,44677,,44795,,44914,555555555,45300,555555555
"G2600250","Michigan","26","260","Calhoun County","025","0250",134212,0,134310,133943,,134207,,134011,,133846,555555555,133778,555555555
"G2600270","Michigan","26","260","Cass County","027","0270",51523,0,51589,51613,,51632,,51604,,51606,555555555,51520,555555555
"G2600290","Michigan","26","260","Charlevoix County","029","0290",26188,0,26054,26197,,26109,,26174,,26143,555555555,26108,555555555
"G2600310","Michigan","26","260","Cheboygan County","031","0310",25418,0,25579,25435,,25654,,25709,,25778,555555555,25865,555555555
"G2600330","Michigan","26","260","Chippewa County","033","0330",37629,0,36785,37418,,37091,,36670,,36448,555555555,36295,555555555
"G2600350","Michigan","26","260","Clare County","035","0350",30651,0,30856,30655,,30827,,30998,,31109,555555555,31218,555555555
"G2600370","Michigan","26","260","Clinton County","037","0370",78389,0,79128,78957,,78895,,79249,,79419,555555555,79626,555555555
"G2600390","Michigan","26","260","Crawford County","039","0390",13892,0,12988,13904,,13102,,13197,,13271,555555555,13369,555555555
"G2600410","Michigan","26","260","Delta County","041","0410",36026,0,36903,35874,,36836,,36839,,36829,555555555,36813,555555555
"G2600430","Michigan","26","260","Dickinson County","043","0430",25439,0,25947,25373,,25954,,25937,,25940,555555555,25954,555555555
"G2600450","Michigan","26","260","Eaton County","045","0450",109456,0,109175,109730,,108972,,109072,,109000,555555555,109130,555555555
"G2600470","Michigan","26","260","Emmet County","047","0470",33104,0,34112,33175,,33946,,34072,,34159,555555555,34125,555555555
"G2600490","Michigan","26","260","Genesee County","049","0490",407875,0,406211,406770,,406400,,405280,,404087,555555555,403305,555555555
"G2600510","Michigan","26","260","Gladwin County","051","0510",25279,0,25386,25312,,25344,,25461,,25543,555555555,25693,555555555
"G2600530","Michigan","26","260","Gogebic County","053","0530",15061,0,14380,14715,,14858,,14597,,14348,555555555,14319,555555555
"G2600550","Michigan","26","260","Grand Traverse County","055","0550",92181,0,95238,92640,,94562,,95315,,95757,555555555,96166,555555555
"G2600570","Michigan","26","260","Gratiot County","057","0570",40916,0,41761,40692,,41758,,41534,,41478,555555555,41385,555555555
"G2600590","Michigan","26","260","Hillsdale County","059","0590",45757,0,45746,45707,,45673,,45698,,45658,555555555,45654,555555555
"G2600610","Michigan","26","260","Houghton County","061","0610",36070,0,37361,35890,,37485,,37414,,37428,555555555,37693,555555555
"G2600630","Michigan","26","260","Huron County","063","0630",31349,0,31407,31105,,31542,,31461,,31258,555555555,31113,555555555
"G2600650","Michigan","26","260","Ingham County","065","0650",290587,0,284900,290923,,285660,,282540,,282015,555555555,283913,555555555
"G2600670","Michigan","26","260","Ionia County","067","0670",64300,0,66804,64401,,66564,,66663,,66706,555555555,66574,555555555
"G2600690","Michigan","26","260","Iosco County","069","0690",25197,0,25237,25213,,25262,,25319,,25333,555555555,25347,555555555
"G2600710","Michigan","26","260","Iron County","071","0710",11152,0,11631,11099,,11580,,11585,,11650,555555555,11667,555555555
"G2600730","Michigan","26","260","Isabella County","073","0730",70688,0,64394,70363,,65623,,64938,,64475,555555555,64565,555555555
"G2600750","Michigan","26","260","Jackson County","075","0750",158636,0,160366,158174,,160765,,160637,,160187,555555555,160060,555555555
"G2600770","Michigan","26","260","Kalamazoo County","077","0770",262745,0,261670,264322,,261280,,261426,,261437,555555555,262375,555555555
"G2600790","Michigan","26","260","Kalkaska County","079","0790",17585,0,17939,17725,,17813,,17934,,18116,555555555,18239,555555555
"G2600810","Michigan","26","260","Kent County","081","0810",648121,0,657974,652617,,654958,,657321,,658844,555555555,663150,555555555
"G2600830","Michigan","26","260","Keweenaw County","083","0830",2111,0,2046,2102,,2052,,2088,,2106,555555555,2133,555555555
"G2600850","Michigan","26","260","Lake County","085","0850",11852,0,12096,11805,,12248,,12285,,12393,555555555,12563,555555555
"G2600870","Michigan","26","260","Lapeer County","087","0870",88038,0,88619,87975,,88644,,88687,,88703,555555555,88837,555555555
"G2600890","Michigan","26","260","Leelanau County","089","0890",21652,0,22301,21649,,22251,,22426,,22607,555555555,22734,555555555
"G2600910","Michigan","26","260","Lenawee County","091","0910",98381,0,99423,98310,,99346,,99263,,98823,555555555,98415,555555555
"G2600930","Michigan","26","260","Livingston County","093","0930",189754,0,193866,190832,,193234,,194302,,195143,555555555,195833,555555555
"G2600950","Michigan","26","260","Luce County","095","0950",6338,0,5339,6286,,5520,,5442,,6325,555555555,6271,555555555
"G2600970","Michigan","26","260","Mackinac County","097","0970",10780,0,10834,10781,,10814,,10843,,10865,555555555,10957,555555555
"G2600990","Michigan","26","260","Macomb County","099","0990",870325,0,881217,870893,,879123,,878453,,877624,555555555,879853,555555555
"G2601010","Michigan","26","260","Manistee County","101","1010",24457,0,25032,24539,,24939,,25058,,25247,555555555,25350,555555555
"G2601030","Michigan","26","260","Marquette County","103","1030",66686,0,66017,66403,,66380,,66376,,66430,555555555,67112,555555555
"G2601050","Michigan","26","260","Mason County","105","1050",28954,0,29052,29062,,29103,,29178,,29177,555555555,29207,555555555
"G2601070","Michigan","26","260","Mecosta County","107","1070",43251,0,39714,43481,,40051,,40128,,40321,555555555,41242,555555555
"G2601090","Michigan","26","260","Menominee County","109","1090",23074,0,23502,22902,,23477,,23433,,23295,555555555,23247,555555555
"G2601110","Michigan","26","260","Midland County","111","1110",83355,0,83494,83445,,83467,,83503,,83641,555555555,83757,555555555
"G2601130","Michigan","26","260","Missaukee County","113","1130",15028,0,15052,15075,,15038,,15089,,15156,555555555,15207,555555555
"G2601150","Michigan","26","260","Monroe County","115","1150",149727,0,154809,150000,,154068,,154823,,155001,555555555,155505,555555555
"G2601170","Michigan","26","260","Montcalm County","117","1170",63413,0,66614,63516,,66430,,66901,,67174,555555555,67816,555555555
"G2601190","Michigan","26","260","Montmorency County","119","1190",9265,0,9153,9270,,9164,,9261,,9372,555555555,9516,555555555
"G2601210","Michigan","26","260","Muskegon County","121","1210",173297,0,175824,173679,,175633,,175947,,175378,555555555,175961,555555555
"G2601230","Michigan","26","260","Newaygo County","123","1230",48366,0,49978,48687,,49653,,50130,,50414,555555555,50792,555555555
"G2601250","Michigan","26","260","Oakland County","125","1250",1253185,0,1274395,1255340,,1271983,,1272264,,1272294,555555555,1279825,555555555
"G2601270","Michigan","26","260","Oceana County","127","1270",26416,0,26659,26545,,26555,,26707,,26788,555555555,26915,555555555
"G2601290","Michigan","26","260","Ogemaw County","129","1290",20898,0,20770,20895,,20745,,20820,,20853,555555555,20885,555555555
"G2601310","Michigan","26","260","Ontonagon County","131","1310",5877,0,5816,5802,,5891,,5862,,5870,555555555,5850,555555555
"G2601330","Michigan","26","260","Osceola County","133","1330",23290,0,22891,23323,,22917,,23022,,23122,555555555,23227,555555555
"G2601350","Michigan","26","260","Oscoda County","135","1350",8248,0,8219,8282,,8206,,8264,,8338,555555555,8425,555555555
"G2601370","Michigan","26","260","Otsego County","137","1370",24490,0,25091,24613,,25016,,25221,,25352,555555555,25584,555555555
"G2601390","Michigan","26","260","Ottawa County","139","1390",286558,0,296200,289162,,293713,,296183,,298614,555555555,301203,555555555
"G2601410","Michigan","26","260","Presque Isle County","141","1410",12714,0,12982,12687,,12976,,13083,,13142,555555555,13209,555555555
"G2601430","Michigan","26","260","Roscommon County","143","1430",23851,0,23459,23863,,23458,,23556,,23639,555555555,23737,555555555
"G2601450","Michigan","26","260","Saginaw County","145","1450",191821,0,190124,191166,,190540,,189821,,189210,555555555,188665,555555555
"G2601510","Michigan","26","260","Sanilac County","151","1510",41295,0,40611,41179,,40829,,40759,,40574,555555555,40462,555555555
"G2601530","Michigan","26","260","Schoolcraft County","153","1530",8048,0,8047,8031,,8004,,8062,,8093,555555555,8128,555555555
"G2601550","Michigan","26","260","Shiawassee County","155","1550",68340,0,68094,68176,,68203,,68124,,68061,555555555,67991,555555555
"G2601470","Michigan","26","260","St. Clair County","147","1470",159247,0,160383,159285,,160067,,160257,,160089,555555555,160221,555555555
"G2601490","Michigan","26","260","St. Joseph County","149","1490",60836,0,60939,60789,,60828,,60887,,60870,555555555,60969,555555555
"G2601570","Michigan","26","260","Tuscola County","157","1570",52939,0,53323,52683,,53288,,53218,,53071,555555555,52980,555555555
"G2601590","Michigan","26","260","Van Buren County","159","1590",75358,0,75587,75416,,75550,,75636,,75681,555555555,75795,555555555
"G2601610","Michigan","26","260","Washtenaw County","161","1610",367000,0,372258,368385,,372428,,370231,,368394,555555555,369822,555555555
"G2601630","Michigan","26","260","Wayne County","163","1630",1757299,0,1793561,1753059,,1789781,,1781641,,1773767,555555555,1772259,555555555
"G2601650","Michigan","26","260","Wexford County","165","1650",33256,0,33673,33433,,33552,,33766,,33868,555555555,34077,555555555
"G2700010","Minnesota","27","270","Aitkin County","001","0010",15834,0,15697,15826,,15747,,15859,,15930,555555555,16056,555555555
"G2700030","Minnesota","27","270","Anoka County","003","0030",350253,0,363887,353775,,360773,,363985,,367095,555555555,370349,555555555
"G2700050","Minnesota","27","270","Becker County","005","0050",34011,0,35183,34227,,34995,,35202,,35260,555555555,35343,555555555
"G2700070","Minnesota","27","270","Beltrami County","007","0070",46403,0,46228,46784,,46033,,46274,,46421,555555555,46512,555555555
"G2700090","Minnesota","27","270","Benton County","009","0090",40129,0,41379,40476,,41087,,41300,,41458,555555555,41593,555555555
"G2700110","Minnesota","27","270","Big Stone County","011","0110",4996,0,5166,4974,,5155,,5161,,5152,555555555,5127,555555555
"G2700130","Minnesota","27","270","Blue Earth County","013","0130",66795,0,69112,67368,,68575,,69022,,69386,555555555,69871,555555555
"G2700150","Minnesota","27","270","Brown County","015","0150",25163,0,25912,25076,,25894,,25880,,25826,555555555,25800,555555555
"G2700170","Minnesota","27","270","Carlton County","017","0170",35633,0,36207,35709,,36145,,36362,,36457,555555555,36518,555555555
"G2700190","Minnesota","27","270","Carver County","019","0190",101949,0,106922,103561,,105694,,107216,,108622,555555555,110041,555555555
"G2700210","Minnesota","27","270","Cass County","021","0210",29268,0,30066,29462,,29917,,30288,,30688,555555555,30992,555555555
"G2700230","Minnesota","27","270","Chippewa County","023","0230",11953,0,12598,11876,,12509,,12466,,12388,555555555,12377,555555555
"G2700250","Minnesota","27","270","Chisago County","025","0250",55315,0,56621,55844,,56328,,56927,,57434,555555555,57991,555555555
"G2700270","Minnesota","27","270","Clay County","027","0270",63446,0,65318,64029,,64975,,65307,,65628,555555555,66059,555555555
"G2700290","Minnesota","27","270","Clearwater County","029","0290",8821,0,8524,8872,,8525,,8541,,8579,555555555,8616,555555555
"G2700310","Minnesota","27","270","Cook County","031","0310",5376,0,5600,5402,,5574,,5611,,5633,555555555,5635,555555555
"G2700330","Minnesota","27","270","Cottonwood County","033","0330",11299,0,11517,11279,,11484,,11481,,11458,555555555,11458,555555555
"G2700350","Minnesota","27","270","Crow Wing County","035","0350",64217,0,66123,64775,,65879,,66558,,67113,555555555,67686,555555555
"G2700370","Minnesota","27","270","Dakota County","037","0370",421453,0,439882,425271,,435863,,439179,,442204,555555555,445771,555555555
"G2700390","Minnesota","27","270","Dodge County","039","0390",20669,0,20867,20807,,20798,,20893,,20962,555555555,21045,555555555
"G2700410","Minnesota","27","270","Douglas County","041","0410",37513,0,39006,37820,,38742,,39081,,39354,555555555,39575,555555555
"G2700430","Minnesota","27","270","Faribault County","043","0430",13801,0,13921,13727,,13933,,13931,,13909,555555555,13914,555555555
"G2700450","Minnesota","27","270","Fillmore County","045","0450",20949,0,21228,21031,,21179,,21251,,21346,555555555,21414,555555555
"G2700470","Minnesota","27","270","Freeborn County","047","0470",30463,0,30895,30465,,30882,,30857,,30752,555555555,30623,555555555
"G2700490","Minnesota","27","270","Goodhue County","049","0490",46246,0,47582,46330,,47503,,47697,,47844,555555555,47943,555555555
"G2700510","Minnesota","27","270","Grant County","051","0510",5935,0,6074,5962,,6045,,6091,,6108,555555555,6127,555555555
"G2700530","Minnesota","27","270","Hennepin County","053","0530",1245837,0,1281565,1255296,,1270283,,1270787,,1268903,555555555,1269496,555555555
"G2700550","Minnesota","27","270","Houston County","055","0550",18648,0,18843,18670,,18806,,18826,,18768,555555555,18653,555555555
"G2700570","Minnesota","27","270","Hubbard County","057","0570",21019,0,21344,21287,,21219,,21479,,21700,555555555,21831,555555555
"G2700590","Minnesota","27","270","Isanti County","059","0590",39430,0,41135,40004,,40604,,41257,,41934,555555555,42596,555555555
"G2700610","Minnesota","27","270","Itasca County","061","0610",45141,0,45014,45180,,44969,,45054,,45141,555555555,45275,555555555
"G2700630","Minnesota","27","270","Jackson County","063","0630",9954,0,9989,9873,,10016,,9990,,9964,555555555,9933,555555555
"G2700650","Minnesota","27","270","Kanabec County","065","0650",16089,0,16032,16205,,16004,,16145,,16261,555555555,16390,555555555
"G2700670","Minnesota","27","270","Kandiyohi County","067","0670",42841,0,43732,42909,2,43504,,43686,,43757,555555555,44079,555555555
"G2700690","Minnesota","27","270","Kittson County","069","0690",4311,0,4207,4272,,4213,,4191,,4163,555555555,4084,555555555
"G2700710","Minnesota","27","270","Koochiching County","071","0710",12515,0,12062,12355,,12203,,12072,,11950,555555555,11833,555555555
"G2700730","Minnesota","27","270","Lac qui Parle County","073","0730",6719,0,6719,6645,,6753,,6736,,6694,555555555,6682,555555555
"G2700750","Minnesota","27","270","Lake County","075","0750",10560,0,10905,10571,,10835,,10915,,10911,555555555,10879,555555555
"G2700770","Minnesota","27","270","Lake of the Woods County","077","0770",3771,0,3763,3747,,3757,,3786,,3800,555555555,3821,555555555
"G2700790","Minnesota","27","270","Le Sueur County","079","0790",28242,0,28674,28425,,28567,,28795,,28936,555555555,29113,555555555
"G2700810","Minnesota","27","270","Lincoln County","081","0810",5677,0,5640,5641,,5655,,5630,,5594,555555555,5603,555555555
"G2700830","Minnesota","27","270","Lyon County","083","0830",25758,0,25269,25696,,25477,,25352,,25498,555555555,25503,555555555
"G2700870","Minnesota","27","270","Mahnomen County","087","0870",5501,0,5411,5508,,5429,,5389,,5371,555555555,5358,555555555
"G2700890","Minnesota","27","270","Marshall County","089","0890",9372,0,9040,9353,,9082,,9017,,8961,555555555,8909,555555555
"G2700910","Minnesota","27","270","Martin County","091","0910",19852,0,20025,19737,,20070,,19960,,19864,555555555,19780,555555555
"G2700850","Minnesota","27","270","McLeod County","085","0850",35832,0,36771,35788,,36662,,36727,,36771,555555555,36798,555555555
"G2700930","Minnesota","27","270","Meeker County","093","0930",23105,0,23400,23149,,23268,,23352,,23422,555555555,23468,555555555
"G2700950","Minnesota","27","270","Mille Lacs County","095","0950",25865,0,26459,25963,,26397,,26680,,26912,555555555,27125,555555555
"G2700970","Minnesota","27","270","Morrison County","097","0970",33064,0,34010,33119,,33876,,34023,,34131,555555555,34249,555555555
"G2700990","Minnesota","27","270","Mower County","099","0990",39807,0,40029,39931,,39985,,40082,,40069,555555555,40343,555555555
"G2701010","Minnesota","27","270","Murray County","101","1010",8296,0,8179,8247,,8224,,8170,,8119,555555555,8097,555555555
"G2701030","Minnesota","27","270","Nicollet County","103","1030",33954,0,34454,34176,,34295,,34380,,34350,555555555,34411,555555555
"G2701050","Minnesota","27","270","Nobles County","105","1050",21734,0,22290,21667,,22223,,22194,,22067,555555555,22041,555555555
"G2701070","Minnesota","27","270","Norman County","107","1070",6520,0,6441,6466,,6500,,6457,,6411,555555555,6367,555555555
"G2701090","Minnesota","27","270","Olmsted County","109","1090",154809,0,162847,156446,,160928,,162307,,163425,555555555,164498,555555555
"G2701110","Minnesota","27","270","Otter Tail County","111","1110",58195,0,60081,58416,,59728,,60072,,60281,555555555,60475,555555555
"G2701130","Minnesota","27","270","Pennington County","113","1130",14183,0,13992,14110,,14063,,13995,,13877,555555555,13791,555555555
"G2701150","Minnesota","27","270","Pine County","115","1150",29223,0,28876,29254,,28997,,29090,,29411,555555555,29640,555555555
"G2701170","Minnesota","27","270","Pipestone County","117","1170",9191,0,9424,9163,,9370,,9380,,9352,555555555,9284,555555555
"G2701190","Minnesota","27","270","Polk County","119","1190",31521,0,31192,31384,,31303,,31128,,30905,555555555,30705,555555555
"G2701210","Minnesota","27","270","Pope County","121","1210",11048,0,11308,11107,,11216,,11312,,11363,555555555,11418,555555555
"G2701230","Minnesota","27","270","Ramsey County","123","1230",544442,0,552352,546598,,549377,,547202,,544438,555555555,542945,555555555
"G2701250","Minnesota","27","270","Red Lake County","125","1250",4015,0,3935,4005,,3921,,3912,,3922,555555555,3915,555555555
"G2701270","Minnesota","27","270","Redwood County","127","1270",15261,0,15425,15193,,15435,,15428,,15383,555555555,15350,555555555
"G2701290","Minnesota","27","270","Renville County","129","1290",14652,0,14723,14572,,14768,,14707,,14587,555555555,14558,555555555
"G2701310","Minnesota","27","270","Rice County","131","1310",66185,0,67097,66549,,66795,,67152,,67389,555555555,67917,555555555
"G2701330","Minnesota","27","270","Rock County","133","1330",9402,0,9704,9386,,9718,,9659,,9628,555555555,9621,555555555
"G2701350","Minnesota","27","270","Roseau County","135","1350",15361,0,15331,15259,,15321,,15294,,15301,555555555,15302,555555555
"G2701390","Minnesota","27","270","Scott County","139","1390",145275,0,150928,147201,,149568,,151347,,152957,555555555,154557,555555555
"G2701410","Minnesota","27","270","Sherburne County","141","1410",94463,0,97183,96015,,96295,,97820,,99178,555555555,100560,555555555
"G2701430","Minnesota","27","270","Sibley County","143","1430",14892,0,14836,14871,,14948,,14950,,14933,555555555,15005,555555555
"G2701370","Minnesota","27","270","St. Louis County","137","1370",199759,0,200231,199499,,200311,,200122,,200056,555555555,200123,555555555
"G2701450","Minnesota","27","270","Stearns County","145","1450",158452,0,158292,159788,,157638,,158622,,159358,555555555,160865,555555555
"G2701470","Minnesota","27","270","Steele County","147","1470",36683,0,37406,36710,,37363,,37396,,37413,555555555,37439,555555555
"G2701490","Minnesota","27","270","Stevens County","149","1490",9789,0,9671,9770,,9669,,9682,,9686,555555555,9739,555555555
"G2701510","Minnesota","27","270","Swift County","151","1510",9359,0,9838,9329,2,9810,,9806,,9787,555555555,9748,555555555
"G2701530","Minnesota","27","270","Todd County","153","1530",24494,0,25262,24603,,25121,,25277,,25402,555555555,25575,555555555
"G2701550","Minnesota","27","270","Traverse County","155","1550",3311,0,3360,3282,,3362,,3345,,3279,555555555,3243,555555555
"G2701570","Minnesota","27","270","Wabasha County","157","1570",21537,0,21387,21564,,21425,,21460,,21519,555555555,21565,555555555
"G2701590","Minnesota","27","270","Wadena County","159","1590",13654,0,14065,13681,,14009,,14108,,14135,555555555,14256,555555555
"G2701610","Minnesota","27","270","Waseca County","161","1610",18740,0,18968,18658,,18972,,18953,,18958,555555555,18885,555555555
"G2701630","Minnesota","27","270","Washington County","163","1630",255938,0,267568,259072,,264818,,268651,,272298,555555555,276238,555555555
"G2701650","Minnesota","27","270","Watonwan County","165","1650",10972,0,11253,10903,,11223,,11205,,11169,555555555,11205,555555555
"G2701670","Minnesota","27","270","Wilkin County","167","1670",6291,0,6506,6264,,6495,,6454,,6413,555555555,6371,555555555
"G2701690","Minnesota","27","270","Winona County","169","1690",50725,0,49671,50744,,49889,,49792,,49705,555555555,49779,555555555
"G2701710","Minnesota","27","270","Wright County","171","1710",134438,0,141337,136387,,139890,,142543,,145270,555555555,148269,555555555
"G2701730","Minnesota","27","270","Yellow Medicine County","173","1730",9814,0,9528,9775,,9616,,9569,,9509,555555555,9451,555555555
"G2800010","Mississippi","28","280","Adams County","001","0010",31266,0,29538,31103,,29927,,29425,,29098,555555555,28803,555555555
"G2800030","Mississippi","28","280","Alcorn County","003","0030",37090,0,34740,37058,,34964,,34717,,34500,555555555,34289,555555555
"G2800050","Mississippi","28","280","Amite County","005","0050",12412,0,12720,12341,,12718,,12683,,12611,555555555,12565,555555555
"G2800070","Mississippi","28","280","Attala County","007","0070",18437,0,17889,18308,,18025,,17842,,17685,555555555,17526,555555555
"G2800090","Mississippi","28","280","Benton County","009","0090",8232,0,7646,8275,,7687,,7637,,7592,555555555,7589,555555555
"G2800110","Mississippi","28","280","Bolivar County","011","0110",31848,0,30985,31253,,31301,,30688,,30163,555555555,29534,555555555
"G2800130","Mississippi","28","280","Calhoun County","013","0130",14499,0,13266,14417,,13420,,13193,,13029,555555555,12922,555555555
"G2800150","Mississippi","28","280","Carroll County","015","0150",10070,0,9998,9972,,10053,,9930,,9828,555555555,9686,555555555
"G2800170","Mississippi","28","280","Chickasaw County","017","0170",17193,0,17106,17060,,17100,,17024,,16994,555555555,16915,555555555
"G2800190","Mississippi","28","280","Choctaw County","019","0190",8277,0,8246,8206,,8264,,8208,,8172,555555555,8118,555555555
"G2800210","Mississippi","28","280","Claiborne County","021","0210",9089,0,9135,9042,,9115,,9044,,8908,555555555,8582,555555555
"G2800230","Mississippi","28","280","Clarke County","023","0230",15770,0,15615,15612,,15678,,15553,,15424,555555555,15314,555555555
"G2800250","Mississippi","28","280","Clay County","025","0250",19640,0,18636,19515,,18768,,18598,,18462,555555555,18383,555555555
"G2800270","Mississippi","28","280","Coahoma County","027","0270",23255,0,21390,22685,,21839,,21264,,20808,555555555,20540,555555555
"G2800290","Mississippi","28","280","Copiah County","029","0290",28501,0,28368,28339,,28453,,28210,,27994,555555555,27855,555555555
"G2800310","Mississippi","28","280","Covington County","031","0310",18978,0,18340,18810,,18491,,18323,,18226,555555555,18148,555555555
"G2800330","Mississippi","28","280","DeSoto County","033","0330",178975,0,185314,182256,,183220,,186214,,188598,555555555,191301,555555555
"G2800350","Mississippi","28","280","Forrest County","035","0350",75224,0,78158,75162,,77743,,77917,,78027,555555555,78272,555555555
"G2800370","Mississippi","28","280","Franklin County","037","0370",7733,0,7675,7716,,7705,,7690,,7655,555555555,7622,555555555
"G2800390","Mississippi","28","280","George County","039","0390",23917,0,24350,24098,,24260,,24547,,24870,555555555,25170,555555555
"G2800410","Mississippi","28","280","Greene County","041","0410",13645,0,13530,13619,,13653,,13672,,13595,555555555,13615,555555555
"G2800430","Mississippi","28","280","Grenada County","043","0430",21088,0,21629,20927,,21621,,21474,,21342,555555555,21217,555555555
"G2800450","Mississippi","28","280","Hancock County","045","0450",46961,0,46053,47339,,45911,,46010,,46057,555555555,46167,555555555
"G2800470","Mississippi","28","280","Harrison County","047","0470",204502,0,208621,206169,,207382,,208748,,209443,555555555,210891,555555555
"G2800490","Mississippi","28","280","Hinds County","049","0490",238797,0,227742,235604,,230772,,226541,,222494,555555555,218533,555555555
"G2800510","Mississippi","28","280","Holmes County","051","0510",17737,0,17000,17414,,17243,,16848,,16491,555555555,16191,555555555
"G2800530","Mississippi","28","280","Humphreys County","053","0530",8389,0,7785,8198,,7916,,7744,,7570,555555555,7395,555555555
"G2800550","Mississippi","28","280","Issaquena County","055","0550",1361,241,1338,1223,204,1111,274,1206,229,1095,181,928,112
"G2800570","Mississippi","28","280","Itawamba County","057","0570",23462,0,23863,23396,,23863,,23888,,23942,555555555,24036,555555555
"G2800590","Mississippi","28","280","Jackson County","059","0590",142376,0,143252,142872,,142993,,143721,,144437,555555555,145249,555555555
"G2800610","Mississippi","28","280","Jasper County","061","0610",16505,0,16367,16454,,16406,,16320,,16211,555555555,16059,555555555
"G2800630","Mississippi","28","280","Jefferson County","063","0630",7225,0,7260,7129,,7286,,7207,,7127,555555555,7068,555555555
"G2800650","Mississippi","28","280","Jefferson Davis County","065","0650",11339,0,11321,11182,,11372,,11291,,11183,555555555,11117,555555555
"G2800670","Mississippi","28","280","Jones County","067","0670",68352,0,67246,68307,,67374,,67152,,66839,555555555,66472,555555555
"G2800690","Mississippi","28","280","Kemper County","069","0690",9943,0,8988,9829,,9211,,8980,,8855,555555555,8729,555555555
"G2800710","Mississippi","28","280","Lafayette County","071","0710",53590,0,55813,54059,,55727,,56172,,56920,555555555,58327,555555555
"G2800730","Mississippi","28","280","Lamar County","073","0730",61969,0,64222,62693,,63610,,64425,,65081,555555555,65713,555555555
"G2800750","Mississippi","28","280","Lauderdale County","075","0750",76279,0,72984,75557,,73756,,72741,,71984,555555555,71504,555555555
"G2800770","Mississippi","28","280","Lawrence County","077","0770",12633,0,12016,12595,,12055,,11933,,11883,555555555,11786,555555555
"G2800790","Mississippi","28","280","Leake County","079","0790",22792,0,21275,22791,,21452,,21335,,21288,555555555,21319,555555555
"G2800810","Mississippi","28","280","Lee County","081","0810",85072,0,83343,85304,,83388,,83343,,83138,555555555,83034,555555555
"G2800830","Mississippi","28","280","Leflore County","083","0830",29222,0,28339,28764,,28555,,27920,,27432,555555555,27141,555555555
"G2800850","Mississippi","28","280","Lincoln County","085","0850",34320,0,34907,34197,,34910,,34855,,34830,555555555,34877,555555555
"G2800870","Mississippi","28","280","Lowndes County","087","0870",59150,0,58879,58896,,58904,,58547,,58187,555555555,57838,555555555
"G2800890","Mississippi","28","280","Madison County","089","0890",104562,0,109145,105482,,108248,,109257,,110303,555555555,111647,555555555
"G2800910","Mississippi","28","280","Marion County","091","0910",24990,0,24441,24785,,24609,,24362,,24303,555555555,24193,555555555
"G2800930","Mississippi","28","280","Marshall County","093","0930",35599,0,33752,35502,,34031,,33980,,33899,555555555,33979,555555555
"G2800950","Mississippi","28","280","Monroe County","095","0950",35673,0,34180,35559,,34448,,34168,,33928,555555555,33747,555555555
"G2800970","Mississippi","28","280","Montgomery County","097","0970",10068,0,9822,9956,,9948,,9803,,9708,555555555,9602,555555555
"G2800990","Mississippi","28","280","Neshoba County","099","0990",29332,0,29087,29250,,29153,,28970,,28927,555555555,28932,555555555
"G2801010","Mississippi","28","280","Newton County","101","1010",21360,0,21291,21215,,21385,,21275,,21151,555555555,21093,555555555
"G2801030","Mississippi","28","280","Noxubee County","103","1030",10700,0,10285,10566,,10410,,10261,,10136,555555555,10025,555555555
"G2801050","Mississippi","28","280","Oktibbeha County","105","1050",49512,0,51788,49593,,51339,,51388,,51473,555555555,51771,555555555
"G2801070","Mississippi","28","280","Panola County","107","1070",34190,0,33208,34079,,33300,,33157,,32965,555555555,32808,555555555
"G2801090","Mississippi","28","280","Pearl River County","109","1090",55219,0,56145,55512,,55972,,56351,,56781,555555555,57458,555555555
"G2801110","Mississippi","28","280","Perry County","111","1110",12006,0,11511,11981,,11611,,11511,,11459,555555555,11449,555555555
"G2801130","Mississippi","28","280","Pike County","113","1130",39532,0,40324,39365,,40262,,40098,,39930,555555555,39602,555555555
"G2801150","Mississippi","28","280","Pontotoc County","115","1150",31618,0,31184,31996,,31136,,31202,,31312,555555555,31550,555555555
"G2801170","Mississippi","28","280","Prentiss County","117","1170",25255,0,25008,25155,,25022,,24945,,24999,555555555,25184,555555555
"G2801190","Mississippi","28","280","Quitman County","119","1190",7187,0,6176,7038,,6327,,6113,,5908,555555555,5774,555555555
"G2801210","Mississippi","28","280","Rankin County","121","1210",152677,0,157031,154119,,156052,,157185,,158218,555555555,158854,555555555
"G2801230","Mississippi","28","280","Scott County","123","1230",28332,0,27990,28288,,28062,,27943,,27754,555555555,27718,555555555
"G2801250","Mississippi","28","280","Sharkey County","125","1250",4404,241,3800,4427,204,4160,274,3910,229,3848,181,3872,112
"G2801270","Mississippi","28","280","Simpson County","127","1270",26888,0,25949,26818,,26064,,25889,,25817,555555555,25691,555555555
"G2801290","Mississippi","28","280","Smith County","129","1290",16009,0,14209,15919,,14483,,14310,,14193,555555555,14132,555555555
"G2801310","Mississippi","28","280","Stone County","131","1310",18276,0,18333,18282,,18356,,18360,,18515,555555555,18894,555555555
"G2801330","Mississippi","28","280","Sunflower County","133","1330",26168,0,25971,25759,,26295,,25867,,25328,555555555,24333,555555555
"G2801350","Mississippi","28","280","Tallahatchie County","135","1350",14158,0,12715,14041,,12917,,12621,,12363,555555555,11764,555555555
"G2801370","Mississippi","28","280","Tate County","137","1370",28404,0,28064,28419,,28123,,28094,,28135,555555555,28321,555555555
"G2801390","Mississippi","28","280","Tippah County","139","1390",22018,0,21815,21976,,21877,,21769,,21621,555555555,21523,555555555
"G2801410","Mississippi","28","280","Tishomingo County","141","1410",19441,0,18850,19396,,18945,,18837,,18738,555555555,18660,555555555
"G2801430","Mississippi","28","280","Tunica County","143","1430",9988,0,9782,9807,,9949,,9787,,9586,555555555,9475,555555555
"G2801450","Mississippi","28","280","Union County","145","1450",28507,0,27777,28578,,27775,,27880,,28009,555555555,28122,555555555
"G2801470","Mississippi","28","280","Walthall County","147","1470",14477,0,13884,14423,,13981,,13888,,13864,555555555,13839,555555555
"G2801490","Mississippi","28","280","Warren County","149","1490",46519,0,44722,46030,,45141,,44341,,43623,555555555,43020,555555555
"G2801510","Mississippi","28","280","Washington County","151","1510",46057,0,44922,45072,,45616,,44604,,43674,555555555,42765,555555555
"G2801530","Mississippi","28","280","Wayne County","153","1530",20373,0,19779,20344,,19824,,19760,,19699,555555555,19718,555555555
"G2801550","Mississippi","28","280","Webster County","155","1550",9768,0,9926,9727,,9938,,9942,,9942,555555555,9972,555555555
"G2801570","Mississippi","28","280","Wilkinson County","157","1570",8875,0,8587,8727,,8706,,8531,,8376,555555555,8162,555555555
"G2801590","Mississippi","28","280","Winston County","159","1590",18229,0,17714,18116,,17846,,17741,,17609,555555555,17536,555555555
"G2801610","Mississippi","28","280","Yalobusha County","161","1610",12367,0,12481,12276,,12586,,12499,,12439,555555555,12419,555555555
"G2801630","Mississippi","28","280","Yazoo County","163","1630",28565,0,26743,28511,,27924,,27467,,26837,555555555,24835,555555555
"G2900010","Missouri","29","290","Adair County","001","0010",25369,0,25314,25468,,25339,,25299,,25224,555555555,25301,555555555
"G2900030","Missouri","29","290","Andrew County","003","0030",17503,0,18135,17554,,18023,,18069,,18086,555555555,18065,555555555
"G2900050","Missouri","29","290","Atchison County","005","0050",5229,0,5305,5180,,5312,,5270,,5216,555555555,5187,555555555
"G2900070","Missouri","29","290","Audrain County","007","0070",25644,0,24962,25336,,25223,,24873,,24688,555555555,24548,555555555
"G2900090","Missouri","29","290","Barry County","009","0090",35530,0,34534,35615,,34648,,34701,,34831,555555555,35033,555555555
"G2900110","Missouri","29","290","Barton County","011","0110",11797,0,11637,11732,,11712,,11683,,11685,555555555,11690,555555555
"G2900130","Missouri","29","290","Bates County","013","0130",16296,0,16042,16282,,16100,,16101,,16121,555555555,16186,555555555
"G2900150","Missouri","29","290","Benton County","015","0150",19107,0,19394,19305,,19351,,19616,,19887,555555555,20151,555555555
"G2900170","Missouri","29","290","Bollinger County","017","0170",12225,0,10567,12181,,10758,,10658,,10591,555555555,10559,555555555
"G2900190","Missouri","29","290","Boone County","019","0190",177651,0,183610,179704,,182170,,184043,,185874,555555555,188043,555555555
"G2900210","Missouri","29","290","Buchanan County","021","0210",88460,0,84793,87904,,85545,,84544,,83855,555555555,83568,555555555
"G2900230","Missouri","29","290","Butler County","023","0230",42656,0,42130,42570,,42314,,42280,,42166,555555555,42020,555555555
"G2900250","Missouri","29","290","Caldwell County","025","0250",9039,0,8815,9052,,8856,,8876,,8890,555555555,8927,555555555
"G2900270","Missouri","29","290","Callaway County","027","0270",44889,0,44283,44944,,44449,,44517,,44541,555555555,44741,555555555
"G2900290","Missouri","29","290","Camden County","029","0290",45466,0,42745,45823,,43053,,43227,,43416,555555555,43667,555555555
"G2900310","Missouri","29","290","Cape Girardeau County","031","0310",78491,0,81710,78834,,81086,,81703,,82180,555555555,82735,555555555
"G2900330","Missouri","29","290","Carroll County","033","0330",8781,0,8495,8723,,8564,,8513,,8459,555555555,8411,555555555
"G2900350","Missouri","29","290","Carter County","035","0350",6147,0,5202,6085,,5365,,5299,,5269,555555555,5297,555555555
"G2900370","Missouri","29","290","Cass County","037","0370",103597,0,107824,104687,,106966,,108205,,109393,555555555,110773,555555555
"G2900390","Missouri","29","290","Cedar County","039","0390",14043,0,14188,14144,,14184,,14314,,14440,555555555,14615,555555555
"G2900410","Missouri","29","290","Chariton County","041","0410",7483,0,7408,7449,,7432,,7417,,7406,555555555,7390,555555555
"G2900430","Missouri","29","290","Christian County","043","0430",85658,0,88842,87324,,87824,,89568,,91229,555555555,92915,555555555
"G2900450","Missouri","29","290","Clark County","045","0450",6779,0,6634,6783,,6649,,6693,,6680,555555555,6675,555555555
"G2900470","Missouri","29","290","Clay County","047","0470",242516,0,253335,246480,,250134,,253085,,255566,555555555,258122,555555555
"G2900490","Missouri","29","290","Clinton County","049","0490",20500,0,21184,20503,,21095,,21155,,21259,555555555,21414,555555555
"G2900510","Missouri","29","290","Cole County","051","0510",76723,0,77279,76630,,77412,,76890,,76924,555555555,77032,555555555
"G2900530","Missouri","29","290","Cooper County","053","0530",17660,0,17103,17522,,17397,,16893,,16835,555555555,16824,555555555
"G2900550","Missouri","29","290","Crawford County","055","0550",24154,0,23056,23984,,23204,,23023,,22890,555555555,22797,555555555
"G2900570","Missouri","29","290","Dade County","057","0570",7578,0,7569,7571,,7584,,7598,,7627,555555555,7641,555555555
"G2900590","Missouri","29","290","Dallas County","059","0590",16617,0,17071,16841,,16946,,17158,,17344,555555555,17551,555555555
"G2900610","Missouri","29","290","Daviess County","061","0610",8295,0,8430,8294,,8427,,8418,,8449,555555555,8477,555555555
"G2900630","Missouri","29","290","DeKalb County","063","0630",12526,0,11029,11872,,11639,,11838,,11176,555555555,10876,555555555
"G2900650","Missouri","29","290","Dent County","065","0650",15545,0,14421,15518,,14585,,14509,,14506,555555555,14539,555555555
"G2900670","Missouri","29","290","Douglas County","067","0670",13306,0,11578,13335,,11808,,11803,,11850,555555555,11965,555555555
"G2900690","Missouri","29","290","Dunklin County","069","0690",30027,0,28283,29657,,28592,,28174,,27795,555555555,27493,555555555
"G2900710","Missouri","29","290","Franklin County","071","0710",103191,0,104682,103629,,104331,,104858,,105316,555555555,105950,555555555
"G2900730","Missouri","29","290","Gasconade County","073","0730",14711,0,14794,14673,,14803,,14801,,14774,555555555,14746,555555555
"G2900750","Missouri","29","290","Gentry County","075","0750",6616,0,6162,6576,,6231,,6219,,6224,555555555,6245,555555555
"G2900770","Missouri","29","290","Greene County","077","0770",289756,0,298915,291574,,296875,,299188,,301121,555555555,303375,555555555
"G2900790","Missouri","29","290","Grundy County","079","0790",9992,0,9808,9885,,9901,,9878,,9822,555555555,9787,555555555
"G2900810","Missouri","29","290","Harrison County","081","0810",8491,0,8157,8427,,8229,,8190,,8198,555555555,8190,555555555
"G2900830","Missouri","29","290","Henry County","083","0830",21735,0,21946,21854,,21884,,22064,,22194,555555555,22328,555555555
"G2900850","Missouri","29","290","Hickory County","085","0850",9404,0,8279,9452,,8429,,8452,,8501,555555555,8585,555555555
"G2900870","Missouri","29","290","Holt County","087","0870",4432,0,4223,4374,,4295,,4274,,4254,555555555,4240,555555555
"G2900890","Missouri","29","290","Howard County","089","0890",10058,0,10151,10022,,10147,,10142,,10141,555555555,10147,555555555
"G2900910","Missouri","29","290","Howell County","091","0910",40104,0,39750,40130,,39753,,39960,,40168,555555555,40383,555555555
"G2900930","Missouri","29","290","Iron County","093","0930",10164,0,9537,10150,,9606,,9538,,9482,555555555,9446,555555555
"G2900950","Missouri","29","290","Jackson County","095","0950",696216,0,717204,700733,,713229,,715526,,717021,555555555,719976,555555555
"G2900970","Missouri","29","290","Jasper County","097","0970",119920,0,122761,120528,,122059,,122788,,123532,555555555,124357,555555555
"G2900990","Missouri","29","290","Jefferson County","099","0990",223951,0,226739,224777,,225913,,226984,,228227,555555555,229458,555555555
"G2901010","Missouri","29","290","Johnson County","101","1010",53682,0,54013,53948,,53889,,54025,,54331,555555555,54732,555555555
"G2901030","Missouri","29","290","Knox County","103","1030",3947,0,3744,3948,,3782,,3772,,3760,555555555,3756,555555555
"G2901050","Missouri","29","290","Laclede County","105","1050",35531,0,36039,35680,,35898,,36060,,36245,555555555,36390,555555555
"G2901070","Missouri","29","290","Lafayette County","107","1070",32597,0,32984,32697,,32752,,32858,,32974,555555555,33115,555555555
"G2901090","Missouri","29","290","Lawrence County","109","1090",38204,0,38001,38241,,38123,,38231,,38392,555555555,38593,555555555
"G2901110","Missouri","29","290","Lewis County","111","1110",9955,0,10032,9898,,10031,,9987,,9945,555555555,9924,555555555
"G2901130","Missouri","29","290","Lincoln County","113","1130",56477,0,59574,57590,,58689,,60172,,61636,555555555,63057,555555555
"G2901150","Missouri","29","290","Linn County","115","1150",12113,0,11874,12004,,11962,,11892,,11850,555555555,11852,555555555
"G2901170","Missouri","29","290","Livingston County","117","1170",15126,0,14557,14969,,15001,,14402,,14330,555555555,14364,555555555
"G2901210","Missouri","29","290","Macon County","121","1210",15199,0,15209,15154,,15222,,15173,,15163,555555555,15163,555555555
"G2901230","Missouri","29","290","Madison County","123","1230",12179,0,12626,12176,,12597,,12649,,12665,555555555,12729,555555555
"G2901250","Missouri","29","290","Maries County","125","1250",8803,0,8432,8791,,8457,,8454,,8435,555555555,8450,555555555
"G2901270","Missouri","29","290","Marion County","127","1270",28608,0,28525,28572,,28564,,28525,,28493,555555555,28457,555555555
"G2901190","Missouri","29","290","McDonald County","119","1190",22782,0,23303,22882,,23267,,23381,,23492,555555555,23701,555555555
"G2901290","Missouri","29","290","Mercer County","129","1290",3644,0,3538,3623,,3561,,3517,,3501,555555555,3482,555555555
"G2901310","Missouri","29","290","Miller County","131","1310",25201,0,24722,25369,,24643,,24855,,25081,555555555,25269,555555555
"G2901330","Missouri","29","290","Mississippi County","133","1330",13574,0,12577,13328,,12976,,12305,,12079,555555555,11902,555555555
"G2901350","Missouri","29","290","Moniteau County","135","1350",16046,0,15473,15907,,15723,,15401,,15303,555555555,15262,555555555
"G2901370","Missouri","29","290","Monroe County","137","1370",8629,0,8666,8630,,8643,,8668,,8672,555555555,8734,555555555
"G2901390","Missouri","29","290","Montgomery County","139","1390",11487,0,11322,11414,,11384,,11421,,11422,555555555,11426,555555555
"G2901410","Missouri","29","290","Morgan County","141","1410",20271,0,21006,20438,,20883,,21169,,21430,555555555,21717,555555555
"G2901430","Missouri","29","290","New Madrid County","143","1430",17560,0,16434,17275,,16658,,16341,,16041,555555555,15731,555555555
"G2901450","Missouri","29","290","Newton County","145","1450",58180,0,58648,58288,,58634,,59019,,59490,555555555,60118,555555555
"G2901470","Missouri","29","290","Nodaway County","147","1470",22359,0,21241,22199,,21571,,21140,,20959,555555555,20774,555555555
"G2901490","Missouri","29","290","Oregon County","149","1490",10647,0,8635,10561,,8891,,8783,,8704,555555555,8673,555555555
"G2901510","Missouri","29","290","Osage County","151","1510",13615,0,13274,13613,,13372,,13374,,13379,555555555,13402,555555555
"G2901530","Missouri","29","290","Ozark County","153","1530",9207,0,8553,9138,,8664,,8688,,8773,555555555,8873,555555555
"G2901550","Missouri","29","290","Pemiscot County","155","1550",16663,0,15661,16330,,15949,,15555,,15232,555555555,14958,555555555
"G2901570","Missouri","29","290","Perry County","157","1570",19191,0,18956,19227,,19007,,18970,,18947,555555555,18976,555555555
"G2901590","Missouri","29","290","Pettis County","159","1590",42355,0,42980,42421,,42919,,43059,,43205,555555555,43397,555555555
"G2901610","Missouri","29","290","Phelps County","161","1610",44630,0,44638,44587,,44692,,44843,,44948,555555555,45194,555555555
"G2901630","Missouri","29","290","Pike County","163","1630",18455,0,17587,18158,,18052,,17719,,17623,555555555,17711,555555555
"G2901650","Missouri","29","290","Platte County","165","1650",100682,0,106718,102848,,105189,,107033,,108751,555555555,110371,555555555
"G2901670","Missouri","29","290","Polk County","167","1670",31748,0,31519,32031,,31541,,31877,,32109,555555555,32444,555555555
"G2901690","Missouri","29","290","Pulaski County","169","1690",52425,0,53955,52359,,53460,,53726,,53850,555555555,53894,555555555
"G2901710","Missouri","29","290","Putnam County","171","1710",4781,0,4681,4746,,4715,,4698,,4675,555555555,4642,555555555
"G2901730","Missouri","29","290","Ralls County","173","1730",10234,0,10355,10258,,10318,,10356,,10394,555555555,10428,555555555
"G2901750","Missouri","29","290","Randolph County","175","1750",24878,0,24716,24769,,24880,,24652,,24524,555555555,24365,555555555
"G2901770","Missouri","29","290","Ray County","177","1770",22875,0,23158,22900,,23080,,23122,,23149,555555555,23145,555555555
"G2901790","Missouri","29","290","Reynolds County","179","1790",6290,0,6096,6274,,6138,,6102,,6058,555555555,6010,555555555
"G2901810","Missouri","29","290","Ripley County","181","1810",13567,0,10679,13484,,11032,,10839,,10755,555555555,10708,555555555
"G2901950","Missouri","29","290","Saline County","195","1950",22976,0,23333,22932,,23278,,23219,,23177,555555555,23231,555555555
"G2901970","Missouri","29","290","Schuyler County","197","1970",4555,0,4032,4550,,4094,,4066,,4044,555555555,4038,555555555
"G2901990","Missouri","29","290","Scotland County","199","1990",4902,0,4716,4923,,4760,,4720,,4698,555555555,4686,555555555
"G2902010","Missouri","29","290","Scott County","201","2010",38633,0,38059,38538,,38161,,38055,,37967,555555555,37933,555555555
"G2902030","Missouri","29","290","Shannon County","203","2030",8217,0,7031,8207,,7185,,7132,,7137,555555555,7177,555555555
"G2902050","Missouri","29","290","Shelby County","205","2050",6013,0,6103,5975,,6087,,6049,,6011,555555555,5986,555555555
"G2901830","Missouri","29","290","St. Charles County","183","1830",394290,0,405262,398472,,402377,,406262,,409830,555555555,414535,555555555
"G2901850","Missouri","29","290","St. Clair County","185","1850",9370,0,9284,9455,,9235,,9330,,9451,555555555,9587,555555555
"G2901870","Missouri","29","290","St. Francois County","187","1870",66643,0,66922,66653,,67168,,66814,,66864,555555555,66999,555555555
"G2901890","Missouri","29","290","St. Louis County","189","1890",996919,0,1004125,996179,,1001982,,999703,,996618,555555555,995569,555555555
"G2905100","Missouri","29","290","St. Louis city","510","5100",308174,0,301578,304709,,302787,,298018,,293109,555555555,288512,555555555
"G2901860","Missouri","29","290","Ste. Genevieve County","186","1860",17848,0,18479,17887,,18406,,18494,,18551,555555555,18571,555555555
"G2902070","Missouri","29","290","Stoddard County","207","2070",29377,0,28672,29255,,28812,,28656,,28547,555555555,28470,555555555
"G2902090","Missouri","29","290","Stone County","209","2090",31615,0,31076,31875,,31018,,31314,,31697,555555555,32048,555555555
"G2902110","Missouri","29","290","Sullivan County","211","2110",6247,0,5999,6163,,6045,,5983,,5903,555555555,5857,555555555
"G2902130","Missouri","29","290","Taney County","213","2130",55114,0,56066,55563,,55854,,56202,,56382,555555555,56529,555555555
"G2902150","Missouri","29","290","Texas County","215","2150",25604,0,24487,25518,,24866,,24828,,24956,555555555,25161,555555555
"G2902170","Missouri","29","290","Vernon County","217","2170",20595,0,19707,20560,,19831,,19777,,19713,555555555,19687,555555555
"G2902190","Missouri","29","290","Warren County","219","2190",34453,0,35532,35090,,35033,,35729,,36467,555555555,37177,555555555
"G2902210","Missouri","29","290","Washington County","221","2210",24860,0,23514,24819,,23791,,23580,,23483,555555555,23470,555555555
"G2902230","Missouri","29","290","Wayne County","223","2230",13195,0,10974,13058,,11298,,11081,,10942,555555555,10862,555555555
"G2902250","Missouri","29","290","Webster County","225","2250",38655,0,39085,39127,,38978,,39265,,39868,555555555,40500,555555555
"G2902270","Missouri","29","290","Worth County","227","2270",2027,0,1973,2001,,2004,,1982,,1956,555555555,1934,555555555
"G2902290","Missouri","29","290","Wright County","229","2290",18203,0,18188,18256,,18244,,18475,,18722,555555555,18965,555555555
"G3000010","Montana","30","300","Beaverhead County","001","0010",9415,0,9371,9454,,9391,,9469,,9590,555555555,9713,555555555
"G3000030","Montana","30","300","Big Horn County","003","0030",13387,0,13124,13302,,13198,,13090,,12963,555555555,12891,555555555
"G3000050","Montana","30","300","Blaine County","005","0050",6719,0,7044,6698,,7051,,7030,,6997,555555555,6949,555555555
"G3000070","Montana","30","300","Broadwater County","007","0070",5945,0,6774,6080,,6641,,6977,,7310,555555555,7668,555555555
"G3000090","Montana","30","300","Carbon County","009","0090",10597,0,10473,10689,,10488,,10645,,10877,555555555,11116,555555555
"G3000110","Montana","30","300","Carter County","011","0110",1331,111,1415,1305,135,1349,119,1332,123,1361,124,1308,136
"G3000130","Montana","30","300","Cascade County","013","0130",81625,0,84414,81576,,84178,,84423,,84601,555555555,84606,555555555
"G3000150","Montana","30","300","Chouteau County","015","0150",5732,0,5895,5731,,5896,,5897,,5888,555555555,5906,555555555
"G3000170","Montana","30","300","Custer County","017","0170",11729,0,11867,11563,,11968,,11957,,11938,555555555,11961,555555555
"G3000190","Montana","30","300","Daniels County","019","0190",1730,157,1661,1705,160,1739,192,1535,166,1524,167,1494,188
"G3000210","Montana","30","300","Dawson County","021","0210",9017,0,8940,8824,,9003,,8915,,8874,555555555,8827,555555555
"G3000230","Montana","30","300","Deer Lodge County","023","0230",9106,0,9421,9153,,9380,,9435,,9512,555555555,9597,555555555
"G3000250","Montana","30","300","Fallon County","025","0250",2921,139,3049,2975,196,3074,192,2941,171,2817,202,2760,182
"G3000270","Montana","30","300","Fergus County","027","0270",11221,0,11446,11167,,11464,,11496,,11581,555555555,11687,555555555
"G3000290","Montana","30","300","Flathead County","029","0290",99899,0,104357,102001,,103400,,105950,,108445,555555555,110695,555555555
"G3000310","Montana","30","300","Gallatin County","031","0310",108063,0,118960,111401,,116725,,119685,,122194,555555555,124074,555555555
"G3000330","Montana","30","300","Garfield County","033","0330",1036,120,1173,1051,150,972,125,976,107,938,109,1094,127
"G3000350","Montana","30","300","Glacier County","035","0350",13732,0,13778,13706,,13827,,13781,,13713,555555555,13637,555555555
"G3000370","Montana","30","300","Golden Valley County","037","0370",728,86,823,814,120,820,138,841,119,840,124,899,128
"G3000390","Montana","30","300","Granite County","039","0390",3311,0,3309,3325,,3333,,3368,,3419,555555555,3462,555555555
"G3000410","Montana","30","300","Hill County","041","0410",16436,0,16309,16422,,16297,,16238,,16260,555555555,16155,555555555
"G3000430","Montana","30","300","Jefferson County","043","0430",11917,0,12085,12069,,12057,,12273,,12501,555555555,12774,555555555
"G3000450","Montana","30","300","Judith Basin County","045","0450",1954,0,2023,1968,,2004,,2039,,2053,555555555,2071,555555555
"G3000470","Montana","30","300","Lake County","047","0470",30013,0,31134,30383,,31030,,31509,,32073,555555555,32561,555555555
"G3000490","Montana","30","300","Lewis and Clark County","049","0490",67805,0,70973,68714,,70340,,71487,,72580,555555555,73464,555555555
"G3000510","Montana","30","300","Liberty County","051","0510",2351,172,1959,2455,186,2026,,1993,,1968,555555555,1952,555555555
"G3000530","Montana","30","300","Lincoln County","053","0530",19537,0,19677,19845,,19674,,20157,,20656,555555555,21175,555555555
"G3000570","Montana","30","300","Madison County","057","0570",8302,0,8623,8530,,8499,,8742,,8975,555555555,9223,555555555
"G3000550","Montana","30","300","McCone County","055","0550",1790,169,1729,1826,163,1805,164,1746,151,1818,136,1670,128
"G3000590","Montana","30","300","Meagher County","059","0590",1888,172,1927,1795,186,1932,,1948,,1979,555555555,2007,555555555
"G3000610","Montana","30","300","Mineral County","061","0610",4251,0,4535,4330,,4490,,4652,,4796,555555555,4959,555555555
"G3000630","Montana","30","300","Missoula County","063","0630",117309,0,117922,119062,,117379,,118541,,119639,555555555,120672,555555555
"G3000650","Montana","30","300","Musselshell County","065","0650",4766,132,4730,4682,174,4813,171,4924,170,5068,156,5152,173
"G3000670","Montana","30","300","Park County","067","0670",16352,0,17191,16513,,17072,,17320,,17484,555555555,17710,555555555
"G3000690","Montana","30","300","Petroleum County","069","0690",453,83,496,464,102,434,91,416,106,401,85,447,105
"G3000710","Montana","30","300","Phillips County","071","0710",4077,0,4217,4032,,4233,,4233,,4224,555555555,4221,555555555
"G3000730","Montana","30","300","Pondera County","073","0730",5994,0,5898,5911,,5974,,5987,,6012,555555555,6035,555555555
"G3000750","Montana","30","300","Powder River County","075","0750",1607,111,1694,1634,135,1759,119,1773,123,1762,124,1815,136
"G3000770","Montana","30","300","Powell County","077","0770",6854,0,6946,6843,,6955,,6998,,7029,555555555,7053,555555555
"G3000790","Montana","30","300","Prairie County","079","0790",1252,166,1088,1162,143,1227,150,1283,142,1251,170,1250,148
"G3000810","Montana","30","300","Ravalli County","081","0810",42512,0,44174,43424,,43790,,44876,,45807,555555555,46727,555555555
"G3000830","Montana","30","300","Richland County","083","0830",11199,0,11491,11097,,11375,,11366,,11329,555555555,11235,555555555
"G3000850","Montana","30","300","Roosevelt County","085","0850",11175,0,10794,11091,,10884,,10799,,10665,555555555,10526,555555555
"G3000870","Montana","30","300","Rosebud County","087","0870",9152,0,8329,9065,,8464,,8310,,8236,555555555,8165,555555555
"G3000890","Montana","30","300","Sanders County","089","0890",11681,0,12400,11804,,12298,,12615,,12936,555555555,13285,555555555
"G3000910","Montana","30","300","Sheridan County","091","0910",3483,157,3539,3389,160,3522,192,3700,166,3677,167,3669,188
"G3000930","Montana","30","300","Silver Bow County","093","0930",34770,0,35133,34895,,35017,,35306,,35589,555555555,35785,555555555
"G3000950","Montana","30","300","Stillwater County","095","0950",9466,0,8963,9562,,8916,,8978,,9052,555555555,9182,555555555
"G3000970","Montana","30","300","Sweet Grass County","097","0970",3670,0,3678,3676,,3690,,3697,,3713,555555555,3720,555555555
"G3000990","Montana","30","300","Teton County","099","0990",6086,0,6226,6127,,6173,,6238,,6291,555555555,6353,555555555
"G3001010","Montana","30","300","Toole County","101","1010",4892,0,4971,4812,,5013,,5018,,5028,555555555,5061,555555555
"G3001030","Montana","30","300","Treasure County","103","1030",668,79,762,614,82,693,112,680,127,761,127,732,134
"G3001050","Montana","30","300","Valley County","105","1050",7471,0,7578,7424,,7553,,7552,,7540,555555555,7519,555555555
"G3001070","Montana","30","300","Wheatland County","107","1070",2142,0,2069,2138,,2082,,2060,,2049,555555555,2056,555555555
"G3001090","Montana","30","300","Wibaux County","109","1090",1122,121,937,1037,183,1018,154,1119,136,1148,161,1193,163
"G3001110","Montana","30","300","Yellowstone County","111","1110",159008,0,164731,160390,,163593,,165524,,167340,555555555,168957,555555555
"G3100010","Nebraska","31","310","Adams County","001","0010",31587,0,31205,31541,,31284,,31143,,31034,555555555,31052,555555555
"G3100030","Nebraska","31","310","Antelope County","003","0030",6341,0,6295,6315,,6310,,6302,,6302,555555555,6305,555555555
"G3100050","Nebraska","31","310","Arthur County","005","0050",427,69,434,439,78,472,77,485,93,540,103,484,99
"G3100070","Nebraska","31","310","Banner County","007","0070",722,68,674,645,83,605,102,670,94,657,109,742,131
"G3100090","Nebraska","31","310","Blaine County","009","0090",477,58,431,467,79,346,49,384,57,385,64,422,64
"G3100110","Nebraska","31","310","Boone County","011","0110",5279,0,5379,5228,,5413,,5397,,5366,555555555,5356,555555555
"G3100130","Nebraska","31","310","Box Butte County","013","0130",10970,0,10842,10845,,10821,,10778,,10754,555555555,10714,555555555
"G3100150","Nebraska","31","310","Boyd County","015","0150",1937,85,1810,1882,127,1812,106,1767,116,1704,128,1688,92
"G3100170","Nebraska","31","310","Brown County","017","0170",3015,115,2903,2887,143,2752,130,2691,129,2739,153,2869,111
"G3100190","Nebraska","31","310","Buffalo County","019","0190",49209,0,50084,49594,,49840,,50103,,50323,555555555,50579,555555555
"G3100210","Nebraska","31","310","Burt County","021","0210",6510,0,6722,6503,,6705,,6717,,6730,555555555,6740,555555555
"G3100230","Nebraska","31","310","Butler County","023","0230",8029,0,8369,7997,,8354,,8373,,8413,555555555,8424,555555555
"G3100250","Nebraska","31","310","Cass County","025","0250",25888,0,26598,26022,,26546,,26749,,26963,555555555,27161,555555555
"G3100270","Nebraska","31","310","Cedar County","027","0270",8498,0,8380,8483,,8401,,8375,,8344,555555555,8315,555555555
"G3100290","Nebraska","31","310","Chase County","029","0290",3783,211,3893,3707,189,3694,182,3704,164,3639,169,3671,179
"G3100310","Nebraska","31","310","Cherry County","031","0310",5779,0,5455,5801,,5505,,5473,,5468,555555555,5498,555555555
"G3100330","Nebraska","31","310","Cheyenne County","033","0330",9604,0,9468,9428,,9575,,9489,,9478,555555555,9533,555555555
"G3100350","Nebraska","31","310","Clay County","035","0350",6203,0,6104,6193,,6104,,6088,,6084,555555555,6095,555555555
"G3100370","Nebraska","31","310","Colfax County","037","0370",10714,0,10582,10681,,10608,,10563,,10541,555555555,10641,555555555
"G3100390","Nebraska","31","310","Cuming County","039","0390",8952,0,9013,8882,,9035,,9000,,8976,555555555,8975,555555555
"G3100410","Nebraska","31","310","Custer County","041","0410",10826,0,10545,10788,,10625,,10566,,10544,555555555,10518,555555555
"G3100430","Nebraska","31","310","Dakota County","043","0430",20173,0,21582,20124,,21284,,21308,,21331,555555555,21354,555555555
"G3100450","Nebraska","31","310","Dawes County","045","0450",8810,0,8199,8685,,8383,,8279,,8212,555555555,8140,555555555
"G3100470","Nebraska","31","310","Dawson County","047","0470",23733,0,24111,23638,,24031,,24037,,24020,555555555,24202,555555555
"G3100490","Nebraska","31","310","Deuel County","049","0490",1831,139,1838,1770,143,1878,122,1858,,1865,150,1847,161
"G3100510","Nebraska","31","310","Dixon County","051","0510",5719,0,5606,5682,,5632,,5579,,5561,555555555,5545,555555555
"G3100530","Nebraska","31","310","Dodge County","053","0530",36665,0,37167,36565,,37249,,37175,,37146,555555555,37351,555555555
"G3100550","Nebraska","31","310","Douglas County","055","0550",560617,0,584526,565739,,578771,,582638,,585461,555555555,590736,555555555
"G3100570","Nebraska","31","310","Dundy County","057","0570",1913,211,1654,1928,189,1900,182,1825,164,1811,169,1736,179
"G3100590","Nebraska","31","310","Fillmore County","059","0590",5547,0,5551,5542,,5561,,5557,,5551,555555555,5541,555555555
"G3100610","Nebraska","31","310","Franklin County","061","0610",2987,0,2889,2970,,2914,,2901,,2868,555555555,2846,555555555
"G3100630","Nebraska","31","310","Frontier County","063","0630",2640,64,2519,2636,78,2512,80,2491,71,2562,85,2569,82
"G3100650","Nebraska","31","310","Furnas County","065","0650",4747,0,4636,4712,,4655,,4630,,4605,555555555,4568,555555555
"G3100670","Nebraska","31","310","Gage County","067","0670",21594,0,21704,21548,,21706,,21654,,21646,555555555,21629,555555555
"G3100690","Nebraska","31","310","Garden County","069","0690",1864,158,1874,1916,137,1726,139,1778,117,1620,179,1761,166
"G3100710","Nebraska","31","310","Garfield County","071","0710",2001,99,1813,2081,99,1889,99,1833,101,1797,104,1718,123
"G3100730","Nebraska","31","310","Gosper County","073","0730",2013,0,1893,2001,,1811,145,1873,175,1929,154,2040,156
"G3100750","Nebraska","31","310","Grant County","075","0750",722,59,611,691,69,718,93,649,76,695,94,626,88
"G3100770","Nebraska","31","310","Greeley County","077","0770",2382,0,2188,2361,,2219,,2212,,2211,555555555,2202,555555555
"G3100790","Nebraska","31","310","Hall County","079","0790",61265,0,62895,61338,,62616,,62575,,62431,555555555,62536,555555555
"G3100810","Nebraska","31","310","Hamilton County","081","0810",9215,0,9429,9219,,9376,,9400,,9438,555555555,9464,555555555
"G3100830","Nebraska","31","310","Harlan County","083","0830",3415,0,3073,3380,,3216,145,3094,175,3006,154,2847,156
"G3100850","Nebraska","31","310","Hayes County","085","0850",893,64,856,889,78,891,80,919,71,854,85,843,81
"G3100870","Nebraska","31","310","Hitchcock County","087","0870",2815,0,2616,2788,,2630,,2620,,2601,555555555,2569,555555555
"G3100890","Nebraska","31","310","Holt County","089","0890",10177,0,10127,10123,,10175,,10149,,10093,555555555,10102,555555555
"G3100910","Nebraska","31","310","Hooker County","091","0910",693,78,711,741,96,714,97,659,87,613,76,647,73
"G3100930","Nebraska","31","310","Howard County","093","0930",6417,0,6475,6428,,6461,,6476,,6492,555555555,6534,555555555
"G3100950","Nebraska","31","310","Jefferson County","095","0950",7144,0,7240,7102,,7213,,7185,,7155,555555555,7161,555555555
"G3100970","Nebraska","31","310","Johnson County","097","0970",5161,0,5290,5118,,5298,,5294,,5263,555555555,5261,555555555
"G3100990","Nebraska","31","310","Kearney County","099","0990",6529,0,6688,6588,,6639,,6655,,6697,555555555,6713,555555555
"G3101010","Nebraska","31","310","Keith County","101","1010",8068,0,8335,8048,,8312,,8303,,8239,555555555,8219,555555555
"G3101030","Nebraska","31","310","Keya Paha County","103","1030",760,115,769,875,143,946,130,987,129,939,153,822,111
"G3101050","Nebraska","31","310","Kimball County","105","1050",3633,0,3434,3576,,3583,179,3395,187,3348,179,3248,171
"G3101070","Nebraska","31","310","Knox County","107","1070",8426,0,8391,8400,,8434,,8415,,8362,555555555,8363,555555555
"G3101090","Nebraska","31","310","Lancaster County","109","1090",313158,0,322608,315976,,320301,,322063,,323673,555555555,326696,555555555
"G3101110","Nebraska","31","310","Lincoln County","111","1110",35263,0,34676,35042,,34906,,34532,,34122,555555555,33802,555555555
"G3101130","Nebraska","31","310","Logan County","113","1130",927,77,716,896,105,865,92,839,98,812,108,773,85
"G3101150","Nebraska","31","310","Loup County","115","1150",605,56,607,690,87,665,89,629,79,564,95,578,95
"G3101190","Nebraska","31","310","Madison County","119","1190",35080,0,35585,35023,,35553,,35538,,35535,555555555,35532,555555555
"G3101170","Nebraska","31","310","McPherson County","117","1170",395,55,399,420,78,475,74,456,78,463,74,475,78
"G3101210","Nebraska","31","310","Merrick County","121","1210",7798,0,7668,7826,,7687,,7675,,7696,555555555,7724,555555555
"G3101230","Nebraska","31","310","Morrill County","123","1230",4781,0,4555,4711,,4595,,4562,,4544,555555555,4534,555555555
"G3101250","Nebraska","31","310","Nance County","125","1250",3544,0,3380,3525,,3389,,3366,,3342,555555555,3324,555555555
"G3101270","Nebraska","31","310","Nemaha County","127","1270",6973,0,7074,6978,,7025,,7019,,7035,555555555,7046,555555555
"G3101290","Nebraska","31","310","Nuckolls County","129","1290",4244,0,4095,4204,,4125,,4092,,4089,555555555,4087,555555555
"G3101310","Nebraska","31","310","Otoe County","131","1310",15949,0,15912,15965,,15916,,15995,,16075,555555555,16241,555555555
"G3101330","Nebraska","31","310","Pawnee County","133","1330",2649,0,2544,2640,,2564,,2553,,2539,555555555,2530,555555555
"G3101350","Nebraska","31","310","Perkins County","135","1350",2901,0,2858,2889,,2865,,2860,,2835,555555555,2821,555555555
"G3101370","Nebraska","31","310","Phelps County","137","1370",9100,0,8968,9050,,8972,,8966,,8983,555555555,9009,555555555
"G3101390","Nebraska","31","310","Pierce County","139","1390",7144,0,7317,7132,,7266,,7301,,7312,555555555,7325,555555555
"G3101410","Nebraska","31","310","Platte County","141","1410",33174,0,34296,33250,,34123,,34219,,34358,555555555,34716,555555555
"G3101430","Nebraska","31","310","Polk County","143","1430",5225,0,5214,5208,,5223,,5182,,5209,555555555,5225,555555555
"G3101450","Nebraska","31","310","Red Willow County","145","1450",10768,0,10702,10725,,10724,,10690,,10611,555555555,10557,555555555
"G3101470","Nebraska","31","310","Richardson County","147","1470",7961,0,7871,7913,,7893,,7850,,7797,555555555,7751,555555555
"G3101490","Nebraska","31","310","Rock County","149","1490",1414,85,1262,1430,127,1321,106,1312,116,1335,128,1319,92
"G3101510","Nebraska","31","310","Saline County","151","1510",14270,0,14292,14221,,14395,,14275,,14642,555555555,14650,555555555
"G3101530","Nebraska","31","310","Sarpy County","153","1530",181232,0,190604,183956,,188464,,191272,,194051,555555555,197389,555555555
"G3101550","Nebraska","31","310","Saunders County","155","1550",21165,0,22278,21356,,22008,,22374,,22761,555555555,23048,555555555
"G3101570","Nebraska","31","310","Scotts Bluff County","157","1570",36074,0,36084,35884,,36229,,36048,,35937,555555555,35843,555555555
"G3101590","Nebraska","31","310","Seward County","159","1590",17171,0,17609,17217,,17605,,17644,,17636,555555555,17641,555555555
"G3101610","Nebraska","31","310","Sheridan County","161","1610",5231,0,5127,5215,,5150,,5102,,5058,555555555,5014,555555555
"G3101630","Nebraska","31","310","Sherman County","163","1630",3033,0,2959,3015,,2986,,2970,,2974,555555555,2967,555555555
"G3101650","Nebraska","31","310","Sioux County","165","1650",1219,68,1135,1298,83,1081,160,1162,161,1197,187,1171,167
"G3101670","Nebraska","31","310","Stanton County","167","1670",5957,0,5842,5946,,5877,,5828,,5835,555555555,5796,555555555
"G3101690","Nebraska","31","310","Thayer County","169","1690",5057,0,5034,5000,,5053,,5006,,4938,555555555,4901,555555555
"G3101710","Nebraska","31","310","Thomas County","171","1710",645,74,669,586,77,562,64,592,61,626,75,564,54
"G3101730","Nebraska","31","310","Thurston County","173","1730",7181,0,6773,7218,,6806,,6716,,6666,555555555,6627,555555555
"G3101750","Nebraska","31","310","Valley County","175","1750",4206,56,4059,4100,87,4031,89,4053,79,4094,95,4066,95
"G3101770","Nebraska","31","310","Washington County","177","1770",20361,0,20865,20546,,20699,,20884,,20989,555555555,21106,555555555
"G3101790","Nebraska","31","310","Wayne County","179","1790",9332,0,9697,9388,,9590,,9701,,9786,555555555,9844,555555555
"G3101810","Nebraska","31","310","Webster County","181","1810",3537,0,3395,3497,,3442,,3410,,3385,555555555,3360,555555555
"G3101830","Nebraska","31","310","Wheeler County","183","1830",783,99,774,689,99,735,99,771,101,785,104,847,123
"G3101850","Nebraska","31","310","York County","185","1850",13745,0,14125,13671,,14164,,14212,,14231,555555555,14286,555555555
"G3205100","Nevada","32","320","Carson City","510","5100",54773,0,58639,55244,,57957,,58249,,58364,555555555,58384,555555555
"G3200010","Nevada","32","320","Churchill County","001","0010",24259,0,25516,24606,,25077,,25409,,25614,555555555,25805,555555555
"G3200030","Nevada","32","320","Clark County","003","0030",2182004,0,2265461,2228866,,2231147,,2265926,,2293764,555555555,2329548,555555555
"G3200050","Nevada","32","320","Douglas County","005","0050",48132,0,49488,48486,,49158,,49476,,49624,555555555,49623,555555555
"G3200070","Nevada","32","320","Elko County","007","0070",52297,0,53702,52537,,53420,,53600,,53852,555555555,54047,555555555
"G3200090","Nevada","32","320","Esmeralda County","009","0090",969,151,729,1030,246,987,234,980,265,962,228,1028,258
"G3200110","Nevada","32","320","Eureka County","011","0110",1859,151,1855,1839,246,1603,234,1622,265,1660,228,1585,258
"G3200130","Nevada","32","320","Humboldt County","013","0130",16828,0,17285,16834,,17218,,17266,,17299,555555555,17289,555555555
"G3200150","Nevada","32","320","Lander County","015","0150",5643,0,5734,5565,,5729,,5728,,5745,555555555,5770,555555555
"G3200170","Nevada","32","320","Lincoln County","017","0170",5180,0,4499,5177,,4600,,4507,,4452,555555555,4405,555555555
"G3200190","Nevada","32","320","Lyon County","019","0190",54380,0,59235,55667,,58029,,59435,,60630,555555555,61680,555555555
"G3200210","Nevada","32","320","Mineral County","021","0210",4460,0,4554,4487,,4552,,4568,,4557,555555555,4542,555555555
"G3200230","Nevada","32","320","Nye County","023","0230",44380,0,51591,45514,,50096,,51698,,53207,555555555,54344,555555555
"G3200270","Nevada","32","320","Pershing County","027","0270",6615,0,6650,6591,,6668,,6587,,6505,555555555,6487,555555555
"G3200290","Nevada","32","320","Storey County","029","0290",3988,0,4104,4086,,4047,,4095,,4139,555555555,4140,555555555
"G3200310","Nevada","32","320","Washoe County","031","0310",456936,0,486492,464182,,479758,,486674,,491770,555555555,497200,555555555
"G3200330","Nevada","32","320","White Pine County","033","0330",9679,0,9080,9570,,9192,,8997,,8856,555555555,8735,555555555
"G3300010","New Hampshire","33","330","Belknap County","001","0010",60887,0,63705,61174,,63395,,63914,,64300,555555555,64659,555555555
"G3300030","New Hampshire","33","330","Carroll County","003","0030",48138,0,50107,48461,,49961,,50679,,51259,555555555,51804,555555555
"G3300050","New Hampshire","33","330","Cheshire County","005","0050",76042,0,76458,76040,,76473,,76610,,76945,555555555,77297,555555555
"G3300070","New Hampshire","33","330","Coos County","007","0070",31741,0,31268,31486,,31360,,31430,,31386,555555555,31271,555555555
"G3300090","New Hampshire","33","330","Grafton County","009","0090",89777,0,91118,90331,,91025,,90836,,91759,555555555,92120,555555555
"G3300110","New Hampshire","33","330","Hillsborough County","011","0110",413035,0,422937,415305,,420504,,422733,,424732,555555555,426378,555555555
"G3300130","New Hampshire","33","330","Merrimack County","013","0130",149917,0,153808,150902,,152983,,153918,,155018,555555555,155967,555555555
"G3300150","New Hampshire","33","330","Rockingham County","015","0150",306359,0,314176,308211,,312771,,315169,,317163,555555555,319082,555555555
"G3300170","New Hampshire","33","330","Strafford County","017","0170",129124,0,130889,130161,,130598,,130965,,131743,555555555,132575,555555555
"G3300190","New Hampshire","33","330","Sullivan County","019","0190",43104,0,43063,43173,,43105,,43356,,43529,555555555,43715,555555555
"G3400010","New Jersey","34","340","Atlantic County","001","0010",266105,0,274534,264650,,273865,,274339,,274704,555555555,276270,555555555
"G3400030","New Jersey","34","340","Bergen County","003","0030",930390,0,955732,931275,,952979,,953243,,954717,555555555,962316,555555555
"G3400050","New Jersey","34","340","Burlington County","005","0050",445702,0,461860,446301,,460102,,461853,,464226,555555555,467805,555555555
"G3400070","New Jersey","34","340","Camden County","007","0070",506738,0,523485,506721,,521194,,522581,,524042,555555555,527257,555555555
"G3400090","New Jersey","34","340","Cape May County","009","0090",93086,0,95263,92701,,95488,,95456,,95236,555555555,94941,555555555
"G3400110","New Jersey","34","340","Cumberland County","011","0110",151906,0,154152,150085,,154921,,153588,,152915,555555555,153305,555555555
"G3400130","New Jersey","34","340","Essex County","013","0130",795404,0,863728,798698,,852720,,853374,,854130,555555555,863002,555555555
"G3400150","New Jersey","34","340","Gloucester County","015","0150",291165,0,302294,291745,,300821,,302621,,304504,555555555,306954,555555555
"G3400170","New Jersey","34","340","Hudson County","017","0170",670046,0,724854,671923,,713264,,712029,,710478,555555555,718323,555555555
"G3400190","New Jersey","34","340","Hunterdon County","019","0190",124823,0,128947,125063,,128807,,129099,,129448,555555555,130160,555555555
"G3400210","New Jersey","34","340","Mercer County","021","0210",367922,0,387340,368085,,384951,,383732,,383286,555555555,385864,555555555
"G3400230","New Jersey","34","340","Middlesex County","023","0230",825920,0,863162,825015,,858770,,860147,,861535,555555555,871290,555555555
"G3400250","New Jersey","34","340","Monmouth County","025","0250",621659,0,643615,620821,,642160,,643064,,643615,555555555,645353,555555555
"G3400270","New Jersey","34","340","Morris County","027","0270",493379,0,509285,492715,,508347,,508816,,510375,555555555,514528,555555555
"G3400290","New Jersey","34","340","Ocean County","029","0290",596415,0,637229,602018,,630057,,638691,,646434,555555555,654362,555555555
"G3400310","New Jersey","34","340","Passaic County","031","0310",503637,0,524118,502763,,521067,,519986,,518289,555555555,521012,555555555
"G3400330","New Jersey","34","340","Salem County","033","0330",62990,0,64837,62754,,64752,,64840,,64973,555555555,65275,555555555
"G3400350","New Jersey","34","340","Somerset County","035","0350",329838,0,345361,330151,,343950,,344978,,346203,555555555,349846,555555555
"G3400370","New Jersey","34","340","Sussex County","037","0370",141483,0,144221,140996,,144492,,144808,,145117,555555555,145807,555555555
"G3400390","New Jersey","34","340","Union County","039","0390",554033,0,575345,555208,,571963,,572079,,572549,555555555,579290,555555555
"G3400410","New Jersey","34","340","Warren County","041","0410",105862,0,109632,105730,,109354,,109739,,110238,555555555,110849,555555555
"G3500010","New Mexico","35","350","Bernalillo County","001","0010",677858,0,676444,679037,,674919,,674692,,674357,555555555,673930,555555555
"G3500030","New Mexico","35","350","Catron County","003","0030",3526,0,3579,3547,,3581,,3635,,3685,555555555,3743,555555555
"G3500050","New Mexico","35","350","Chaves County","005","0050",65144,0,65157,64912,,65014,,64701,,64446,555555555,64217,555555555
"G3500060","New Mexico","35","350","Cibola County","006","0060",26891,0,27172,26763,,27284,,27211,,27059,555555555,26845,555555555
"G3500070","New Mexico","35","350","Colfax County","007","0070",12168,0,12387,12106,,12406,,12370,,12336,555555555,12322,555555555
"G3500090","New Mexico","35","350","Curry County","009","0090",49732,0,48430,49502,,48716,,48327,,47932,555555555,47638,555555555
"G3500110","New Mexico","35","350","De Baca County","011","0110",2040,75,1698,1995,118,1873,133,1695,173,1580,155,1576,172
"G3500130","New Mexico","35","350","Doña Ana County","013","0130",216069,0,219561,217696,,218157,,219870,,221665,555555555,224266,555555555
"G3500150","New Mexico","35","350","Eddy County","015","0150",57732,0,62314,57865,,61096,,61264,,61114,555555555,61105,555555555
"G3500170","New Mexico","35","350","Grant County","017","0170",27669,0,28185,27391,,28178,,28006,,27856,555555555,27775,555555555
"G3500190","New Mexico","35","350","Guadalupe County","019","0190",4353,0,4452,4336,,4465,,4413,,4379,555555555,4381,555555555
"G3500210","New Mexico","35","350","Harding County","021","0210",441,75,657,432,118,533,132,671,173,748,155,741,171
"G3500230","New Mexico","35","350","Hidalgo County","023","0230",4297,0,4178,4234,,4214,,4160,,4097,555555555,4041,555555555
"G3500250","New Mexico","35","350","Lea County","025","0250",70277,0,74455,70359,,72743,,73103,,73154,555555555,73733,555555555
"G3500270","New Mexico","35","350","Lincoln County","027","0270",19461,0,20269,19640,,20084,,20222,,20227,555555555,20224,555555555
"G3500280","New Mexico","35","350","Los Alamos County","028","0280",18625,0,19419,18976,,19169,,19253,,19374,555555555,19435,555555555
"G3500290","New Mexico","35","350","Luna County","029","0290",24083,0,25427,24022,,25282,,25393,,25420,555555555,25611,555555555
"G3500310","New Mexico","35","350","McKinley County","031","0310",72438,0,72902,71956,,72946,,72073,,71172,555555555,70431,555555555
"G3500330","New Mexico","35","350","Mora County","033","0330",4536,0,4189,4500,,4232,,4208,,4176,555555555,4149,555555555
"G3500350","New Mexico","35","350","Otero County","035","0350",66137,0,67839,66804,,67298,,67850,,68235,555555555,68816,555555555
"G3500370","New Mexico","35","350","Quay County","037","0370",8326,0,8746,8265,,8675,,8641,,8616,555555555,8564,555555555
"G3500390","New Mexico","35","350","Rio Arriba County","039","0390",39159,0,40363,38962,,40347,,40285,,40165,555555555,40070,555555555
"G3500410","New Mexico","35","350","Roosevelt County","041","0410",18888,0,19191,18723,,19223,,19142,,19002,555555555,18928,555555555
"G3500450","New Mexico","35","350","San Juan County","045","0450",126515,0,121661,125608,,122912,,121798,,121178,555555555,120942,555555555
"G3500470","New Mexico","35","350","San Miguel County","047","0470",27738,0,27201,27546,,27357,,27215,,27036,555555555,26850,555555555
"G3500430","New Mexico","35","350","Sandoval County","043","0430",142704,0,148834,144954,,147327,,149460,,151538,555555555,153604,555555555
"G3500490","New Mexico","35","350","Santa Fe County","049","0490",149293,0,154823,150319,,153632,,154481,,155175,555555555,156105,555555555
"G3500510","New Mexico","35","350","Sierra County","051","0510",11031,0,11576,10988,,11512,,11506,,11511,555555555,11500,555555555
"G3500530","New Mexico","35","350","Socorro County","053","0530",16858,0,16595,16723,,16605,,16453,,16308,555555555,16200,555555555
"G3500550","New Mexico","35","350","Taos County","055","0550",32786,0,34489,32759,,34322,,34475,,34516,555555555,34543,555555555
"G3500570","New Mexico","35","350","Torrance County","057","0570",15519,0,15045,15477,,15150,,15203,,15290,555555555,15490,555555555
"G3500590","New Mexico","35","350","Union County","059","0590",4133,0,4079,4106,,4122,,4074,,4039,555555555,4013,555555555
"G3500610","New Mexico","35","350","Valencia County","061","0610",76027,0,76205,76518,,75992,,76613,,77382,555555555,78458,555555555
"G3600010","New York","36","360","Albany County","001","0010",306968,0,314848,306165,,314679,,315041,,315374,555555555,317018,555555555
"G3600030","New York","36","360","Allegany County","003","0030",46688,0,46456,46304,,46654,,47222,,47027,555555555,47159,555555555
"G3600050","New York","36","360","Bronx County","005","0050",1435068,0,1472654,1427056,,1468262,,1443229,,1419250,555555555,1404779,555555555
"G3600070","New York","36","360","Broome County","007","0070",193188,0,198683,192042,,198591,,198365,,197738,555555555,197378,555555555
"G3600090","New York","36","360","Cattaraugus County","009","0090",77121,0,77042,76750,,77211,,77000,,76479,555555555,76145,555555555
"G3600110","New York","36","360","Cayuga County","011","0110",77425,0,76248,76958,,76644,,76171,,75464,555555555,75102,555555555
"G3600130","New York","36","360","Chautauqua County","013","0130",128496,0,127657,127584,,128042,,127440,,126329,555555555,125544,555555555
"G3600150","New York","36","360","Chemung County","015","0150",84895,0,84148,84115,,84456,,83584,,82805,555555555,82147,555555555
"G3600170","New York","36","360","Chenango County","017","0170",47909,0,47220,47527,,47407,,47096,,46685,555555555,46321,555555555
"G3600190","New York","36","360","Clinton County","019","0190",80583,0,79843,80320,,80095,,79839,,78961,555555555,78493,555555555
"G3600210","New York","36","360","Columbia County","021","0210",60371,0,61570,60016,,61587,,61469,,61245,555555555,61100,555555555
"G3600230","New York","36","360","Cortland County","023","0230",47865,0,46809,47618,,46984,,46755,,46401,555555555,46246,555555555
"G3600250","New York","36","360","Delaware County","025","0250",44995,0,44308,44676,,44644,,44637,,44551,555555555,44487,555555555
"G3600270","New York","36","360","Dutchess County","027","0270",293754,0,295911,293524,,296012,,296467,,297144,555555555,298220,555555555
"G3600290","New York","36","360","Erie County","029","0290",919355,0,954236,918873,,949715,,951232,,950044,555555555,950622,555555555
"G3600310","New York","36","360","Essex County","031","0310",37459,0,37381,37281,,37501,,37314,,37077,555555555,36973,555555555
"G3600330","New York","36","360","Franklin County","033","0330",50477,0,47555,50389,,47996,,47459,,47066,555555555,46696,555555555
"G3600350","New York","36","360","Fulton County","035","0350",53646,0,53324,53452,,53588,,53280,,52787,555555555,52487,555555555
"G3600370","New York","36","360","Genesee County","037","0370",57808,0,58388,57554,,58387,,58204,,57943,555555555,57787,555555555
"G3600390","New York","36","360","Greene County","039","0390",47424,0,47931,47335,,48026,,48067,,47554,555555555,47409,555555555
"G3600410","New York","36","360","Hamilton County","041","0410",4515,0,5107,4454,,5068,,5090,,5102,555555555,5089,555555555
"G3600430","New York","36","360","Herkimer County","043","0430",62057,0,60139,61738,,60596,,60293,,59932,555555555,59757,555555555
"G3600450","New York","36","360","Jefferson County","045","0450",112842,0,116721,111454,,117634,,117445,,116130,555555555,115040,555555555
"G3600470","New York","36","360","Kings County","047","0470",2589974,0,2736074,2576771,,2712360,,2679620,,2646306,555555555,2631580,555555555
"G3600490","New York","36","360","Lewis County","049","0490",26572,0,26582,26456,,26681,,26690,,26618,555555555,26607,555555555
"G3600510","New York","36","360","Livingston County","051","0510",63591,0,61834,63218,,62253,,61980,,61588,555555555,61498,555555555
"G3600530","New York","36","360","Madison County","053","0530",71205,0,68016,70990,,68466,,68020,,67572,555555555,67328,555555555
"G3600550","New York","36","360","Monroe County","055","0550",743341,0,759443,743084,,757332,,756406,,754068,555555555,753753,555555555
"G3600570","New York","36","360","Montgomery County","057","0570",49302,0,49532,49294,,49539,,49624,,49461,555555555,49528,555555555
"G3600590","New York","36","360","Nassau County","059","0590",1356509,0,1395774,1355683,290,1391678,,1389160,,1388138,555555555,1389591,555555555
"G3600610","New York","36","360","New York County","061","0610",1631993,0,1694251,1629153,,1669127,,1645867,,1627788,555555555,1629477,555555555
"G3600630","New York","36","360","Niagara County","063","0630",210820,0,212666,210145,,212808,,212230,,211341,555555555,210721,555555555
"G3600650","New York","36","360","Oneida County","065","0650",229959,0,232125,229074,,232034,,231055,,229645,555555555,229124,555555555
"G3600670","New York","36","360","Onondaga County","067","0670",462872,0,476516,461591,,474621,,472637,,471611,555555555,471129,555555555
"G3600690","New York","36","360","Ontario County","069","0690",109511,0,112458,109774,54,112060,,112288,,112405,555555555,112625,555555555
"G3600710","New York","36","360","Orange County","071","0710",380085,0,401310,382077,,398277,,401237,,403840,555555555,406616,555555555
"G3600730","New York","36","360","Orleans County","073","0730",40904,0,40343,40624,,40588,,40148,,39686,555555555,39608,555555555
"G3600750","New York","36","360","Oswego County","075","0750",118339,0,117525,117630,,118019,,118037,,117945,555555555,117953,555555555
"G3600770","New York","36","360","Otsego County","077","0770",59972,0,58524,59593,,58952,,59678,,59738,555555555,60108,555555555
"G3600790","New York","36","360","Putnam County","079","0790",98787,0,97668,98714,,97960,,97942,,97988,555555555,98107,555555555
"G3600810","New York","36","360","Queens County","081","0810",2287388,0,2405464,2270976,233,2393104,,2360826,,2330124,555555555,2323052,555555555
"G3600830","New York","36","360","Rensselaer County","083","0830",159185,0,161130,159013,,161125,,160943,,160341,555555555,160332,555555555
"G3600850","New York","36","360","Richmond County","085","0850",474893,0,495747,475596,,493194,,492925,,492734,555555555,494956,555555555
"G3600870","New York","36","360","Rockland County","087","0870",324422,0,338329,325213,,336485,,337326,,338936,555555555,341883,555555555
"G3600910","New York","36","360","Saratoga County","091","0910",228502,0,235509,229313,,235010,,236328,,237075,555555555,238284,555555555
"G3600930","New York","36","360","Schenectady County","093","0930",154859,0,158061,155086,,157515,,159447,,159603,555555555,160369,555555555
"G3600950","New York","36","360","Schoharie County","095","0950",31222,0,29714,31189,,29936,,29970,,29979,555555555,30049,555555555
"G3600970","New York","36","360","Schuyler County","097","0970",17920,0,17898,17845,,17920,,17855,,17749,555555555,17562,555555555
"G3600990","New York","36","360","Seneca County","099","0990",34390,0,33814,34295,,33900,,33651,,33125,555555555,32920,555555555
"G3600890","New York","36","360","St. Lawrence County","089","0890",108913,0,108505,108352,,108836,,108670,,107796,555555555,107226,555555555
"G3601010","New York","36","360","Steuben County","101","1010",96422,0,93584,95843,,94153,,93584,,93034,555555555,92588,555555555
"G3601030","New York","36","360","Suffolk County","103","1030",1483832,0,1525920,1481364,176,1522998,,1524486,,1525680,555555555,1530146,555555555
"G3601050","New York","36","360","Sullivan County","105","1050",75116,0,78624,75329,,78230,,78725,,79147,555555555,79721,555555555
"G3601070","New York","36","360","Tioga County","107","1070",48686,0,48455,48431,,48567,,48344,,48106,555555555,47864,555555555
"G3601090","New York","36","360","Tompkins County","109","1090",102642,0,105740,102237,,105638,,102555,,102879,555555555,104537,555555555
"G3601110","New York","36","360","Ulster County","111","1110",178665,0,181851,178371,,181862,,182153,,182109,555555555,182601,555555555
"G3601130","New York","36","360","Warren County","113","1130",64276,0,65737,64187,,65692,,65684,,65560,555555555,65517,555555555
"G3601150","New York","36","360","Washington County","115","1150",61616,0,61302,61304,,61504,,61310,,60883,555555555,60522,555555555
"G3601170","New York","36","360","Wayne County","117","1170",90519,0,91283,90103,,91332,,91324,,91128,555555555,90929,555555555
"G3601190","New York","36","360","Westchester County","119","1190",968890,0,1004457,968738,,999723,,997904,,996888,555555555,999677,555555555
"G3601210","New York","36","360","Wyoming County","121","1210",40305,0,40531,40027,,40679,,40338,,39980,555555555,39753,555555555
"G3601230","New York","36","360","Yates County","123","1230",25011,0,24774,24981,54,24808,,24713,,24637,555555555,24526,555555555
"G3700010","North Carolina","37","370","Alamance County","001","0010",163324,0,171415,166144,,169185,,171779,,174286,555555555,176893,555555555
"G3700030","North Carolina","37","370","Alexander County","003","0030",37213,0,36444,37271,,36491,,36505,,36440,555555555,36412,555555555
"G3700050","North Carolina","37","370","Alleghany County","005","0050",11008,0,10888,11085,,10910,,10989,,11075,555555555,11174,555555555
"G3700070","North Carolina","37","370","Anson County","007","0070",24902,0,22055,24430,,22388,,22200,,21903,555555555,22289,555555555
"G3700090","North Carolina","37","370","Ashe County","009","0090",26863,0,26577,27009,48,26598,,26759,,26831,555555555,26950,555555555
"G3700110","North Carolina","37","370","Avery County","011","0110",17506,0,17806,17510,,17747,,17679,,17643,555555555,17680,555555555
"G3700130","North Carolina","37","370","Beaufort County","013","0130",47168,0,44652,47160,,44898,,44711,,44597,555555555,44499,555555555
"G3700150","North Carolina","37","370","Bertie County","015","0150",19380,0,17934,19081,,18105,,17818,,17482,555555555,17170,555555555
"G3700170","North Carolina","37","370","Bladen County","017","0170",33407,0,29606,33209,,30105,,29807,,29591,555555555,29566,555555555
"G3700190","North Carolina","37","370","Brunswick County","019","0190",131815,0,136693,137303,,133789,,139721,,145889,555555555,152568,555555555
"G3700210","North Carolina","37","370","Buncombe County","021","0210",256886,0,269452,259576,,266981,,269449,,271790,555555555,274360,555555555
"G3700230","North Carolina","37","370","Burke County","023","0230",89968,0,87570,90148,,87829,,87799,,87863,555555555,87795,555555555
"G3700250","North Carolina","37","370","Cabarrus County","025","0250",206615,0,225804,211605,,221200,,226396,,231262,555555555,236133,555555555
"G3700270","North Carolina","37","370","Caldwell County","027","0270",81884,0,80652,82056,,80705,,80716,,80618,555555555,80536,555555555
"G3700290","North Carolina","37","370","Camden County","029","0290",10551,0,10355,10654,,10353,,10547,,10743,555555555,10927,555555555
"G3700310","North Carolina","37","370","Carteret County","031","0310",69070,0,67686,69301,,67944,,68353,,68652,555555555,69148,555555555
"G3700330","North Carolina","37","370","Caswell County","033","0330",22684,0,22736,22619,,22785,,22747,,22689,555555555,22404,555555555
"G3700350","North Carolina","37","370","Catawba County","035","0350",157613,0,160610,158507,,159852,,161011,,162051,555555555,163573,555555555
"G3700370","North Carolina","37","370","Chatham County","037","0370",71338,0,76285,72853,,75070,,76754,,78319,555555555,80151,555555555
"G3700390","North Carolina","37","370","Cherokee County","039","0390",27969,0,28774,28413,,28515,,28868,,29197,555555555,29562,555555555
"G3700410","North Carolina","37","370","Chowan County","041","0410",14097,0,13708,13995,,13796,,13835,,13814,555555555,13836,555555555
"G3700430","North Carolina","37","370","Clay County","043","0430",10946,0,11089,11150,,10997,,11186,,11391,555555555,11610,555555555
"G3700450","North Carolina","37","370","Cleveland County","045","0450",97282,0,99519,97765,,98898,,99527,,100170,555555555,100991,555555555
"G3700470","North Carolina","37","370","Columbus County","047","0470",56068,0,50623,55659,,51474,,50827,,50453,555555555,50140,555555555
"G3700490","North Carolina","37","370","Craven County","049","0490",102491,0,100720,102290,,101405,,101098,,101074,555555555,102612,555555555
"G3700510","North Carolina","37","370","Cumberland County","051","0510",332861,0,334728,334562,,333582,,335207,,336749,555555555,338545,555555555
"G3700530","North Carolina","37","370","Currituck County","053","0530",26363,0,28100,27210,,27575,,28616,,29612,555555555,30601,555555555
"G3700550","North Carolina","37","370","Dare County","055","0550",36222,0,36915,36698,,36718,,37160,,37534,555555555,37875,555555555
"G3700570","North Carolina","37","370","Davidson County","057","0570",165381,0,168930,166837,,168002,,169498,,171063,555555555,172954,555555555
"G3700590","North Carolina","37","370","Davie County","059","0590",42257,0,42712,42543,,42543,,43030,,43526,555555555,44122,555555555
"G3700610","North Carolina","37","370","Duplin County","061","0610",58967,0,48715,58965,,49836,,49312,,49053,555555555,49335,555555555
"G3700630","North Carolina","37","370","Durham County","063","0630",311848,0,324833,317665,,320146,,325101,,329405,555555555,332353,555555555
"G3700650","North Carolina","37","370","Edgecombe County","065","0650",52648,0,48900,52069,,49609,,49067,,48777,555555555,48736,555555555
"G3700670","North Carolina","37","370","Forsyth County","067","0670",375195,0,382590,378499,,380583,,383739,,386740,555555555,389977,555555555
"G3700690","North Carolina","37","370","Franklin County","069","0690",66362,0,68573,68027,,67598,,69680,,71962,555555555,74386,555555555
"G3700710","North Carolina","37","370","Gaston County","071","0710",219271,0,227943,222119,,226097,,228972,,231485,555555555,234881,555555555
"G3700730","North Carolina","37","370","Gates County","073","0730",11548,0,10478,11519,,10584,,10509,,10437,555555555,10376,555555555
"G3700750","North Carolina","37","370","Graham County","075","0750",8509,0,8030,8501,,8089,,8047,,8041,555555555,8072,555555555
"G3700770","North Carolina","37","370","Granville County","077","0770",59328,0,60992,59823,,60854,,61161,,61439,555555555,60877,555555555
"G3700790","North Carolina","37","370","Greene County","079","0790",21033,0,20451,20987,,20524,,20407,,20421,555555555,20486,555555555
"G3700810","North Carolina","37","370","Guilford County","081","0810",527868,0,541299,532956,,537113,,539557,,542987,555555555,547940,555555555
"G3700830","North Carolina","37","370","Halifax County","083","0830",51190,0,48622,50678,,49291,,48772,,48219,555555555,47675,555555555
"G3700850","North Carolina","37","370","Harnett County","085","0850",132283,0,133568,134328,48,133074,,134718,,136503,555555555,139150,555555555
"G3700870","North Carolina","37","370","Haywood County","087","0870",61053,0,62089,61862,,61695,,62152,,62432,555555555,62662,555555555
"G3700890","North Carolina","37","370","Henderson County","089","0890",114913,0,116281,116298,,115613,,116469,,117387,555555555,118484,555555555
"G3700910","North Carolina","37","370","Hertford County","091","0910",24012,0,21552,23752,,22010,,21633,,20492,555555555,19908,555555555
"G3700930","North Carolina","37","370","Hoke County","093","0930",53957,0,52082,54590,,52169,,52612,,53102,555555555,53835,555555555
"G3700950","North Carolina","37","370","Hyde County","095","0950",5213,0,4589,5089,,4697,,4636,,4625,555555555,4592,555555555
"G3700970","North Carolina","37","370","Iredell County","097","0970",175538,0,186693,178853,,183965,,187839,,191800,555555555,196544,555555555
"G3700990","North Carolina","37","370","Jackson County","099","0990",42938,0,43109,43435,,42983,,42388,,43089,555555555,43771,555555555
"G3701010","North Carolina","37","370","Johnston County","101","1010",196870,0,215999,203308,,211320,,219042,,226623,555555555,234263,555555555
"G3701030","North Carolina","37","370","Jones County","103","1030",9594,0,9172,9453,,9326,,9263,,9245,555555555,9302,555555555
"G3701050","North Carolina","37","370","Lee County","105","1050",60481,0,63285,61083,,62676,,63560,,64565,555555555,65816,555555555
"G3701070","North Carolina","37","370","Lenoir County","107","1070",56756,0,55122,56350,,55344,,55071,,54917,555555555,54919,555555555
"G3701090","North Carolina","37","370","Lincoln County","109","1090",82919,0,86810,84580,,85670,,87933,,90359,555555555,92716,555555555
"G3701130","North Carolina","37","370","Macon County","113","1130",34813,0,37014,35172,,36532,,37088,,37533,555555555,37941,555555555
"G3701150","North Carolina","37","370","Madison County","115","1150",21499,0,21193,21608,,21269,,21414,,21640,555555555,21867,555555555
"G3701170","North Carolina","37","370","Martin County","117","1170",22849,0,22031,22644,,22213,,21992,,21773,555555555,21644,555555555
"G3701110","North Carolina","37","370","McDowell County","111","1110",45227,0,44578,45402,,44527,,44629,,44679,555555555,44817,555555555
"G3701190","North Carolina","37","370","Mecklenburg County","119","1190",1074475,0,1115482,1095170,,1100984,,1115403,,1130906,555555555,1154681,555555555
"G3701210","North Carolina","37","370","Mitchell County","121","1210",15004,0,14903,14959,,14951,,14989,,14973,555555555,14992,555555555
"G3701230","North Carolina","37","370","Montgomery County","123","1230",27252,0,25751,27223,,25891,,25839,,25874,555555555,26007,555555555
"G3701250","North Carolina","37","370","Moore County","125","1250",97294,0,99727,99263,,98618,,100759,,102840,555555555,104876,555555555
"G3701270","North Carolina","37","370","Nash County","127","1270",94030,0,94970,94287,,94628,,95015,,95451,555555555,96216,555555555
"G3701290","North Carolina","37","370","New Hanover County","129","1290",227938,0,225702,231448,,225175,,228134,,231214,555555555,235229,555555555
"G3701310","North Carolina","37","370","Northampton County","131","1310",19946,0,17471,19672,,17917,,17528,,17212,555555555,16931,555555555
"G3701330","North Carolina","37","370","Onslow County","133","1330",195069,0,204576,198377,,201597,,203686,,208537,555555555,207906,555555555
"G3701350","North Carolina","37","370","Orange County","135","1350",144836,0,148696,146354,,147376,,145919,,147292,555555555,149678,555555555
"G3701370","North Carolina","37","370","Pamlico County","137","1370",12701,0,12276,12673,,12293,,12317,,12315,555555555,12390,555555555
"G3701390","North Carolina","37","370","Pasquotank County","139","1390",39514,0,40568,39775,,40240,,40454,,40830,555555555,40834,555555555
"G3701410","North Carolina","37","370","Pender County","141","1410",60399,0,60203,61891,,59964,,61592,,63475,555555555,65550,555555555
"G3701430","North Carolina","37","370","Perquimans County","143","1430",13430,0,13005,13513,,13002,,13053,,13146,555555555,13244,555555555
"G3701450","North Carolina","37","370","Person County","145","1450",39345,0,39097,39561,,38999,,39131,,39275,555555555,39542,555555555
"G3701470","North Carolina","37","370","Pitt County","147","1470",178433,0,170243,179961,,170600,,171196,,172279,555555555,177193,555555555
"G3701490","North Carolina","37","370","Polk County","149","1490",20557,0,19328,20682,,19413,,19538,,19689,555555555,19891,555555555
"G3701510","North Carolina","37","370","Randolph County","151","1510",143118,0,144171,143460,,143735,,144403,,145322,555555555,146348,555555555
"G3701530","North Carolina","37","370","Richmond County","153","1530",44997,0,42946,44759,,43301,,43149,,42818,555555555,42344,555555555
"G3701550","North Carolina","37","370","Robeson County","155","1550",132596,0,116530,131656,,118836,,117573,,116858,555555555,116902,555555555
"G3701570","North Carolina","37","370","Rockingham County","157","1570",91077,0,91096,91051,,90903,,91209,,91585,555555555,92131,555555555
"G3701590","North Carolina","37","370","Rowan County","159","1590",140296,0,146875,140978,,145784,,147067,,148487,555555555,149875,555555555
"G3701610","North Carolina","37","370","Rutherford County","161","1610",66599,0,64444,66741,,64592,,64680,,64850,555555555,64930,555555555
"G3701630","North Carolina","37","370","Sampson County","163","1630",63385,0,59036,63284,,59468,,59317,,59245,555555555,59470,555555555
"G3701650","North Carolina","37","370","Scotland County","165","1650",35076,0,34174,34921,,34345,,34222,,34353,555555555,33590,555555555
"G3701670","North Carolina","37","370","Stanly County","167","1670",61588,0,62504,62050,,62148,,62723,,63557,555555555,64651,555555555
"G3701690","North Carolina","37","370","Stokes County","169","1690",45781,0,44520,45688,,44588,,44696,,44889,555555555,45139,555555555
"G3701710","North Carolina","37","370","Surry County","171","1710",71971,0,71359,71904,,71439,,71429,,71407,555555555,71425,555555555
"G3701730","North Carolina","37","370","Swain County","173","1730",14260,0,14117,14241,,14166,,14130,,14065,555555555,14013,555555555
"G3701750","North Carolina","37","370","Transylvania County","175","1750",33775,0,32986,34039,,32979,,33131,,33243,555555555,33691,555555555
"G3701770","North Carolina","37","370","Tyrrell County","177","1770",4095,0,3245,3978,,3436,,3389,,3376,555555555,3423,555555555
"G3701790","North Carolina","37","370","Union County","179","1790",231053,0,238267,235767,,235699,,240109,,244975,555555555,250958,555555555
"G3701810","North Carolina","37","370","Vance County","181","1810",44479,0,42578,44614,,42650,,42492,,42361,555555555,42322,555555555
"G3701830","North Carolina","37","370","Wake County","183","1830",1069079,0,1129410,1091662,48,1112883,,1132103,,1151009,555555555,1178653,555555555
"G3701850","North Carolina","37","370","Warren County","185","1850",19898,0,18642,19746,,18889,,18803,,18751,555555555,18795,555555555
"G3701870","North Carolina","37","370","Washington County","187","1870",11922,0,11003,11788,,11183,,11051,,10905,555555555,10812,555555555
"G3701890","North Carolina","37","370","Watauga County","189","1890",54925,0,54086,55669,,54077,,54540,,54607,555555555,55123,555555555
"G3701910","North Carolina","37","370","Wayne County","191","1910",123603,0,117333,123785,,117692,,117480,,117606,555555555,118652,555555555
"G3701930","North Carolina","37","370","Wilkes County","193","1930",68469,0,65969,68341,48,66335,,66125,,65983,555555555,65935,555555555
"G3701950","North Carolina","37","370","Wilson County","195","1950",81435,0,78784,81579,,78844,,78667,,78648,555555555,79290,555555555
"G3701970","North Carolina","37","370","Yadkin County","197","1970",37602,0,37214,37589,,37198,,37280,,37419,555555555,37574,555555555
"G3701990","North Carolina","37","370","Yancey County","199","1990",17760,0,18470,17870,,18357,,18538,,18676,555555555,18797,555555555
"G3800010","North Dakota","38","380","Adams County","001","0010",2311,0,2200,2271,,2237,,2190,,2179,555555555,2145,555555555
"G3800030","North Dakota","38","380","Barnes County","003","0030",10706,0,10853,10592,,10869,,10826,,10794,555555555,10773,555555555
"G3800050","North Dakota","38","380","Benson County","005","0050",6873,0,5964,6860,,6090,,5960,,5861,555555555,5808,555555555
"G3800070","North Dakota","38","380","Billings County","007","0070",922,84,945,886,115,839,104,839,100,948,91,1024,98
"G3800090","North Dakota","38","380","Bottineau County","009","0090",6502,0,6379,6418,,6442,,6411,,6390,555555555,6378,555555555
"G3800110","North Dakota","38","380","Bowman County","011","0110",3148,0,2993,3091,,3024,,2975,,2935,555555555,2906,555555555
"G3800130","North Dakota","38","380","Burke County","013","0130",2182,0,2201,2142,,2177,,2184,,2163,555555555,2156,555555555
"G3800150","North Dakota","38","380","Burleigh County","015","0150",94793,0,98458,95509,,97895,,98443,,98986,555555555,100600,555555555
"G3800170","North Dakota","38","380","Cass County","017","0170",176975,0,184525,179937,,182992,,186328,,189286,555555555,193400,555555555
"G3800190","North Dakota","38","380","Cavalier County","019","0190",3803,0,3704,3769,,3725,,3691,,3663,555555555,3633,555555555
"G3800210","North Dakota","38","380","Dickey County","021","0210",4938,0,4999,4857,,5013,,5003,,4959,555555555,4935,555555555
"G3800230","North Dakota","38","380","Divide County","023","0230",2335,0,2195,2289,,2196,,2195,,2174,555555555,2167,555555555
"G3800250","North Dakota","38","380","Dunn County","025","0250",4395,0,4095,4362,,4054,,4049,,4043,555555555,4040,555555555
"G3800270","North Dakota","38","380","Eddy County","027","0270",2301,0,2347,2262,,2378,,2345,,2319,555555555,2307,555555555
"G3800290","North Dakota","38","380","Emmons County","029","0290",3310,0,3301,3262,,3316,,3297,,3269,555555555,3254,555555555
"G3800310","North Dakota","38","380","Foster County","031","0310",3260,0,3397,3231,,3396,,3388,,3372,555555555,3358,555555555
"G3800330","North Dakota","38","380","Golden Valley County","033","0330",1845,100,1736,1796,128,1812,114,1734,111,1679,110,1653,109
"G3800350","North Dakota","38","380","Grand Forks County","035","0350",70224,0,73170,70243,,73101,,72927,,72764,555555555,72923,555555555
"G3800370","North Dakota","38","380","Grant County","037","0370",2353,0,2301,2318,,2351,,2320,,2276,555555555,2269,555555555
"G3800390","North Dakota","38","380","Griggs County","039","0390",2409,114,2306,2314,145,2242,136,2309,118,2340,116,2245,110
"G3800410","North Dakota","38","380","Hettinger County","041","0410",2547,0,2489,2510,,2502,,2477,,2453,555555555,2432,555555555
"G3800430","North Dakota","38","380","Kidder County","043","0430",2466,0,2394,2468,,2397,,2391,,2374,555555555,2377,555555555
"G3800450","North Dakota","38","380","LaMoure County","045","0450",4125,125,4093,4225,129,4173,150,4135,139,4107,125,4118,117
"G3800470","North Dakota","38","380","Logan County","047","0470",1872,125,1876,1743,129,1814,150,1849,139,1848,125,1819,117
"G3800490","North Dakota","38","380","McHenry County","049","0490",5878,0,5345,5825,,5420,,5326,,5264,555555555,5207,555555555
"G3800510","North Dakota","38","380","McIntosh County","051","0510",2597,0,2530,2535,,2568,,2529,,2512,555555555,2497,555555555
"G3800530","North Dakota","38","380","McKenzie County","053","0530",13334,0,14704,13836,,13762,,14081,,14280,555555555,14321,555555555
"G3800550","North Dakota","38","380","McLean County","055","0550",9584,0,9771,9531,,9788,,9781,,9807,555555555,9823,555555555
"G3800570","North Dakota","38","380","Mercer County","057","0570",8462,0,8350,8359,,8405,,8366,,8341,555555555,8337,555555555
"G3800590","North Dakota","38","380","Morton County","059","0590",30868,0,33291,31118,,32916,,33192,,33479,555555555,33777,555555555
"G3800610","North Dakota","38","380","Mountrail County","061","0610",10321,0,9809,10348,,9717,,9648,,9567,555555555,9507,555555555
"G3800630","North Dakota","38","380","Nelson County","063","0630",2894,0,3015,2864,,3035,,3025,,3015,555555555,3016,555555555
"G3800650","North Dakota","38","380","Oliver County","065","0650",1842,105,1877,1962,87,1850,109,1832,110,1821,100,1839,107
"G3800670","North Dakota","38","380","Pembina County","067","0670",6947,0,6844,6850,,6912,,6853,,6787,555555555,6727,555555555
"G3800690","North Dakota","38","380","Pierce County","069","0690",4126,0,3990,4061,,4038,,3999,,3961,555555555,3928,555555555
"G3800710","North Dakota","38","380","Ramsey County","071","0710",11583,0,11605,11521,,11638,,11613,,11563,555555555,11556,555555555
"G3800730","North Dakota","38","380","Ransom County","073","0730",5314,0,5703,5258,,5679,,5663,,5662,555555555,5643,555555555
"G3800750","North Dakota","38","380","Renville County","075","0750",2442,0,2282,2387,,2328,,2282,,2277,555555555,2304,555555555
"G3800770","North Dakota","38","380","Richland County","077","0770",16254,0,16529,16245,,16546,,16548,,16550,555555555,16584,555555555
"G3800790","North Dakota","38","380","Rolette County","079","0790",14511,0,12187,14437,,12508,,12292,,12065,555555555,11924,555555555
"G3800810","North Dakota","38","380","Sargent County","081","0810",3872,0,3862,3899,,3839,,3828,,3822,555555555,3804,555555555
"G3800830","North Dakota","38","380","Sheridan County","083","0830",1409,105,1265,1289,87,1328,109,1338,110,1327,100,1303,107
"G3800850","North Dakota","38","380","Sioux County","085","0850",4373,0,3898,4339,,3993,,3896,,3789,555555555,3740,555555555
"G3800870","North Dakota","38","380","Slope County","087","0870",742,83,706,788,89,775,83,837,93,795,90,766,83
"G3800890","North Dakota","38","380","Stark County","089","0890",31081,0,33646,31164,,32710,,32989,,33116,555555555,33302,555555555
"G3800910","North Dakota","38","380","Steele County","091","0910",1744,114,1798,1817,145,1870,136,1774,118,1731,116,1804,110
"G3800930","North Dakota","38","380","Stutsman County","093","0930",20965,0,21593,20879,,21678,,21609,,21525,555555555,21549,555555555
"G3800950","North Dakota","38","380","Towner County","095","0950",2224,0,2162,2191,,2190,,2152,,2113,555555555,2079,555555555
"G3800970","North Dakota","38","380","Traill County","097","0970",8008,0,7997,7999,,8008,,8004,,7980,555555555,7970,555555555
"G3800990","North Dakota","38","380","Walsh County","099","0990",10751,0,10563,10642,,10631,,10553,,10488,555555555,10396,555555555
"G3801010","North Dakota","38","380","Ward County","101","1010",68812,0,69919,68962,,69686,,69532,,69232,555555555,68973,555555555
"G3801030","North Dakota","38","380","Wells County","103","1030",3976,0,3982,3889,,4031,,3990,,3942,555555555,3890,555555555
"G3801050","North Dakota","38","380","Williams County","105","1050",35208,0,40950,36044,,38460,,39076,,39368,555555555,39555,555555555
"G3900010","Ohio","39","390","Adams County","001","0010",27776,0,27477,27685,,27564,,27509,,27510,555555555,27540,555555555
"G3900030","Ohio","39","390","Allen County","003","0030",103175,0,102206,102808,,102462,,102087,,101685,555555555,101348,555555555
"G3900050","Ohio","39","390","Ashland County","005","0050",53536,0,52447,53533,,52658,,52522,,52296,555555555,52256,555555555
"G3900070","Ohio","39","390","Ashtabula County","007","0070",97830,0,97574,97416,,97869,,97666,,97343,555555555,97167,555555555
"G3900090","Ohio","39","390","Athens County","009","0090",65917,0,62431,65945,,62933,,61276,,61573,555555555,61737,555555555
"G3900110","Ohio","39","390","Auglaize County","011","0110",45729,0,46422,45709,,46282,,46263,,46209,555555555,46125,555555555
"G3900130","Ohio","39","390","Belmont County","013","0130",68024,0,66497,67424,,67077,,66554,,65982,555555555,65473,555555555
"G3900150","Ohio","39","390","Brown County","015","0150",43572,0,43676,43508,62,43694,,43715,,43710,555555555,43845,555555555
"G3900170","Ohio","39","390","Butler County","017","0170",380019,0,390357,382129,,387830,,388327,,389910,555555555,392876,555555555
"G3900190","Ohio","39","390","Carroll County","019","0190",27332,0,26721,27195,,26866,,26761,,26731,555555555,26659,555555555
"G3900210","Ohio","39","390","Champaign County","021","0210",38845,0,38714,38861,,38678,,38715,,38772,555555555,38804,555555555
"G3900230","Ohio","39","390","Clark County","023","0230",134726,0,136001,134409,,136032,,135877,,135445,555555555,135158,555555555
"G3900250","Ohio","39","390","Clermont County","025","0250",204275,0,208601,205616,62,207650,,208851,,209862,555555555,211181,555555555
"G3900270","Ohio","39","390","Clinton County","027","0270",41957,0,42018,42000,,42046,,42077,,42014,555555555,42012,555555555
"G3900290","Ohio","39","390","Columbiana County","029","0290",103190,0,101877,102514,,102331,,101723,,101203,555555555,100704,555555555
"G3900310","Ohio","39","390","Coshocton County","031","0310",36585,0,36612,36558,,36621,,36629,,36679,555555555,36744,555555555
"G3900330","Ohio","39","390","Crawford County","033","0330",41821,0,42025,41603,,41939,,41861,,41767,555555555,41711,555555555
"G3900350","Ohio","39","390","Cuyahoga County","035","0350",1247451,0,1264817,1241475,,1263667,,1256620,,1249418,555555555,1245873,555555555
"G3900370","Ohio","39","390","Darke County","037","0370",51513,0,51881,51387,,51839,,51751,,51655,555555555,51594,555555555
"G3900390","Ohio","39","390","Defiance County","039","0390",38160,0,38286,38024,,38329,,38300,,38258,555555555,38343,555555555
"G3900410","Ohio","39","390","Delaware County","041","0410",201135,0,214124,205454,,211121,,216074,,221160,555555555,226834,555555555
"G3900430","Ohio","39","390","Erie County","043","0430",74780,0,75622,74419,,75560,,75299,,74938,555555555,74581,555555555
"G3900450","Ohio","39","390","Fairfield County","045","0450",154457,0,158921,156204,,157622,,159371,,161289,555555555,163453,555555555
"G3900470","Ohio","39","390","Fayette County","047","0470",28620,0,28951,28609,,28897,,28901,,28880,555555555,28876,555555555
"G3900490","Ohio","39","390","Franklin County","049","0490",1290360,0,1323807,1304715,,1313598,,1318149,,1321635,555555555,1333048,555555555
"G3900510","Ohio","39","390","Fulton County","051","0510",42253,0,42713,42186,,42709,,42602,,42434,555555555,42240,555555555
"G3900530","Ohio","39","390","Gallia County","053","0530",30088,0,29220,29995,,29369,,29276,,29162,555555555,29068,555555555
"G3900550","Ohio","39","390","Geauga County","055","0550",93843,0,95397,93657,,95408,,95455,,95479,555555555,95481,555555555
"G3900570","Ohio","39","390","Greene County","057","0570",166502,0,167966,167867,,167043,,167567,,168531,555555555,169688,555555555
"G3900590","Ohio","39","390","Guernsey County","059","0590",39111,0,38438,38996,,38542,,38409,,38283,555555555,38223,555555555
"G3900610","Ohio","39","390","Hamilton County","061","0610",813589,0,830639,815790,,826790,,827671,,827878,555555555,830774,555555555
"G3900630","Ohio","39","390","Hancock County","063","0630",75837,0,74920,75765,,75139,,75072,,74885,555555555,74866,555555555
"G3900650","Ohio","39","390","Hardin County","065","0650",31425,0,30696,31393,,30738,,30622,,30527,555555555,30475,555555555
"G3900670","Ohio","39","390","Harrison County","067","0670",15211,0,14483,15132,,14623,,14528,,14408,555555555,14306,555555555
"G3900690","Ohio","39","390","Henry County","069","0690",27208,0,27662,27068,,27618,,27601,,27581,555555555,27567,555555555
"G3900710","Ohio","39","390","Highland County","071","0710",43016,0,43317,43080,,43162,,43285,,43403,555555555,43517,555555555
"G3900730","Ohio","39","390","Hocking County","073","0730",28390,0,28050,28306,,28180,,28104,,27938,555555555,27799,555555555
"G3900750","Ohio","39","390","Holmes County","075","0750",43901,0,44223,43954,,44166,,44273,,44312,555555555,44418,555555555
"G3900770","Ohio","39","390","Huron County","077","0770",58339,0,58565,58271,,58583,,58518,,58412,555555555,58319,555555555
"G3900790","Ohio","39","390","Jackson County","079","0790",32450,0,32653,32440,,32531,,32563,,32588,555555555,32650,555555555
"G3900810","Ohio","39","390","Jefferson County","081","0810",66371,0,65249,65943,,65620,,65280,,64855,555555555,64518,555555555
"G3900830","Ohio","39","390","Knox County","083","0830",61481,0,62721,61776,,62399,,62657,,62888,555555555,63142,555555555
"G3900850","Ohio","39","390","Lake County","085","0850",229954,0,232603,229755,,232202,,232236,,232101,555555555,232216,555555555
"G3900870","Ohio","39","390","Lawrence County","087","0870",60184,0,58240,59901,,58570,,57994,,57385,555555555,56819,555555555
"G3900890","Ohio","39","390","Licking County","089","0890",173750,0,178519,175409,,177454,,178844,,180311,555555555,181837,555555555
"G3900910","Ohio","39","390","Logan County","091","0910",45316,0,46150,45315,,45997,,46098,,46140,555555555,46089,555555555
"G3900930","Ohio","39","390","Lorain County","093","0930",307670,0,312964,309134,,311737,,313101,,314588,555555555,317129,555555555
"G3900950","Ohio","39","390","Lucas County","095","0950",431102,0,431279,430319,,431212,,430014,,428748,555555555,428018,555555555
"G3900970","Ohio","39","390","Madison County","097","0970",44135,0,43824,44248,,43947,,43961,,44126,555555555,44423,555555555
"G3900990","Ohio","39","390","Mahoning County","099","0990",229961,0,228614,228452,,229044,,227979,,227063,555555555,226491,555555555
"G3901010","Ohio","39","390","Marion County","101","1010",65299,0,65359,65179,,65515,,65366,,65145,555555555,65020,555555555
"G3901030","Ohio","39","390","Medina County","103","1030",177980,0,182470,179116,,181448,,182347,,183049,555555555,183660,555555555
"G3901050","Ohio","39","390","Meigs County","105","1050",23078,0,22210,22974,,22361,,22242,,22072,555555555,21896,555555555
"G3901070","Ohio","39","390","Mercer County","107","1070",40884,0,42528,41034,,42154,,42321,,42438,555555555,42484,555555555
"G3901090","Ohio","39","390","Miami County","109","1090",105371,0,108774,106074,,107899,,108818,,109549,555555555,110296,555555555
"G3901110","Ohio","39","390","Monroe County","111","1110",13942,0,13385,13827,,13514,,13401,,13308,555555555,13227,555555555
"G3901130","Ohio","39","390","Montgomery County","113","1130",531670,0,537309,531988,,536136,,536121,,535528,555555555,536096,555555555
"G3901150","Ohio","39","390","Morgan County","115","1150",14640,0,13802,14557,,13955,,13851,,13758,555555555,13651,555555555
"G3901170","Ohio","39","390","Morrow County","117","1170",35043,0,34950,35148,,34892,,35049,,35214,555555555,35404,555555555
"G3901190","Ohio","39","390","Muskingum County","119","1190",86131,0,86410,86033,,86346,,86393,,86382,555555555,86411,555555555
"G3901210","Ohio","39","390","Noble County","121","1210",14416,0,14115,14410,,14166,,14216,,14252,555555555,14282,555555555
"G3901230","Ohio","39","390","Ottawa County","123","1230",40632,0,40364,40557,,40479,,40367,,40161,555555555,39994,555555555
"G3901250","Ohio","39","390","Paulding County","125","1250",18809,0,18806,18742,,18858,,18827,,18800,555555555,18791,555555555
"G3901270","Ohio","39","390","Perry County","127","1270",36022,0,35408,36076,,35439,,35451,,35474,555555555,35535,555555555
"G3901290","Ohio","39","390","Pickaway County","129","1290",57762,0,58539,58112,,58458,,58809,,59407,555555555,60131,555555555
"G3901310","Ohio","39","390","Pike County","131","1310",28000,0,27088,27914,,27271,,27151,,27080,555555555,27044,555555555
"G3901330","Ohio","39","390","Portage County","133","1330",162511,0,161791,162476,,161897,,161217,,161421,555555555,161956,555555555
"G3901350","Ohio","39","390","Preble County","135","1350",41093,0,40999,40995,,41027,,40929,,40802,555555555,40765,555555555
"G3901370","Ohio","39","390","Putnam County","137","1370",33911,0,34451,33836,,34395,,34400,,34352,555555555,34314,555555555
"G3901390","Ohio","39","390","Richland County","139","1390",121100,0,124936,121043,,124504,,125008,,125138,555555555,125099,555555555
"G3901410","Ohio","39","390","Ross County","141","1410",76948,0,77093,76816,,77205,,76957,,76748,555555555,76492,555555555
"G3901430","Ohio","39","390","Sandusky County","143","1430",59029,0,58896,58801,,59013,,58885,,58770,555555555,58778,555555555
"G3901450","Ohio","39","390","Scioto County","145","1450",76040,0,74008,75441,,74392,,73716,,73118,555555555,72627,555555555
"G3901470","Ohio","39","390","Seneca County","147","1470",55351,0,55069,55251,,55166,,55062,,54861,555555555,54770,555555555
"G3901490","Ohio","39","390","Shelby County","149","1490",48749,0,48230,48610,,48307,,48145,,48007,555555555,47929,555555555
"G3901510","Ohio","39","390","Stark County","151","1510",372404,0,374853,371516,,374712,,374199,,373764,555555555,373713,555555555
"G3901530","Ohio","39","390","Summit County","153","1530",541334,0,540428,540810,,540567,,539361,,538087,555555555,537864,555555555
"G3901550","Ohio","39","390","Trumbull County","155","1550",200367,0,201977,199144,,202199,,201749,,201367,555555555,200929,555555555
"G3901570","Ohio","39","390","Tuscarawas County","157","1570",92335,0,93263,92165,,93025,,92840,,92585,555555555,92385,555555555
"G3901590","Ohio","39","390","Union County","159","1590",56707,0,62784,57871,,61769,,63411,,65293,555555555,67324,555555555
"G3901610","Ohio","39","390","Van Wert County","161","1610",28261,0,28931,28213,,28808,,28833,,28824,555555555,28826,555555555
"G3901630","Ohio","39","390","Vinton County","163","1630",13083,0,12800,13045,,12853,,12790,,12686,555555555,12630,555555555
"G3901650","Ohio","39","390","Warren County","165","1650",229132,0,242337,232540,,239556,,243189,,246364,555555555,250008,555555555
"G3901670","Ohio","39","390","Washington County","167","1670",60426,0,59771,60217,,59942,,59639,,59318,555555555,58978,555555555
"G3901690","Ohio","39","390","Wayne County","169","1690",116099,0,116894,116063,,116858,,116680,,116618,555555555,116588,555555555
"G3901710","Ohio","39","390","Williams County","171","1710",36816,0,37102,36760,,37026,,36973,,36862,555555555,36719,555555555
"G3901730","Ohio","39","390","Wood County","173","1730",130150,0,132248,130662,,131930,,131564,,131795,555555555,132064,555555555
"G3901750","Ohio","39","390","Wyandot County","175","1750",22000,0,21900,21907,,21933,,21818,,21699,555555555,21598,555555555
"G4000010","Oklahoma","40","400","Adair County","001","0010",22220,0,19495,22171,,19839,,19726,,19595,555555555,19575,555555555
"G4000030","Oklahoma","40","400","Alfalfa County","003","0030",5847,0,5699,5791,,5744,,5683,,5685,555555555,5696,555555555
"G4000050","Oklahoma","40","400","Atoka County","005","0050",13823,0,14143,13815,,14080,,14117,,14255,555555555,14379,555555555
"G4000070","Oklahoma","40","400","Beaver County","007","0070",5377,0,5049,5326,,5100,,5071,,5041,555555555,5028,555555555
"G4000090","Oklahoma","40","400","Beckham County","009","0090",22268,0,22410,21860,,22349,,22295,,22202,555555555,22148,555555555
"G4000110","Oklahoma","40","400","Blaine County","011","0110",9556,0,8735,9521,,8799,,8661,,8603,555555555,8570,555555555
"G4000130","Oklahoma","40","400","Bryan County","013","0130",46457,0,46067,47325,,45809,,46528,,47237,555555555,48253,555555555
"G4000150","Oklahoma","40","400","Caddo County","015","0150",29242,0,26945,29179,,27253,,26910,,26626,555555555,26447,555555555
"G4000170","Oklahoma","40","400","Canadian County","017","0170",140455,0,154405,144610,,151174,,156681,,162621,555555555,168985,555555555
"G4000190","Oklahoma","40","400","Carter County","019","0190",48319,0,48003,48380,,48102,,48202,,48255,555555555,48555,555555555
"G4000210","Oklahoma","40","400","Cherokee County","021","0210",48664,0,47078,48871,,47307,,47412,,47621,555555555,47942,555555555
"G4000230","Oklahoma","40","400","Choctaw County","023","0230",14807,0,14204,14727,,14307,,14285,,14299,555555555,14297,555555555
"G4000250","Oklahoma","40","400","Cimarron County","025","0250",2174,0,2296,2159,,2271,,2272,,2247,555555555,2218,555555555
"G4000270","Oklahoma","40","400","Cleveland County","027","0270",279274,0,295528,282189,,292110,,295060,,297545,555555555,300047,555555555
"G4000290","Oklahoma","40","400","Coal County","029","0290",5581,0,5266,5577,,5294,,5287,,5275,555555555,5320,555555555
"G4000310","Oklahoma","40","400","Comanche County","031","0310",121762,0,121125,121374,,121502,,121777,,121699,555555555,121825,555555555
"G4000330","Oklahoma","40","400","Cotton County","033","0330",5858,0,5527,5783,,5603,,5537,,5475,555555555,5485,555555555
"G4000350","Oklahoma","40","400","Craig County","035","0350",14390,0,14107,14274,,14172,,14144,,14215,555555555,14302,555555555
"G4000370","Oklahoma","40","400","Creek County","037","0370",71427,0,71754,71505,,71879,,72076,,72353,555555555,72830,555555555
"G4000390","Oklahoma","40","400","Custer County","039","0390",29152,0,28513,28929,,28564,,28391,,28332,555555555,28259,555555555
"G4000410","Oklahoma","40","400","Delaware County","041","0410",42433,0,40397,42741,,40688,,40791,,41017,555555555,41279,555555555
"G4000430","Oklahoma","40","400","Dewey County","043","0430",4922,0,4484,4885,,4548,,4504,,4433,555555555,4360,555555555
"G4000450","Oklahoma","40","400","Ellis County","045","0450",4015,0,3749,3936,,3813,,3755,,3717,555555555,3683,555555555
"G4000470","Oklahoma","40","400","Garfield County","047","0470",61898,0,62846,61555,,62628,,62456,,62322,555555555,62146,555555555
"G4000490","Oklahoma","40","400","Garvin County","049","0490",27835,0,25656,27789,,25949,,25806,,25779,555555555,25860,555555555
"G4000510","Oklahoma","40","400","Grady County","051","0510",55071,0,54795,55315,,54739,,55314,,55868,555555555,56606,555555555
"G4000530","Oklahoma","40","400","Grant County","053","0530",4397,0,4169,4369,,4166,,4152,,4137,555555555,4131,555555555
"G4000550","Oklahoma","40","400","Greer County","055","0550",5861,0,5491,5790,,5548,,5531,,5498,555555555,5489,555555555
"G4000570","Oklahoma","40","400","Harmon County","057","0570",2710,0,2488,2663,,2540,,2499,,2452,555555555,2406,555555555
"G4000590","Oklahoma","40","400","Harper County","059","0590",3760,0,3272,3730,,3358,,3272,,3231,555555555,3203,555555555
"G4000610","Oklahoma","40","400","Haskell County","061","0610",12687,0,11561,12688,,11711,,11651,,11667,555555555,11683,555555555
"G4000630","Oklahoma","40","400","Hughes County","063","0630",13372,0,13367,13265,,13406,,13409,,13411,555555555,13389,555555555
"G4000650","Oklahoma","40","400","Jackson County","065","0650",25063,0,24785,24808,,24960,,24776,,24730,555555555,24678,555555555
"G4000670","Oklahoma","40","400","Jefferson County","067","0670",6158,0,5337,6084,,5491,,5420,,5377,555555555,5380,555555555
"G4000690","Oklahoma","40","400","Johnston County","069","0690",11064,0,10272,11028,,10446,,10410,,10334,555555555,10278,555555555
"G4000710","Oklahoma","40","400","Kay County","071","0710",44402,0,43700,44074,,44019,,43859,,43731,555555555,43625,555555555
"G4000730","Oklahoma","40","400","Kingfisher County","073","0730",15694,0,15184,15811,,15272,,15290,,15288,555555555,15430,555555555
"G4000750","Oklahoma","40","400","Kiowa County","075","0750",8886,0,8509,8816,,8518,,8446,,8458,555555555,8383,555555555
"G4000770","Oklahoma","40","400","Latimer County","077","0770",10348,0,9444,10239,,9555,,9537,,9495,555555555,9518,555555555
"G4000790","Oklahoma","40","400","Le Flore County","079","0790",50026,0,48129,49999,,48436,,48525,,48728,555555555,49053,555555555
"G4000810","Oklahoma","40","400","Lincoln County","081","0810",34895,0,33458,34936,,33650,,33734,,33917,555555555,34219,555555555
"G4000830","Oklahoma","40","400","Logan County","083","0830",46683,0,49555,47401,,49005,,49919,,50905,555555555,51938,555555555
"G4000850","Oklahoma","40","400","Love County","085","0850",10063,0,10146,10128,,10105,,10158,,10196,555555555,10261,555555555
"G4000930","Oklahoma","40","400","Major County","093","0930",7692,0,7782,7654,,7753,,7678,,7656,555555555,7628,555555555
"G4000950","Oklahoma","40","400","Marshall County","095","0950",16505,0,15312,16688,,15361,,15494,,15628,555555555,15792,555555555
"G4000970","Oklahoma","40","400","Mayes County","097","0970",41044,0,39046,41098,,39303,,39324,,39406,555555555,39604,555555555
"G4000870","Oklahoma","40","400","McClain County","087","0870",39247,0,41662,39921,,41258,,42393,,43779,555555555,45273,555555555
"G4000890","Oklahoma","40","400","McCurtain County","089","0890",33016,0,30814,32913,,31112,,31003,,30825,555555555,30863,555555555
"G4000910","Oklahoma","40","400","McIntosh County","091","0910",19725,0,18941,19677,,19105,,19159,,19237,555555555,19400,555555555
"G4000990","Oklahoma","40","400","Murray County","099","0990",13946,0,13904,13972,,13874,,13837,,13807,555555555,13753,555555555
"G4001010","Oklahoma","40","400","Muskogee County","101","1010",68736,0,66339,68451,,66881,,66606,,66471,555555555,66444,555555555
"G4001030","Oklahoma","40","400","Noble County","103","1030",11335,0,10924,11263,,11020,,10981,,10909,555555555,10897,555555555
"G4001050","Oklahoma","40","400","Nowata County","105","1050",10322,0,9320,10243,,9484,,9460,,9392,555555555,9435,555555555
"G4001070","Oklahoma","40","400","Okfuskee County","107","1070",12067,0,11310,11987,,11444,,11349,,11304,555555555,11278,555555555
"G4001090","Oklahoma","40","400","Oklahoma County","109","1090",787216,0,796292,792668,,790938,,795822,,800487,555555555,806199,555555555
"G4001110","Oklahoma","40","400","Okmulgee County","111","1110",38749,0,36706,38553,,37046,,36900,,36922,555555555,36899,555555555
"G4001130","Oklahoma","40","400","Osage County","113","1130",47226,0,45818,47074,,46140,,46004,,45963,555555555,45997,555555555
"G4001150","Oklahoma","40","400","Ottawa County","115","1150",31454,0,30285,31283,,30568,,30472,,30360,555555555,30341,555555555
"G4001170","Oklahoma","40","400","Pawnee County","117","1170",16412,0,15553,16402,,15687,,15682,,15689,555555555,15795,555555555
"G4001190","Oklahoma","40","400","Payne County","119","1190",81815,0,81646,81912,,81817,,82058,,82290,555555555,82972,555555555
"G4001210","Oklahoma","40","400","Pittsburg County","121","1210",44146,0,43773,43955,,43836,,43758,,43629,555555555,43561,555555555
"G4001230","Oklahoma","40","400","Pontotoc County","123","1230",38355,0,38065,38385,,38102,,38116,,38158,555555555,38235,555555555
"G4001250","Oklahoma","40","400","Pottawatomie County","125","1250",72154,0,72454,72511,,72331,,72734,,73011,555555555,73463,555555555
"G4001270","Oklahoma","40","400","Pushmataha County","127","1270",11128,0,10812,11055,,10891,,10845,,10787,555555555,10790,555555555
"G4001290","Oklahoma","40","400","Roger Mills County","129","1290",3667,0,3442,3635,,3477,,3423,,3378,555555555,3359,555555555
"G4001310","Oklahoma","40","400","Rogers County","131","1310",91353,0,95240,92052,,94637,,95870,,97235,555555555,98610,555555555
"G4001330","Oklahoma","40","400","Seminole County","133","1330",24832,0,23556,24624,,23798,,23592,,23550,555555555,23494,555555555
"G4001350","Oklahoma","40","400","Sequoyah County","135","1350",41709,0,39281,41687,,39652,,39538,,39676,555555555,39860,555555555
"G4001370","Oklahoma","40","400","Stephens County","137","1370",43647,0,42848,43401,,42983,,43140,,43314,555555555,43551,555555555
"G4001390","Oklahoma","40","400","Texas County","139","1390",20805,0,21384,20633,,21448,,21144,,20880,555555555,20774,555555555
"G4001410","Oklahoma","40","400","Tillman County","141","1410",7413,0,6968,7347,,7070,,7013,,6967,555555555,6910,555555555
"G4001430","Oklahoma","40","400","Tulsa County","143","1430",646419,0,669279,650291,,664084,,668923,,673708,555555555,680794,555555555
"G4001450","Oklahoma","40","400","Wagoner County","145","1450",78958,0,80981,80264,,80509,,82269,,84339,555555555,86609,555555555
"G4001470","Oklahoma","40","400","Washington County","147","1470",51886,0,52455,51995,,52382,,52579,,52895,555555555,53326,555555555
"G4001490","Oklahoma","40","400","Washita County","149","1490",11225,0,10924,11066,,11014,,10930,,10857,555555555,10815,555555555
"G4001510","Oklahoma","40","400","Woods County","151","1510",9043,0,8624,8914,,8731,,8661,,8619,555555555,8596,555555555
"G4001530","Oklahoma","40","400","Woodward County","153","1530",20727,0,20470,20352,,20591,,20411,,20260,555555555,20158,555555555
"G4100010","Oregon","41","410","Baker County","001","0010",16019,0,16668,16090,,16539,,16685,,16796,555555555,16840,555555555
"G4100030","Oregon","41","410","Benton County","003","0030",91107,0,95184,92168,,94667,,95615,,96359,555555555,96303,555555555
"G4100050","Oregon","41","410","Clackamas County","005","0050",410463,0,421401,415084,,418577,,420925,,422308,555555555,423975,555555555
"G4100070","Oregon","41","410","Clatsop County","007","0070",39102,0,41072,39656,,40720,,41190,,41343,555555555,41363,555555555
"G4100090","Oregon","41","410","Columbia County","009","0090",51375,0,52589,52117,,52381,,52865,,53178,555555555,53493,555555555
"G4100110","Oregon","41","410","Coos County","011","0110",63686,0,64929,64175,,64619,,64908,,64832,555555555,64827,555555555
"G4100130","Oregon","41","410","Crook County","013","0130",23011,0,24738,23733,,24300,,24987,,25651,555555555,26277,555555555
"G4100150","Oregon","41","410","Curry County","015","0150",22650,0,23446,22889,,23234,,23404,,23463,555555555,23381,555555555
"G4100170","Oregon","41","410","Deschutes County","017","0170",186251,0,198253,191749,,194964,,199352,,203026,555555555,206334,555555555
"G4100190","Oregon","41","410","Douglas County","019","0190",109114,0,111201,110015,,110680,,111322,,111807,555555555,112072,555555555
"G4100210","Oregon","41","410","Gilliam County","021","0210",1878,0,1995,1896,,1954,,1983,,2002,555555555,1971,152
"G4100230","Oregon","41","410","Grant County","023","0230",7189,0,7233,7174,,7225,,7237,,7238,555555555,7209,555555555
"G4100250","Oregon","41","410","Harney County","025","0250",7267,0,7495,7310,,7454,,7496,,7515,555555555,7499,555555555
"G4100270","Oregon","41","410","Hood River County","027","0270",23209,0,23977,23270,,23915,,23965,,23958,555555555,23905,555555555
"G4100290","Oregon","41","410","Jackson County","029","0290",216574,0,223259,218781,,221662,,222604,,222563,555555555,222645,555555555
"G4100310","Oregon","41","410","Jefferson County","031","0310",23607,0,24502,24048,,24232,,24659,,24973,555555555,25203,555555555
"G4100330","Oregon","41","410","Josephine County","033","0330",86251,0,88090,87097,,87686,,87994,,88069,555555555,88179,555555555
"G4100350","Oregon","41","410","Klamath County","035","0350",66921,0,69413,67606,,68899,,69506,,69812,555555555,70247,555555555
"G4100370","Oregon","41","410","Lake County","037","0370",7837,0,8160,7896,,8119,,8201,,8254,555555555,8267,555555555
"G4100390","Oregon","41","410","Lane County","039","0390",373340,0,382971,377749,,380532,,382218,,382628,555555555,384207,555555555
"G4100410","Oregon","41","410","Lincoln County","041","0410",48547,0,50395,49336,,49866,,50334,,50632,555555555,50964,555555555
"G4100430","Oregon","41","410","Linn County","043","0430",125048,0,128610,127216,,127200,,128598,,129794,555555555,130706,555555555
"G4100450","Oregon","41","410","Malheur County","045","0450",30412,0,31571,30632,,31313,,31538,,31701,555555555,31954,555555555
"G4100470","Oregon","41","410","Marion County","047","0470",339641,0,345920,343742,,344037,,345815,,346532,555555555,349244,555555555
"G4100490","Oregon","41","410","Morrow County","049","0490",11303,0,12186,11425,,11964,,12140,,12249,555555555,12300,555555555
"G4100510","Oregon","41","410","Multnomah County","051","0510",804606,0,815428,809869,,810011,,808098,,803863,555555555,801477,555555555
"G4100530","Oregon","41","410","Polk County","053","0530",83037,0,87433,84730,,86347,,87600,,88553,555555555,89662,555555555
"G4100550","Oregon","41","410","Sherman County","055","0550",1642,114,1870,1686,122,1784,133,1900,132,1908,120,1938,555555555
"G4100570","Oregon","41","410","Tillamook County","057","0570",26389,0,27390,26782,,27129,,27345,,27471,555555555,27496,555555555
"G4100590","Oregon","41","410","Umatilla County","059","0590",77129,0,80075,77319,,79509,,79904,,80087,555555555,79940,555555555
"G4100610","Oregon","41","410","Union County","061","0610",26337,0,26196,26502,,26255,,26286,,26192,555555555,26144,555555555
"G4100630","Oregon","41","410","Wallowa County","063","0630",7004,0,7391,7065,,7330,,7439,,7532,555555555,7553,555555555
"G4100650","Oregon","41","410","Wasco County","065","0650",26130,0,26670,26274,,26603,,26639,,26603,555555555,26552,555555555
"G4100670","Oregon","41","410","Washington County","067","0670",589481,0,600372,595761,,596969,,599541,,600266,555555555,603947,555555555
"G4100690","Oregon","41","410","Wheeler County","069","0690",1415,114,1451,1417,122,1477,133,1407,132,1434,120,1485,152
"G4100710","Oregon","41","410","Yamhill County","071","0710",104831,0,107722,106087,,107024,,107674,,108122,555555555,108734,555555555
"G4200010","Pennsylvania","42","420","Adams County","001","0010",102470,0,103852,102627,,103782,,104604,,105183,555555555,106115,555555555
"G4200030","Pennsylvania","42","420","Allegheny County","003","0030",1221744,0,1250578,1218380,,1246116,,1245310,,1240476,555555555,1238177,555555555
"G4200050","Pennsylvania","42","420","Armstrong County","005","0050",65867,0,65558,65356,,65967,,65538,,65069,555555555,64622,555555555
"G4200070","Pennsylvania","42","420","Beaver County","007","0070",165833,0,168215,164781,,168260,,167629,,166993,555555555,166324,555555555
"G4200090","Pennsylvania","42","420","Bedford County","009","0090",48337,0,47577,48154,,47729,,47613,,47503,555555555,47513,555555555
"G4200110","Pennsylvania","42","420","Berks County","011","0110",418025,0,428849,419062,,426967,,428483,,429989,555555555,433015,555555555
"G4200130","Pennsylvania","42","420","Blair County","013","0130",123157,0,122822,122495,3,123132,,122640,,121854,555555555,121277,555555555
"G4200150","Pennsylvania","42","420","Bradford County","015","0150",60963,0,59967,60721,,60233,,60159,,59971,555555555,59858,555555555
"G4200170","Pennsylvania","42","420","Bucks County","017","0170",626806,0,646538,627668,,643872,,645163,,645993,555555555,647461,555555555
"G4200190","Pennsylvania","42","420","Butler County","019","0190",186899,0,193763,187798,,192561,,194562,,195870,555555555,197254,555555555
"G4200210","Pennsylvania","42","420","Cambria County","021","0210",133009,0,133472,131611,68,134048,,133263,,132355,555555555,131538,555555555
"G4200230","Pennsylvania","42","420","Cameron County","023","0230",4611,0,4547,4512,,4596,,4536,,4475,555555555,4427,555555555
"G4200250","Pennsylvania","42","420","Carbon County","025","0250",63887,0,64749,63964,,64792,,65018,,65191,555555555,65382,555555555
"G4200270","Pennsylvania","42","420","Centre County","027","0270",161960,0,158172,162264,,158879,,158665,,158041,555555555,158576,555555555
"G4200290","Pennsylvania","42","420","Chester County","029","0290",519560,0,534413,521980,,531704,,536474,,540896,555555555,547840,555555555
"G4200310","Pennsylvania","42","420","Clarion County","031","0310",38715,0,37241,38633,,37571,,37489,,37297,555555555,37179,555555555
"G4200330","Pennsylvania","42","420","Clearfield County","033","0330",79908,0,80562,79466,,80667,,79707,,78902,555555555,78635,555555555
"G4200350","Pennsylvania","42","420","Clinton County","035","0350",38915,0,37450,38549,,37824,,37860,,37707,555555555,37798,555555555
"G4200370","Pennsylvania","42","420","Columbia County","037","0370",65715,0,64727,65390,,65013,,64924,,65055,555555555,65362,555555555
"G4200390","Pennsylvania","42","420","Crawford County","039","0390",85665,0,83938,85074,,84495,,83876,,83189,555555555,82716,555555555
"G4200410","Pennsylvania","42","420","Cumberland County","041","0410",249328,0,259469,251487,,257333,,261269,,264422,555555555,268323,555555555
"G4200430","Pennsylvania","42","420","Dauphin County","043","0430",275632,0,286401,277071,,284199,,286108,,287484,555555555,289593,555555555
"G4200450","Pennsylvania","42","420","Delaware County","045","0450",564554,0,576830,565328,,573883,,575312,,576195,555555555,579222,555555555
"G4200470","Pennsylvania","42","420","Elk County","047","0470",30340,0,30990,30077,,31037,,30886,,30703,555555555,30506,555555555
"G4200490","Pennsylvania","42","420","Erie County","049","0490",273835,0,270876,272046,,271903,,270495,,269544,555555555,269052,555555555
"G4200510","Pennsylvania","42","420","Fayette County","051","0510",131302,0,128804,130329,193,129443,,128417,,126967,555555555,125997,555555555
"G4200530","Pennsylvania","42","420","Forest County","053","0530",7313,0,6973,7190,,7121,,6959,,6785,555555555,6715,555555555
"G4200550","Pennsylvania","42","420","Franklin County","055","0550",154147,0,155932,154954,,155592,,156084,,156626,555555555,157379,555555555
"G4200570","Pennsylvania","42","420","Fulton County","057","0570",14506,0,14556,14492,,14529,,14545,,14545,555555555,14531,555555555
"G4200590","Pennsylvania","42","420","Greene County","059","0590",36870,0,35954,36484,,36248,,35781,,35265,555555555,34835,555555555
"G4200610","Pennsylvania","42","420","Huntingdon County","061","0610",45369,0,44092,45145,,44458,,44123,,43844,555555555,43653,555555555
"G4200630","Pennsylvania","42","420","Indiana County","063","0630",85032,0,83246,84463,,83620,,83394,,83213,555555555,83042,555555555
"G4200650","Pennsylvania","42","420","Jefferson County","065","0650",43846,0,44492,43570,,44491,,44326,,44099,555555555,43864,555555555
"G4200670","Pennsylvania","42","420","Juniata County","067","0670",24624,0,23509,24657,,23607,,23535,,23419,555555555,23379,555555555
"G4200690","Pennsylvania","42","420","Lackawanna County","069","0690",210652,0,215896,210162,,215529,,215672,,215834,555555555,216146,555555555
"G4200710","Pennsylvania","42","420","Lancaster County","071","0710",540999,0,552984,543050,,550480,,553202,,555151,555555555,557931,555555555
"G4200730","Pennsylvania","42","420","Lawrence County","073","0730",86727,0,86070,86148,,86311,,85907,,85423,555555555,85024,555555555
"G4200750","Pennsylvania","42","420","Lebanon County","075","0750",139729,0,143257,140410,,142486,,143258,,143592,555555555,144186,555555555
"G4200770","Pennsylvania","42","420","Lehigh County","077","0770",365052,0,374557,367338,,372492,,374110,,375408,555555555,378792,555555555
"G4200790","Pennsylvania","42","420","Luzerne County","079","0790",317663,0,325594,317547,,324825,,325396,,325978,555555555,327675,555555555
"G4200810","Pennsylvania","42","420","Lycoming County","081","0810",114330,0,114188,114014,,114274,,114022,,113570,555555555,113489,555555555
"G4200830","Pennsylvania","42","420","McKean County","083","0830",41401,0,40432,41021,,40652,,40459,,40149,555555555,39904,555555555
"G4200850","Pennsylvania","42","420","Mercer County","085","0850",111518,0,110652,110519,,111216,,110600,,109852,555555555,109257,555555555
"G4200870","Pennsylvania","42","420","Mifflin County","087","0870",46276,0,46143,46179,,46156,,46146,,46074,555555555,46041,555555555
"G4200890","Pennsylvania","42","420","Monroe County","089","0890",168032,0,168327,168824,,168128,,168128,,167784,555555555,167515,555555555
"G4200910","Pennsylvania","42","420","Montgomery County","091","0910",823823,0,856553,827180,,850890,,856399,,861225,555555555,867573,555555555
"G4200930","Pennsylvania","42","420","Montour County","093","0930",18259,0,18136,18178,,18198,,18165,,18079,555555555,18103,555555555
"G4200950","Pennsylvania","42","420","Northampton County","095","0950",302809,0,312951,304233,,311359,,314299,,315927,555555555,318580,555555555
"G4200970","Pennsylvania","42","420","Northumberland County","097","0970",91761,0,91647,91234,,91853,,91340,,90925,555555555,90560,555555555
"G4200990","Pennsylvania","42","420","Perry County","099","0990",46053,0,45842,46133,,45879,,45941,,45988,555555555,46239,555555555
"G4201010","Pennsylvania","42","420","Philadelphia County","101","1010",1579075,0,1603797,1581531,,1596865,,1593208,,1582432,555555555,1579706,555555555
"G4201030","Pennsylvania","42","420","Pike County","103","1030",55453,0,58535,55660,,58345,,58996,,59691,555555555,60621,555555555
"G4201050","Pennsylvania","42","420","Potter County","105","1050",16806,0,16396,16685,,16478,,16390,,16276,555555555,16188,555555555
"G4201070","Pennsylvania","42","420","Schuylkill County","107","1070",142674,0,143049,141935,,143308,,143201,,143259,555555555,143558,555555555
"G4201090","Pennsylvania","42","420","Snyder County","109","1090",40483,0,39736,40452,,39877,,39797,,39711,555555555,39668,555555555
"G4201110","Pennsylvania","42","420","Somerset County","111","1110",74361,0,74129,73844,68,74331,,73802,,73255,555555555,72799,555555555
"G4201130","Pennsylvania","42","420","Sullivan County","113","1130",6135,0,5840,6038,,5935,,5880,,5849,555555555,5888,555555555
"G4201150","Pennsylvania","42","420","Susquehanna County","115","1150",40970,0,38434,40604,,38892,,38540,,38349,555555555,38219,555555555
"G4201170","Pennsylvania","42","420","Tioga County","117","1170",40944,0,41045,40759,,41089,,41186,,41078,555555555,40945,555555555
"G4201190","Pennsylvania","42","420","Union County","119","1190",45111,0,42681,44831,,43094,,42908,,42570,555555555,42456,555555555
"G4201210","Pennsylvania","42","420","Venango County","121","1210",51818,0,50454,51355,,50810,,50475,,50096,555555555,49801,555555555
"G4201230","Pennsylvania","42","420","Warren County","123","1230",39756,0,38587,39466,,38791,,38492,,38174,555555555,37920,555555555
"G4201250","Pennsylvania","42","420","Washington County","125","1250",207212,0,209349,207081,,209090,,209631,,209778,555555555,210042,555555555
"G4201270","Pennsylvania","42","420","Wayne County","127","1270",51422,0,51155,51268,,51244,,51227,,51189,555555555,51262,555555555
"G4201290","Pennsylvania","42","420","Westmoreland County","129","1290",352590,0,354663,350722,193,355107,,354414,,353345,555555555,352500,555555555
"G4201310","Pennsylvania","42","420","Wyoming County","131","1310",27327,0,26069,27078,,26389,,26219,,26075,555555555,25967,555555555
"G4201330","Pennsylvania","42","420","York County","133","1330",445565,0,456438,447628,,454605,,457051,,459312,555555555,462924,555555555
"G4400010","Rhode Island","44","440","Bristol County","001","0010",48764,0,50793,48645,,50672,,50658,,50568,555555555,50490,555555555
"G4400030","Rhode Island","44","440","Kent County","003","0030",163869,0,170363,164122,,169345,,170168,,170658,555555555,171456,555555555
"G4400050","Rhode Island","44","440","Newport County","005","0050",82801,0,85643,82731,,85525,,85442,,85095,555555555,84657,555555555
"G4400070","Rhode Island","44","440","Providence County","007","0070",635737,0,660741,636161,,656672,,657984,,658977,555555555,664854,555555555
"G4400090","Rhode Island","44","440","Washington County","009","0090",126060,0,129839,126139,,129735,,129998,,130073,555555555,130344,555555555
"G4500010","South Carolina","45","450","Abbeville County","001","0010",24627,0,24295,24582,,24374,,24368,,24352,555555555,24420,555555555
"G4500030","South Carolina","45","450","Aiken County","003","0030",168301,0,168808,169947,,168045,,169865,,171949,555555555,174160,555555555
"G4500050","South Carolina","45","450","Allendale County","005","0050",9024,0,8039,8789,,8304,,8073,,7738,555555555,7661,555555555
"G4500070","South Carolina","45","450","Anderson County","007","0070",198064,0,203718,200183,,202223,,204592,,207218,555555555,210478,555555555
"G4500090","South Carolina","45","450","Bamberg County","009","0090",14376,0,13311,14236,,13525,,13311,,13164,555555555,13042,555555555
"G4500110","South Carolina","45","450","Barnwell County","011","0110",21346,0,20589,21170,,20801,,20653,,20565,555555555,20521,555555555
"G4500130","South Carolina","45","450","Beaufort County","013","0130",186095,0,187117,189732,,186007,,189071,,192123,555555555,195289,555555555
"G4500150","South Carolina","45","450","Berkeley County","015","0150",215044,0,229861,222103,,224806,,231419,,238723,555555555,246802,555555555
"G4500170","South Carolina","45","450","Calhoun County","017","0170",14663,0,14119,14608,,14198,,14145,,14150,555555555,14182,555555555
"G4500190","South Carolina","45","450","Charleston County","019","0190",401165,0,408235,407543,,404946,,409840,,414711,555555555,420264,555555555
"G4500210","South Carolina","45","450","Cherokee County","021","0210",56895,0,56216,57110,,56204,,56200,,56299,555555555,56647,555555555
"G4500230","South Carolina","45","450","Chester County","023","0230",32311,0,32294,32260,,32273,,32171,,32177,555555555,32182,555555555
"G4500250","South Carolina","45","450","Chesterfield County","025","0250",45953,0,43273,45833,,43655,,43536,,43575,555555555,43784,555555555
"G4500270","South Carolina","45","450","Clarendon County","027","0270",33957,0,31144,33865,,31613,,31163,,31037,555555555,30986,555555555
"G4500290","South Carolina","45","450","Colleton County","029","0290",37585,0,38604,37624,,38520,,38561,,38623,555555555,38783,555555555
"G4500310","South Carolina","45","450","Darlington County","031","0310",67027,0,62905,66858,,63433,,63025,,62754,555555555,62558,555555555
"G4500330","South Carolina","45","450","Dillon County","033","0330",30689,0,28292,30473,,28527,,28255,,28031,555555555,27862,555555555
"G4500350","South Carolina","45","450","Dorchester County","035","0350",158299,0,161540,161309,,160180,,162139,,164322,555555555,167201,555555555
"G4500370","South Carolina","45","450","Edgefield County","037","0370",26927,0,25657,27021,,25938,,26181,,26508,555555555,27476,555555555
"G4500390","South Carolina","45","450","Fairfield County","039","0390",22565,0,20948,22406,,21186,,20942,,20741,555555555,20550,555555555
"G4500410","South Carolina","45","450","Florence County","041","0410",138475,0,137059,138237,,137276,,137015,,136921,555555555,137117,555555555
"G4500430","South Carolina","45","450","Georgetown County","043","0430",61952,0,63404,62150,242,62992,,63594,,64200,555555555,64811,555555555
"G4500450","South Carolina","45","450","Greenville County","045","0450",507003,0,525534,516126,130,519178,,528251,,537575,555555555,548166,555555555
"G4500470","South Carolina","45","450","Greenwood County","047","0470",70411,0,69351,70672,,69338,,69309,,69329,555555555,69489,555555555
"G4500490","South Carolina","45","450","Hampton County","049","0490",19564,0,18561,19223,,19227,,18890,,18555,555555555,18254,555555555
"G4500510","South Carolina","45","450","Horry County","051","0510",332172,0,351029,344186,242,344865,,356578,,368937,555555555,383016,555555555
"G4500530","South Carolina","45","450","Jasper County","053","0530",28657,0,28791,29558,,28363,,29444,,30658,555555555,32166,555555555
"G4500550","South Carolina","45","450","Kershaw County","055","0550",65112,0,65403,65926,,64989,,65779,,66924,555555555,68314,555555555
"G4500570","South Carolina","45","450","Lancaster County","057","0570",92308,0,96016,95378,,94653,,97611,,100905,555555555,104475,555555555
"G4500590","South Carolina","45","450","Laurens County","059","0590",66846,0,67539,66990,130,67148,,67456,,67904,555555555,68666,555555555
"G4500610","South Carolina","45","450","Lee County","061","0610",17365,0,16531,17144,,16730,,16557,,16330,555555555,16166,555555555
"G4500630","South Carolina","45","450","Lexington County","063","0630",290278,0,293991,295033,,291723,,295934,,300370,555555555,304887,555555555
"G4500670","South Carolina","45","450","Marion County","067","0670",31308,0,29183,30954,,29585,,29212,,28900,555555555,28664,555555555
"G4500690","South Carolina","45","450","Marlboro County","069","0690",26753,0,26667,26376,,26912,,26585,,26285,555555555,25975,555555555
"G4500650","South Carolina","45","450","McCormick County","065","0650",9531,0,9526,9495,,9584,,9612,,9701,555555555,9760,555555555
"G4500710","South Carolina","45","450","Newberry County","071","0710",38194,0,37719,38329,,37842,,37918,,38121,555555555,38435,555555555
"G4500730","South Carolina","45","450","Oconee County","073","0730",77528,0,78607,78314,,77932,,78775,,79566,555555555,80469,555555555
"G4500750","South Carolina","45","450","Orangeburg County","075","0750",87687,0,84223,86953,,84909,,84159,,83531,555555555,83253,555555555
"G4500770","South Carolina","45","450","Pickens County","077","0770",124029,0,131404,125381,,129617,,131106,,132604,555555555,134629,555555555
"G4500790","South Carolina","45","450","Richland County","079","0790",411357,0,416147,414660,,414719,,416161,,418725,555555555,422117,555555555
"G4500810","South Carolina","45","450","Saluda County","081","0810",20303,0,18862,20292,,19008,,18952,,18958,555555555,19131,555555555
"G4500830","South Carolina","45","450","Spartanburg County","083","0830",307617,0,327997,313791,,322864,,330119,,338096,555555555,347852,555555555
"G4500850","South Carolina","45","450","Sumter County","085","0850",106757,0,105556,106675,,105537,,105199,,104853,555555555,104725,555555555
"G4500870","South Carolina","45","450","Union County","087","0870",27490,0,27244,27325,,27306,,27158,,26990,555555555,26885,555555555
"G4500890","South Carolina","45","450","Williamsburg County","089","0890",31324,0,31026,30810,,31279,,30879,,30517,555555555,30282,555555555
"G4500910","South Carolina","45","450","York County","091","0910",265872,0,282090,273887,,276569,,282987,,288559,555555555,293673,555555555
"G4600030","South Dakota","46","460","Aurora County","003","0030",2763,0,2747,2757,,2649,144,2590,151,2573,144,2642,181
"G4600050","South Dakota","46","460","Beadle County","005","0050",18346,0,19149,18338,,18959,,19089,,19279,555555555,19309,555555555
"G4600070","South Dakota","46","460","Bennett County","007","0070",3425,0,3381,3430,,3411,,3391,,3354,555555555,3345,555555555
"G4600090","South Dakota","46","460","Bon Homme County","009","0090",6929,0,7003,6914,,7020,,7018,,7024,555555555,7044,555555555
"G4600110","South Dakota","46","460","Brookings County","011","0110",34601,0,34375,35115,,34315,,34631,,34968,555555555,35353,555555555
"G4600130","South Dakota","46","460","Brown County","013","0130",38915,0,38301,38988,,38471,,38278,,38079,555555555,37877,555555555
"G4600150","South Dakota","46","460","Brule County","015","0150",5258,0,5247,5233,,5247,,5247,,5261,555555555,5283,555555555
"G4600170","South Dakota","46","460","Buffalo County","017","0170",2026,0,1948,2005,,1974,,1859,201,1757,220,1808,210
"G4600190","South Dakota","46","460","Butte County","019","0190",10225,0,10243,10295,,10167,,10369,,10538,555555555,10676,555555555
"G4600210","South Dakota","46","460","Campbell County","021","0210",1485,103,1377,1458,160,1548,124,1534,116,1481,140,1593,132
"G4600230","South Dakota","46","460","Charles Mix County","023","0230",9349,0,9373,9324,,9346,,9302,,9281,555555555,9281,555555555
"G4600250","South Dakota","46","460","Clark County","025","0250",3685,0,3837,3715,,3791,,3837,,3876,555555555,3917,555555555
"G4600270","South Dakota","46","460","Clay County","027","0270",13957,0,14967,14076,,14816,,14953,,15133,555555555,15219,555555555
"G4600290","South Dakota","46","460","Codington County","029","0290",28026,0,28325,28133,,28289,,28402,,28556,555555555,28767,555555555
"G4600310","South Dakota","46","460","Corson County","031","0310",4150,0,3902,4106,,3965,,3906,,3859,555555555,3806,555555555
"G4600330","South Dakota","46","460","Custer County","033","0330",8719,0,8318,8826,,8360,,8515,,8686,555555555,8892,555555555
"G4600350","South Dakota","46","460","Davison County","035","0350",19871,0,19956,19890,,19944,,19966,,19936,555555555,19952,555555555
"G4600370","South Dakota","46","460","Day County","037","0370",5486,0,5449,5452,,5487,,5485,,5460,555555555,5437,555555555
"G4600390","South Dakota","46","460","Deuel County","039","0390",4318,0,4295,4309,,4283,,4298,,4318,555555555,4328,555555555
"G4600410","South Dakota","46","460","Dewey County","041","0410",5833,0,5239,5841,,5343,,5275,,5230,555555555,5205,555555555
"G4600430","South Dakota","46","460","Douglas County","043","0430",2929,0,2835,2913,,2838,,2823,,2823,555555555,2828,555555555
"G4600450","South Dakota","46","460","Edmunds County","045","0450",3909,0,3986,3876,,4005,,4014,,4033,555555555,4048,555555555
"G4600470","South Dakota","46","460","Fall River County","047","0470",6747,0,6973,6721,,6979,,7079,,7179,555555555,7258,555555555
"G4600490","South Dakota","46","460","Faulk County","049","0490",2312,0,2125,2315,,2157,,2140,,2137,555555555,2126,555555555
"G4600510","South Dakota","46","460","Grant County","051","0510",7149,0,7556,7125,,7550,,7533,,7544,555555555,7563,555555555
"G4600530","South Dakota","46","460","Gregory County","053","0530",4186,0,3994,4193,,4004,,3983,,3993,555555555,4016,555555555
"G4600550","South Dakota","46","460","Haakon County","055","0550",2018,119,1872,1935,133,1868,140,1755,118,1708,113,1722,131
"G4600570","South Dakota","46","460","Hamlin County","057","0570",6025,0,6164,6104,,6127,,6196,,6288,555555555,6373,555555555
"G4600590","South Dakota","46","460","Hand County","059","0590",3256,111,3145,3064,127,3061,165,3075,176,3045,151,3140,149
"G4600610","South Dakota","46","460","Hanson County","061","0610",3399,0,3461,3423,,3429,,3443,,3473,555555555,3472,555555555
"G4600630","South Dakota","46","460","Harding County","063","0630",1306,114,1311,1178,105,1179,122,1176,118,1092,116,1148,133
"G4600650","South Dakota","46","460","Hughes County","065","0650",17608,0,17765,17560,,17829,,17812,,17732,555555555,17664,555555555
"G4600670","South Dakota","46","460","Hutchinson County","067","0670",7308,0,7427,7308,,7412,,7401,,7393,555555555,7404,555555555
"G4600690","South Dakota","46","460","Hyde County","069","0690",1319,111,1262,1446,127,1381,165,1319,176,1305,151,1191,149
"G4600710","South Dakota","46","460","Jackson County","071","0710",3290,0,2806,3296,,2868,,2838,,2826,555555555,2802,555555555
"G4600730","South Dakota","46","460","Jerauld County","073","0730",2018,0,1663,2009,,1811,144,1836,151,1845,144,1772,181
"G4600750","South Dakota","46","460","Jones County","075","0750",793,119,917,873,133,916,140,1006,118,1030,113,1004,131
"G4600770","South Dakota","46","460","Kingsbury County","077","0770",4944,0,5187,4936,,5131,,5172,,5210,555555555,5244,555555555
"G4600790","South Dakota","46","460","Lake County","079","0790",12717,0,11059,12747,,11358,,11207,,11052,555555555,10972,555555555
"G4600810","South Dakota","46","460","Lawrence County","081","0810",25478,0,25768,25806,,25687,,26047,,26574,555555555,27233,555555555
"G4600830","South Dakota","46","460","Lincoln County","083","0830",56826,0,65161,58887,,63233,,65801,,68286,555555555,70638,555555555
"G4600850","South Dakota","46","460","Lyman County","085","0850",3848,0,3718,3831,,3746,,3719,,3717,555555555,3724,555555555
"G4600910","South Dakota","46","460","Marshall County","091","0910",4891,0,4306,4881,,4373,,4363,,4355,555555555,4344,555555555
"G4600870","South Dakota","46","460","McCook County","087","0870",5548,0,5682,5543,,5676,,5714,,5732,555555555,5751,555555555
"G4600890","South Dakota","46","460","McPherson County","089","0890",2297,103,2411,2316,160,2245,124,2251,116,2278,140,2145,132
"G4600930","South Dakota","46","460","Meade County","093","0930",27717,0,29852,28149,,29561,,29970,,30297,555555555,30546,555555555
"G4600950","South Dakota","46","460","Mellette County","095","0950",2052,0,1918,2065,,1916,,1989,201,2043,220,1943,210
"G4600970","South Dakota","46","460","Miner County","097","0970",2211,0,2298,2213,,2293,,2312,,2299,555555555,2300,555555555
"G4600990","South Dakota","46","460","Minnehaha County","099","0990",188674,0,197214,191682,,194884,,197742,,200689,555555555,203289,555555555
"G4601010","South Dakota","46","460","Moody County","101","1010",6507,0,6336,6508,,6335,,6346,,6371,555555555,6397,555555555
"G4601020","South Dakota","46","460","Oglala Lakota County","102","1020",14335,0,13672,14277,,13835,,13695,,13587,555555555,13491,555555555
"G4601030","South Dakota","46","460","Pennington County","103","1030",110685,0,109222,112504,,108707,,110386,,112081,555555555,113512,555555555
"G4601050","South Dakota","46","460","Perkins County","105","1050",2897,114,2835,2996,105,2977,122,2970,118,3058,116,3001,133
"G4601070","South Dakota","46","460","Potter County","107","1070",2315,104,2472,2311,130,2613,125,2587,150,2430,157,2388,127
"G4601090","South Dakota","46","460","Roberts County","109","1090",10287,0,10280,10310,,10254,,10242,,10219,555555555,10221,555555555
"G4601110","South Dakota","46","460","Sanborn County","111","1110",2379,0,2330,2372,,2371,,2373,,2370,555555555,2384,555555555
"G4601150","South Dakota","46","460","Spink County","115","1150",6483,0,6361,6438,,6408,,6355,,6283,555555555,6219,555555555
"G4601170","South Dakota","46","460","Stanley County","117","1170",3017,0,2980,3058,,2963,,2979,,3012,555555555,3015,555555555
"G4601190","South Dakota","46","460","Sully County","119","1190",1305,104,1446,1278,130,1279,125,1318,150,1481,157,1526,127
"G4601210","South Dakota","46","460","Todd County","121","1210",10195,0,9319,10308,,9434,,9353,,9293,555555555,9244,555555555
"G4601230","South Dakota","46","460","Tripp County","123","1230",5458,0,5624,5448,,5615,,5607,,5607,555555555,5611,555555555
"G4601250","South Dakota","46","460","Turner County","125","1250",8300,0,8673,8325,,8621,,8687,,8772,555555555,8882,555555555
"G4601270","South Dakota","46","460","Union County","127","1270",15368,0,16811,15659,,16424,,16700,,16916,555555555,17081,555555555
"G4601290","South Dakota","46","460","Walworth County","129","1290",5457,0,5315,5431,,5355,,5317,,5298,555555555,5271,555555555
"G4601350","South Dakota","46","460","Yankton County","135","1350",22717,0,23310,22746,,23213,,23311,,23379,555555555,23414,555555555
"G4601370","South Dakota","46","460","Ziebach County","137","1370",2791,0,2413,2767,,2479,,2455,,2410,555555555,2377,555555555
"G4700010","Tennessee","47","470","Anderson County","001","0010",76061,0,77123,76513,,76683,,77337,,78175,555555555,79153,555555555
"G4700030","Tennessee","47","470","Bedford County","003","0030",48292,0,50237,48937,,49754,,50533,,51291,555555555,52237,555555555
"G4700050","Tennessee","47","470","Benton County","005","0050",16140,0,15864,16133,,15872,,15933,,15948,555555555,16006,555555555
"G4700070","Tennessee","47","470","Bledsoe County","007","0070",14836,0,14913,14961,,14863,,14816,,14905,555555555,15032,555555555
"G4700090","Tennessee","47","470","Blount County","009","0090",129927,0,135280,131641,,134042,,135951,,137747,555555555,139333,555555555
"G4700110","Tennessee","47","470","Bradley County","011","0110",105749,0,108620,106924,,107845,,108859,,109743,555555555,111065,555555555
"G4700130","Tennessee","47","470","Campbell County","013","0130",39797,0,39272,39818,,39388,,39397,,39568,555555555,39761,555555555
"G4700150","Tennessee","47","470","Cannon County","015","0150",14178,0,14506,14374,,14309,,14481,,14661,555555555,14818,555555555
"G4700170","Tennessee","47","470","Carroll County","017","0170",27886,0,28440,27841,,28370,,28381,,28461,555555555,28641,555555555
"G4700190","Tennessee","47","470","Carter County","019","0190",56433,0,56356,56452,,56314,,56315,,56462,555555555,56712,555555555
"G4700210","Tennessee","47","470","Cheatham County","021","0210",40181,0,41072,40539,,40878,,41184,,41500,555555555,41829,555555555
"G4700230","Tennessee","47","470","Chester County","023","0230",17190,0,17341,17260,,17278,,17392,,17452,555555555,17611,555555555
"G4700250","Tennessee","47","470","Claiborne County","025","0250",31732,0,32043,31827,,31958,,32092,,32221,555555555,32466,555555555
"G4700270","Tennessee","47","470","Clay County","027","0270",7654,0,7581,7640,,7568,,7592,,7621,555555555,7670,555555555
"G4700290","Tennessee","47","470","Cocke County","029","0290",35552,0,35999,35797,,35896,,36186,,36503,555555555,36813,555555555
"G4700310","Tennessee","47","470","Coffee County","031","0310",55209,0,57889,56024,,57227,,58080,,58940,555555555,59710,555555555
"G4700330","Tennessee","47","470","Crockett County","033","0330",14399,0,13911,14310,,14012,,13955,,13937,555555555,13944,555555555
"G4700350","Tennessee","47","470","Cumberland County","035","0350",59216,0,61145,60016,,60568,,61552,,62529,555555555,63553,555555555
"G4700370","Tennessee","47","470","Davidson County","037","0370",687488,0,715884,690540,,708490,,709786,,709846,555555555,715388,555555555
"G4700410","Tennessee","47","470","DeKalb County","041","0410",19847,0,20080,20104,,19875,,20209,,20551,555555555,20959,555555555
"G4700390","Tennessee","47","470","Decatur County","039","0390",11686,0,11435,11663,,11460,,11483,,11499,555555555,11579,555555555
"G4700430","Tennessee","47","470","Dickson County","043","0430",52680,0,54315,53289,,54000,,54563,,55197,555555555,55983,555555555
"G4700450","Tennessee","47","470","Dyer County","045","0450",37416,0,36801,37201,,36975,,36818,,36681,555555555,36508,555555555
"G4700470","Tennessee","47","470","Fayette County","047","0470",40164,0,41990,40612,,41584,,42228,,42653,555555555,43267,555555555
"G4700490","Tennessee","47","470","Fentress County","049","0490",18213,0,18489,18405,,18385,,18642,,18948,555555555,19309,555555555
"G4700510","Tennessee","47","470","Franklin County","051","0510",41725,0,42774,41999,,42528,,42980,,43478,555555555,43990,555555555
"G4700530","Tennessee","47","470","Gibson County","053","0530",49228,0,50429,49193,,50278,,50455,,50610,555555555,50869,555555555
"G4700550","Tennessee","47","470","Giles County","055","0550",29285,0,30346,29403,,30197,,30317,,30442,555555555,30620,555555555
"G4700570","Tennessee","47","470","Grainger County","057","0570",23101,0,23527,23268,,23377,,23648,,23929,555555555,24266,555555555
"G4700590","Tennessee","47","470","Greene County","059","0590",68834,0,70152,69077,,69926,,70399,,70919,555555555,71628,555555555
"G4700610","Tennessee","47","470","Grundy County","061","0610",13344,0,13529,13371,,13471,,13550,,13665,555555555,13819,555555555
"G4700630","Tennessee","47","470","Hamblen County","063","0630",64132,0,64499,64479,,64184,,64531,,64930,555555555,65669,555555555
"G4700650","Tennessee","47","470","Hamilton County","065","0650",360919,0,366207,364718,,363790,,367193,,370913,555555555,376192,555555555
"G4700670","Tennessee","47","470","Hancock County","067","0670",6587,0,6662,6568,,6695,,6726,,6790,555555555,6852,555555555
"G4700690","Tennessee","47","470","Hardeman County","069","0690",25443,0,25462,25247,,25612,,25519,,25477,555555555,25433,555555555
"G4700710","Tennessee","47","470","Hardin County","071","0710",25715,0,26831,25665,,26722,,26824,,26939,555555555,27249,555555555
"G4700730","Tennessee","47","470","Hawkins County","073","0730",56611,0,56721,56735,,56803,,57107,,57446,555555555,57964,555555555
"G4700750","Tennessee","47","470","Haywood County","075","0750",17623,0,17864,17391,,17912,,17806,,17672,555555555,17475,555555555
"G4700770","Tennessee","47","470","Henderson County","077","0770",27977,0,27842,27956,,27800,,27845,,27906,555555555,27980,555555555
"G4700790","Tennessee","47","470","Henry County","079","0790",32284,0,32199,32251,,32298,,32305,,32345,555555555,32412,555555555
"G4700810","Tennessee","47","470","Hickman County","081","0810",24813,0,24925,25017,,24848,,24996,,25229,555555555,25436,555555555
"G4700830","Tennessee","47","470","Houston County","083","0830",8164,0,8283,8201,,8238,,8253,,8293,555555555,8353,555555555
"G4700850","Tennessee","47","470","Humphreys County","085","0850",18435,0,18990,18528,,18956,,19032,,19074,555555555,19214,555555555
"G4700870","Tennessee","47","470","Jackson County","087","0870",11682,0,11617,11767,,11626,,11730,,11882,555555555,12029,555555555
"G4700890","Tennessee","47","470","Jefferson County","089","0890",53679,0,54683,54162,,54358,,55017,,55835,555555555,56864,555555555
"G4700910","Tennessee","47","470","Johnson County","091","0910",17753,0,17948,17755,,17912,,17982,,18073,555555555,18196,555555555
"G4700930","Tennessee","47","470","Knox County","093","0930",461104,0,478971,466184,,475286,,481406,,487401,555555555,494148,555555555
"G4700950","Tennessee","47","470","Lake County","095","0950",7401,0,7005,7273,,7187,,6898,,6691,555555555,6579,555555555
"G4700970","Tennessee","47","470","Lauderdale County","097","0970",25989,0,25143,25689,,25406,,25171,,24933,555555555,24784,555555555
"G4700990","Tennessee","47","470","Lawrence County","099","0990",43390,0,44159,43780,,43967,,44377,,44901,555555555,45385,555555555
"G4701010","Tennessee","47","470","Lewis County","101","1010",12027,0,12582,12131,,12485,,12637,,12784,555555555,12992,555555555
"G4701030","Tennessee","47","470","Lincoln County","103","1030",33924,0,35319,34158,,35042,,35365,,35617,555555555,35946,555555555
"G4701050","Tennessee","47","470","Loudon County","105","1050",52340,0,54886,53169,,54349,,55507,,56996,555555555,58580,555555555
"G4701110","Tennessee","47","470","Macon County","111","1110",23842,0,25216,24208,,24954,,25365,,25793,555555555,26240,555555555
"G4701130","Tennessee","47","470","Madison County","113","1130",97625,0,98823,97838,,98373,,98644,,98845,555555555,99295,555555555
"G4701150","Tennessee","47","470","Marion County","115","1150",28538,0,28837,28639,,28679,,28852,,29010,555555555,29250,555555555
"G4701170","Tennessee","47","470","Marshall County","117","1170",32965,0,34318,33708,,33909,,34567,,35276,555555555,36049,555555555
"G4701190","Tennessee","47","470","Maury County","119","1190",91976,0,100974,94615,,99011,,102002,,104855,555555555,107791,555555555
"G4701070","Tennessee","47","470","McMinn County","107","1070",53053,0,53276,53392,,53065,,53532,,54135,555555555,54884,555555555
"G4701090","Tennessee","47","470","McNairy County","109","1090",25844,0,25866,25814,,25916,,25895,,25933,555555555,25970,555555555
"G4701210","Tennessee","47","470","Meigs County","121","1210",12104,0,12758,12237,,12622,,12839,,13076,555555555,13343,555555555
"G4701230","Tennessee","47","470","Monroe County","123","1230",46064,0,46250,46413,,46041,,46489,,47054,555555555,47695,555555555
"G4701250","Tennessee","47","470","Montgomery County","125","1250",200180,0,220069,204992,,216172,,222305,,227957,555555555,234153,555555555
"G4701270","Tennessee","47","470","Moore County","127","1270",6378,0,6461,6396,,6481,,6558,,6611,555555555,6674,555555555
"G4701290","Tennessee","47","470","Morgan County","129","1290",21545,0,21035,21538,,21158,,21124,,21193,555555555,21361,555555555
"G4701310","Tennessee","47","470","Obion County","131","1310",30365,0,30787,30343,,30722,,30670,,30570,555555555,30453,555555555
"G4701330","Tennessee","47","470","Overton County","133","1330",22068,0,22511,22171,,22364,,22576,,22807,555555555,23065,555555555
"G4701350","Tennessee","47","470","Perry County","135","1350",7962,0,8366,8020,,8313,,8432,,8561,555555555,8697,555555555
"G4701370","Tennessee","47","470","Pickett County","137","1370",5079,0,5001,5068,,5021,,5042,,5062,555555555,5079,555555555
"G4701390","Tennessee","47","470","Polk County","139","1390",16814,0,17544,16807,,17502,,17620,,17702,555555555,17898,555555555
"G4701410","Tennessee","47","470","Putnam County","141","1410",77447,0,79854,78542,,78955,,80157,,81366,555555555,82558,555555555
"G4701430","Tennessee","47","470","Rhea County","143","1430",32719,0,32870,32964,,32723,,33031,,33299,555555555,33992,555555555
"G4701450","Tennessee","47","470","Roane County","145","1450",53075,0,53404,53331,,53313,,53777,,54403,555555555,55208,555555555
"G4701470","Tennessee","47","470","Robertson County","147","1470",70280,0,72803,70982,,72309,,73297,,74291,555555555,75539,555555555
"G4701490","Tennessee","47","470","Rutherford County","149","1490",315815,0,341486,324139,,335595,,343727,,351591,555555555,360646,555555555
"G4701510","Tennessee","47","470","Scott County","151","1510",21969,0,21850,22020,,21855,,21917,,21969,555555555,22113,555555555
"G4701530","Tennessee","47","470","Sequatchie County","153","1530",14816,0,15826,14936,,15727,,16065,,16409,555555555,16809,555555555
"G4701550","Tennessee","47","470","Sevier County","155","1550",97068,0,98380,98007,,98088,,98455,,98802,555555555,99652,555555555
"G4701570","Tennessee","47","470","Shelby County","157","1570",936374,0,929744,936611,,929178,,926440,,922195,555555555,919173,555555555
"G4701590","Tennessee","47","470","Smith County","159","1590",19740,0,19904,19926,,19820,,20034,,20196,555555555,20389,555555555
"G4701610","Tennessee","47","470","Stewart County","161","1610",13427,0,13657,13553,,13569,,13724,,13859,555555555,14027,555555555
"G4701630","Tennessee","47","470","Sullivan County","163","1630",157050,0,158163,157707,,157843,,158722,,159693,555555555,160624,555555555
"G4701650","Tennessee","47","470","Sumner County","165","1650",183437,0,196281,187680,,193036,,196845,,200553,555555555,204424,555555555
"G4701670","Tennessee","47","470","Tipton County","167","1670",61447,0,60970,61562,,60868,,61116,,61339,555555555,61553,555555555
"G4701690","Tennessee","47","470","Trousdale County","169","1690",10231,0,11615,10910,,11463,,11596,,11805,555555555,11957,555555555
"G4701710","Tennessee","47","470","Unicoi County","171","1710",17811,0,17928,17821,,17891,,17845,,17779,555555555,17756,555555555
"G4701730","Tennessee","47","470","Union County","173","1730",19488,0,19802,19678,,19597,,19860,,20141,555555555,20431,555555555
"G4701750","Tennessee","47","470","Van Buren County","175","1750",5760,0,6168,5813,,6083,,6182,,6293,555555555,6437,555555555
"G4701770","Tennessee","47","470","Warren County","177","1770",40702,0,40953,40971,,40801,,41163,,41587,555555555,42166,555555555
"G4701790","Tennessee","47","470","Washington County","179","1790",127805,0,133001,128874,,132067,,133282,,134693,555555555,136261,555555555
"G4701810","Tennessee","47","470","Wayne County","181","1810",16693,0,16232,16638,,16350,,16325,,16251,555555555,16168,555555555
"G4701830","Tennessee","47","470","Weakley County","183","1830",33510,0,32902,33377,,32948,,32946,,32959,555555555,33016,555555555
"G4701850","Tennessee","47","470","White County","185","1850",26800,0,27351,27087,,27134,,27420,,27764,555555555,28160,555555555
"G4701870","Tennessee","47","470","Williamson County","187","1870",225389,0,247726,232380,,242386,,248897,,254609,555555555,260351,555555555
"G4701890","Tennessee","47","470","Wilson County","189","1890",136666,0,147737,140604,,144748,,149096,,153587,555555555,158805,555555555
"G4800010","Texas","48","480","Anderson County","001","0010",57810,0,57922,57917,,58133,,58077,,57825,555555555,58439,555555555
"G4800030","Texas","48","480","Andrews County","003","0030",18036,0,18610,18227,,18184,,18362,,18518,555555555,18610,555555555
"G4800050","Texas","48","480","Angelina County","005","0050",87322,0,86395,87119,,86584,,86608,,86791,555555555,87275,555555555
"G4800070","Texas","48","480","Aransas County","007","0070",24462,0,23830,24220,,24149,,24048,,24449,555555555,24876,555555555
"G4800090","Texas","48","480","Archer County","009","0090",8716,0,8560,8754,,8616,,8649,,8734,555555555,8867,555555555
"G4800110","Texas","48","480","Armstrong County","011","0110",1973,102,1848,1950,144,1980,114,1912,145,1883,95,1822,126
"G4800130","Texas","48","480","Atascosa County","013","0130",49528,0,48981,50194,,48684,,49403,,50058,555555555,51008,555555555
"G4800150","Texas","48","480","Austin County","015","0150",29764,0,30167,29892,,30132,,30406,,30712,555555555,31170,555555555
"G4800170","Texas","48","480","Bailey County","017","0170",7100,0,6904,6916,1564,6968,,6902,,7044,384,6913,341
"G4800190","Texas","48","480","Bandera County","019","0190",22215,0,20851,22770,,20839,,21182,,21589,555555555,22021,555555555
"G4800210","Texas","48","480","Bastrop County","021","0210",84522,0,97216,86839,,94887,,98435,,102370,555555555,106582,555555555
"G4800230","Texas","48","480","Baylor County","023","0230",3577,0,3465,3560,,3491,,3475,,3464,555555555,3485,555555555
"G4800250","Texas","48","480","Bee County","025","0250",32611,0,31047,32609,,31191,,30977,,31000,555555555,31083,555555555
"G4800270","Texas","48","480","Bell County","027","0270",348574,0,370647,355700,,364703,,372821,,379811,555555555,386897,555555555
"G4800290","Texas","48","480","Bexar County","029","0290",1952843,0,2009324,1978826,,1990522,,2014059,,2037344,555555555,2067341,555555555
"G4800310","Texas","48","480","Blanco County","031","0310",11478,0,11374,11733,,11313,,11608,,12008,555555555,12446,555555555
"G4800330","Texas","48","480","Borden County","033","0330",613,132,631,653,110,550,107,686,132,723,122,713,135
"G4800350","Texas","48","480","Bosque County","035","0350",18296,0,18235,18428,,18275,,18404,,18546,555555555,18687,555555555
"G4800370","Texas","48","480","Bowie County","037","0370",93373,0,92893,93622,,92957,,92747,,92321,555555555,92115,555555555
"G4800390","Texas","48","480","Brazoria County","039","0390",360677,0,372031,368062,,368575,,374600,,381650,555555555,391255,555555555
"G4800410","Texas","48","480","Brazos County","041","0410",222981,0,233849,226370,,231095,,234548,,237980,555555555,242311,555555555
"G4800430","Texas","48","480","Brewster County","043","0430",9231,0,9546,9231,,9501,,9454,,9464,555555555,9503,555555555
"G4800450","Texas","48","480","Briscoe County","045","0450",1457,135,1435,1348,127,1266,150,1290,167,1223,155,1301,136
"G4800470","Texas","48","480","Brooks County","047","0470",7141,0,7076,7100,,7100,,7059,,6987,555555555,6943,555555555
"G4800490","Texas","48","480","Brown County","049","0490",37855,0,38095,37805,,38085,,38159,,38294,555555555,38347,555555555
"G4800510","Texas","48","480","Burleson County","051","0510",18058,0,17642,18237,,17687,,17958,,18327,555555555,18857,555555555
"G4800530","Texas","48","480","Burnet County","053","0530",46530,0,49130,47548,,48424,,49684,,51064,555555555,52652,555555555
"G4800550","Texas","48","480","Caldwell County","055","0550",42144,0,45883,42817,,45286,,46141,,47184,555555555,48669,555555555
"G4800570","Texas","48","480","Calhoun County","057","0570",21668,0,20106,21470,,20367,,20127,,19921,555555555,19868,555555555
"G4800590","Texas","48","480","Callahan County","059","0590",13856,0,13708,13959,,13781,,13869,,14017,555555555,14241,555555555
"G4800610","Texas","48","480","Cameron County","061","0610",421666,0,421017,422135,,420554,,421854,,423192,555555555,426120,555555555
"G4800630","Texas","48","480","Camp County","063","0630",12878,0,12464,12938,,12498,,12543,,12652,555555555,12798,555555555
"G4800650","Texas","48","480","Carson County","065","0650",6009,0,5807,5957,,5856,,5801,,5802,555555555,5801,555555555
"G4800670","Texas","48","480","Cass County","067","0670",30059,0,28454,30002,,28692,,28637,,28582,555555555,28568,555555555
"G4800690","Texas","48","480","Castro County","069","0690",7673,0,7371,7561,,7450,,7381,,7328,555555555,7344,555555555
"G4800710","Texas","48","480","Chambers County","071","0710",41305,0,46571,42571,,45257,,47037,,49178,555555555,51498,555555555
"G4800730","Texas","48","480","Cherokee County","073","0730",52118,0,50412,52341,,50564,,50824,,51143,555555555,51886,555555555
"G4800750","Texas","48","480","Childress County","075","0750",7253,0,6664,7219,,6784,,6781,,6772,555555555,6743,555555555
"G4800770","Texas","48","480","Clay County","077","0770",10403,0,10218,10444,,10236,,10290,,10402,555555555,10495,555555555
"G4800790","Texas","48","480","Cochran County","079","0790",2887,0,2547,2860,,2553,,2529,,2520,555555555,2550,555555555
"G4800810","Texas","48","480","Coke County","081","0810",3303,0,3285,3298,,3288,,3305,,3315,555555555,3353,555555555
"G4800830","Texas","48","480","Coleman County","083","0830",8334,0,7684,8281,,7848,,7808,,7765,555555555,7833,555555555
"G4800850","Texas","48","480","Collin County","085","0850",973977,0,1064465,1006038,,1039812,,1079153,,1116601,555555555,1163337,555555555
"G4800870","Texas","48","480","Collingsworth County","087","0870",2969,0,2652,2939,,2948,174,2865,179,2733,182,2588,156
"G4800890","Texas","48","480","Colorado County","089","0890",21224,0,20557,21357,,20559,,20582,,20736,555555555,21006,555555555
"G4800910","Texas","48","480","Comal County","091","0910",141642,0,161501,148921,,156257,,165201,,174552,555555555,183826,555555555
"G4800930","Texas","48","480","Comanche County","093","0930",13529,0,13594,13597,,13540,,13651,,13786,555555555,13950,555555555
"G4800950","Texas","48","480","Concho County","095","0950",3266,0,3303,3018,,3181,,3235,,3301,555555555,3328,555555555
"G4800970","Texas","48","480","Cooke County","097","0970",40041,0,41668,40428,,41215,,41860,,42473,555555555,43046,555555555
"G4800990","Texas","48","480","Coryell County","099","0990",75280,0,83093,75576,,81692,,82927,,83772,555555555,84748,555555555
"G4801010","Texas","48","480","Cottle County","101","1010",1642,199,1380,1624,199,1560,244,1647,328,1302,188,1368,210
"G4801030","Texas","48","480","Crane County","103","1030",4802,0,4675,4739,,4654,,4636,,4623,555555555,4610,555555555
"G4801050","Texas","48","480","Crockett County","105","1050",3484,219,3098,3393,298,2939,314,2949,252,2881,224,2822,282
"G4801070","Texas","48","480","Crosby County","107","1070",5836,0,5133,5753,,5265,,5157,,5072,555555555,5041,555555555
"G4801090","Texas","48","480","Culberson County","109","1090",2214,0,2188,2183,,2209,,2181,,2181,555555555,2195,555555555
"G4801110","Texas","48","480","Dallam County","111","1110",7304,0,7115,7272,,7135,,7165,,7180,555555555,7298,555555555
"G4801130","Texas","48","480","Dallas County","113","1130",2606868,0,2613539,2622634,,2604722,,2604053,,2603816,555555555,2621179,555555555
"G4801150","Texas","48","480","Dawson County","115","1150",12813,0,12456,12849,,12371,,12342,,12311,555555555,12134,555555555
"G4801230","Texas","48","480","DeWitt County","123","1230",20340,0,19824,20217,,19834,,19826,,19853,555555555,20016,555555555
"G4801170","Texas","48","480","Deaf Smith County","117","1170",18736,0,18583,18617,,18675,,18585,,18487,555555555,18460,555555555
"G4801190","Texas","48","480","Delta County","119","1190",5249,0,5230,5277,,5251,,5278,,5345,555555555,5438,555555555
"G4801210","Texas","48","480","Denton County","121","1210",833822,0,906422,861690,,885012,,914870,,945644,555555555,979561,555555555
"G4801250","Texas","48","480","Dickens County","125","1250",2203,0,1770,2182,,1569,174,1570,179,1641,182,1747,156
"G4801270","Texas","48","480","Dimmit County","127","1270",10438,0,8615,10232,,8840,,8672,,8507,555555555,8380,555555555
"G4801290","Texas","48","480","Donley County","129","1290",3342,0,3258,3317,,3266,,3298,,3276,555555555,3257,555555555
"G4801310","Texas","48","480","Duval County","131","1310",11268,0,9831,11194,,10001,,9960,,9824,555555555,9742,555555555
"G4801330","Texas","48","480","Eastland County","133","1330",18273,0,17725,18289,,17785,,17812,,17846,555555555,18011,555555555
"G4801350","Texas","48","480","Ector County","135","1350",160579,0,165171,162067,,161258,,162300,,163206,555555555,164654,555555555
"G4801370","Texas","48","480","Edwards County","137","1370",1918,171,1422,1944,212,1366,197,1380,199,1392,201,1290,280
"G4801410","Texas","48","480","El Paso County","141","1410",836062,0,865657,836915,,860485,,863832,,866275,555555555,870779,555555555
"G4801390","Texas","48","480","Ellis County","139","1390",173772,0,192455,179484,,187984,,195509,,203927,555555555,213160,555555555
"G4801430","Texas","48","480","Erath County","143","1430",41841,0,42545,42226,,42288,,42788,,43244,555555555,43794,555555555
"G4801450","Texas","48","480","Falls County","145","1450",17272,0,16968,17281,,17074,,17013,,17063,555555555,17291,555555555
"G4801470","Texas","48","480","Fannin County","147","1470",34537,0,35662,35046,,35453,,36052,,36525,555555555,37326,555555555
"G4801490","Texas","48","480","Fayette County","149","1490",25141,0,24435,25247,,24445,,24564,,24783,555555555,25042,555555555
"G4801510","Texas","48","480","Fisher County","151","1510",3856,0,3672,3827,,3720,,3680,,3661,555555555,3655,555555555
"G4801530","Texas","48","480","Floyd County","153","1530",5803,0,5402,5782,,5478,,5386,,5294,555555555,5216,555555555
"G4801550","Texas","48","480","Foard County","155","1550",1275,140,1095,1207,165,1087,175,1075,163,1079,172,991,172
"G4801570","Texas","48","480","Fort Bend County","157","1570",765394,0,822779,790892,,806497,,832607,,859721,555555555,893767,555555555
"G4801590","Texas","48","480","Franklin County","159","1590",10716,0,10359,10767,,10413,,10445,,10522,555555555,10632,555555555
"G4801610","Texas","48","480","Freestone County","161","1610",19714,0,19435,19744,,19478,,19599,,19813,555555555,20049,555555555
"G4801630","Texas","48","480","Frio County","163","1630",19871,0,18385,20013,,18428,,18151,,18019,555555555,18582,555555555
"G4801650","Texas","48","480","Gaines County","165","1650",20706,0,21598,21077,,21167,,21523,,21904,555555555,22232,555555555
"G4801670","Texas","48","480","Galveston County","167","1670",332885,0,350682,337600,,347084,,350801,,354721,555555555,358990,555555555
"G4801690","Texas","48","480","Garza County","169","1690",6070,199,5816,6028,199,5734,244,5735,328,5435,188,5118,210
"G4801710","Texas","48","480","Gillespie County","171","1710",26459,0,26725,26668,,26730,,26953,,27202,555555555,27524,555555555
"G4801730","Texas","48","480","Glasscock County","173","1730",1510,187,1116,1447,132,1221,146,1068,166,1070,141,1068,146
"G4801750","Texas","48","480","Goliad County","175","1750",7565,0,7012,7578,,7085,,7092,,7096,555555555,7141,555555555
"G4801770","Texas","48","480","Gonzales County","177","1770",20731,0,19653,20828,,19720,,19736,,19764,555555555,19851,555555555
"G4801790","Texas","48","480","Gray County","179","1790",22410,0,21227,22063,,21398,,21272,,21131,555555555,21045,555555555
"G4801810","Texas","48","480","Grayson County","181","1810",131014,0,135543,133527,,134205,,137008,,139988,555555555,143337,555555555
"G4801830","Texas","48","480","Gregg County","183","1830",123443,0,124239,123633,,123744,,124245,,124860,555555555,125480,555555555
"G4801850","Texas","48","480","Grimes County","185","1850",27984,0,29268,28447,,28878,,29442,,30385,555555555,31340,555555555
"G4801870","Texas","48","480","Guadalupe County","187","1870",158966,0,172706,163030,,169477,,173828,,178368,555555555,183642,555555555
"G4801890","Texas","48","480","Hale County","189","1890",33826,0,32522,33463,,32879,,32525,,32247,555555555,32131,555555555
"G4801910","Texas","48","480","Hall County","191","1910",3048,0,2825,3025,,2875,,2847,,2827,555555555,2820,555555555
"G4801930","Texas","48","480","Hamilton County","193","1930",8332,0,8222,8434,,8211,,8244,,8320,555555555,8406,555555555
"G4801950","Texas","48","480","Hansford County","195","1950",5520,0,5285,5431,,5332,,5270,,5182,555555555,5119,555555555
"G4801970","Texas","48","480","Hardeman County","197","1970",3945,0,3549,3958,,3567,,3541,,3529,555555555,3501,555555555
"G4801990","Texas","48","480","Hardin County","199","1990",56765,0,56231,57356,,56124,,56576,,57126,555555555,57642,555555555
"G4802010","Texas","48","480","Harris County","201","2010",4646630,0,4731145,4680609,,4697957,,4726177,,4758579,555555555,4838303,555555555
"G4802030","Texas","48","480","Harrison County","203","2030",66580,0,68839,66547,,68674,,69098,,69584,555555555,70155,555555555
"G4802050","Texas","48","480","Hartley County","205","2050",5669,0,5382,5588,,5465,,5369,,5307,555555555,5215,555555555
"G4802070","Texas","48","480","Haskell County","207","2070",5726,0,5416,5711,,5420,,5408,,5390,555555555,5421,555555555
"G4802090","Texas","48","480","Hays County","209","2090",213366,0,241067,222827,,234573,,245351,,256429,555555555,268638,555555555
"G4802110","Texas","48","480","Hemphill County","211","2110",3994,0,3382,3901,,3450,,3371,,3311,555555555,3234,555555555
"G4802130","Texas","48","480","Henderson County","213","2130",81070,0,82150,81969,,81717,,82627,,83658,555555555,84862,555555555
"G4802150","Texas","48","480","Hidalgo County","215","2150",855176,0,870781,861137,,865677,,873167,,880921,555555555,891977,555555555
"G4802170","Texas","48","480","Hill County","217","2170",35689,0,35874,36109,,35686,,36138,,36664,555555555,37328,555555555
"G4802190","Texas","48","480","Hockley County","219","2190",23064,0,21537,22986,,21670,,21495,,21455,555555555,21363,555555555
"G4802210","Texas","48","480","Hood County","221","2210",58318,0,61598,60025,,60521,,62459,,64198,555555555,65894,555555555
"G4802230","Texas","48","480","Hopkins County","223","2230",36486,0,36787,36708,,36666,,37008,,37351,555555555,37784,555555555
"G4802250","Texas","48","480","Houston County","225","2250",22954,0,22066,22942,,22288,,22107,,22042,555555555,22051,555555555
"G4802270","Texas","48","480","Howard County","227","2270",36349,0,34860,36213,,34620,,34488,,33127,555555555,32290,555555555
"G4802290","Texas","48","480","Hudspeth County","229","2290",4415,0,3202,4687,,3322,,3329,,3331,555555555,3403,555555555
"G4802310","Texas","48","480","Hunt County","231","2310",94162,0,99956,96202,,98783,,101596,,104917,555555555,108972,555555555
"G4802330","Texas","48","480","Hutchinson County","233","2330",21344,0,20617,21105,,20801,,20595,,20413,555555555,20184,555555555
"G4802350","Texas","48","480","Irion County","235","2350",1620,145,1513,1553,162,1555,152,1561,155,1432,183,1409,148
"G4802370","Texas","48","480","Jack County","237","2370",8852,0,8472,8888,,8494,,8588,,8623,555555555,8882,555555555
"G4802390","Texas","48","480","Jackson County","239","2390",14816,0,14988,14822,,14971,,15010,,15081,555555555,15152,555555555
"G4802410","Texas","48","480","Jasper County","241","2410",35506,0,32980,35562,,33369,,33032,,32807,555555555,32727,555555555
"G4802430","Texas","48","480","Jeff Davis County","243","2430",2241,0,1996,2245,1564,2021,,1992,,1740,384,1865,341
"G4802450","Texas","48","480","Jefferson County","245","2450",254340,0,256526,253136,,256755,,254942,,253939,555555555,253878,555555555
"G4802470","Texas","48","480","Jim Hogg County","247","2470",5231,0,4838,5187,,4864,,4830,,4797,555555555,4727,555555555
"G4802490","Texas","48","480","Jim Wells County","249","2490",40972,0,38891,40796,,39203,,39060,,38863,555555555,38850,555555555
"G4802510","Texas","48","480","Johnson County","251","2510",167212,0,179927,171359,,177022,,182690,,188820,555555555,195597,555555555
"G4802530","Texas","48","480","Jones County","253","2530",19943,0,19663,19874,,19721,,19758,,19968,555555555,20304,555555555
"G4802550","Texas","48","480","Karnes County","255","2550",15545,0,14710,15547,,14823,,14805,,14819,555555555,14968,555555555
"G4802570","Texas","48","480","Kaufman County","257","2570",123804,0,145310,129792,,140145,,149773,,160718,555555555,172604,555555555
"G4802590","Texas","48","480","Kendall County","259","2590",43769,0,44279,45491,,43842,,45376,,46971,555555555,48567,555555555
"G4802610","Texas","48","480","Kenedy County","261","2610",568,224,350,391,174,169,129,116,95,52,37,145,90
"G4802630","Texas","48","480","Kent County","263","2630",647,102,753,704,155,632,118,635,119,727,113,734,117
"G4802650","Texas","48","480","Kerr County","265","2650",51843,0,52598,52195,,52411,,52810,,53166,555555555,53489,555555555
"G4802670","Texas","48","480","Kimble County","267","2670",4373,0,4286,4375,,4295,,4316,,4355,555555555,4389,555555555
"G4802690","Texas","48","480","King County","269","2690",237,91,265,279,87,229,78,216,72,189,70,211,83
"G4802710","Texas","48","480","Kinney County","271","2710",3659,0,3129,3674,,3199,,3157,,3140,555555555,3157,555555555
"G4802730","Texas","48","480","Kleberg County","273","2730",30974,0,31040,30725,,31015,,30860,,30629,555555555,30579,555555555
"G4802750","Texas","48","480","Knox County","275","2750",3705,0,3353,3679,,3384,,3333,,3322,555555555,3307,555555555
"G4802830","Texas","48","480","La Salle County","283","2830",7416,224,6664,7551,174,6956,129,6965,95,6946,37,6839,90
"G4802770","Texas","48","480","Lamar County","277","2770",49611,0,50088,49705,,49932,,50149,,50421,555555555,50669,555555555
"G4802790","Texas","48","480","Lamb County","279","2790",13123,0,13045,13018,,13147,,13024,,12919,555555555,12828,555555555
"G4802810","Texas","48","480","Lampasas County","281","2810",20862,0,21627,21152,,21443,,21829,,22267,555555555,22715,555555555
"G4802850","Texas","48","480","Lavaca County","285","2850",20021,0,20337,20072,,20287,,20379,,20479,555555555,20552,555555555
"G4802870","Texas","48","480","Lee County","287","2870",17058,0,17478,17174,,17393,,17543,,17758,555555555,17971,555555555
"G4802890","Texas","48","480","Leon County","289","2890",17225,0,15719,17325,,15877,,15928,,16067,555555555,16263,555555555
"G4802910","Texas","48","480","Liberty County","291","2910",83702,0,91628,86173,,89948,,93523,,97993,555555555,103380,555555555
"G4802930","Texas","48","480","Limestone County","293","2930",23417,0,22146,23364,,22252,,22222,,22185,555555555,22283,555555555
"G4802950","Texas","48","480","Lipscomb County","295","2950",3398,0,3059,3301,,3138,,3038,,2964,555555555,2918,555555555
"G4802970","Texas","48","480","Live Oak County","297","2970",12139,0,11335,12175,,11378,,11374,,11444,555555555,11620,555555555
"G4802990","Texas","48","480","Llano County","299","2990",21047,0,21243,21452,,21246,,21637,,22011,555555555,22424,555555555
"G4803010","Texas","48","480","Loving County","301","3010",98,48,64,117,62,83,76,96,76,54,34,33,30
"G4803030","Texas","48","480","Lubbock County","303","3030",304808,0,310639,308392,,308580,,311509,,314633,555555555,318884,555555555
"G4803050","Texas","48","480","Lynn County","305","3050",5830,0,5596,5886,,5587,,5619,,5667,555555555,5752,555555555
"G4803130","Texas","48","480","Madison County","313","3130",14197,0,13455,14329,,13579,,13556,,13574,555555555,13648,555555555
"G4803150","Texas","48","480","Marion County","315","3150",10017,0,9725,9987,,9748,,9668,,9631,555555555,9737,555555555
"G4803170","Texas","48","480","Martin County","317","3170",5649,0,5237,5676,,5213,,5228,,5230,555555555,5218,555555555
"G4803190","Texas","48","480","Mason County","319","3190",4186,0,3953,4248,,3948,,3959,,3951,555555555,3955,555555555
"G4803210","Texas","48","480","Matagorda County","321","3210",36774,0,36255,36791,,36323,,36251,,36274,555555555,36329,555555555
"G4803230","Texas","48","480","Maverick County","323","3230",58174,0,57887,58098,,57769,,57806,,57770,555555555,58082,555555555
"G4803070","Texas","48","480","McCulloch County","307","3070",8057,0,7630,7970,,7676,,7638,,7565,555555555,7514,555555555
"G4803090","Texas","48","480","McLennan County","309","3090",251089,0,260579,254045,,258031,,261090,,263608,555555555,266067,555555555
"G4803110","Texas","48","480","McMullen County","311","3110",774,171,600,724,212,729,197,670,199,623,201,700,280
"G4803250","Texas","48","480","Medina County","325","3250",50057,0,50748,50869,,50458,,51432,,52419,555555555,53547,555555555
"G4803270","Texas","48","480","Menard County","327","3270",2119,0,1962,2108,,1981,,1964,,1964,555555555,1955,555555555
"G4803290","Texas","48","480","Midland County","329","3290",168167,0,169983,171238,,166964,,169393,,171496,555555555,174801,555555555
"G4803310","Texas","48","480","Milam County","331","3310",24770,0,24754,24797,,24895,,25080,,25268,555555555,25567,555555555
"G4803330","Texas","48","480","Mills County","333","3330",4889,0,4456,4877,,4520,,4501,,4499,555555555,4511,555555555
"G4803350","Texas","48","480","Mitchell County","335","3350",8523,0,8990,8256,,8903,,8947,,8989,555555555,9018,555555555
"G4803370","Texas","48","480","Montague County","337","3370",19489,0,19965,19640,,19850,,20197,,20599,555555555,21046,555555555
"G4803390","Texas","48","480","Montgomery County","339","3390",571949,0,620443,590188,,607999,,629989,,654722,555555555,684432,555555555
"G4803410","Texas","48","480","Moore County","341","3410",21399,0,21358,21169,,21494,,21284,,21234,555555555,21373,555555555
"G4803430","Texas","48","480","Morris County","343","3430",12373,0,11973,12357,,11988,,11993,,12014,555555555,12076,555555555
"G4803450","Texas","48","480","Motley County","345","3450",1252,135,1063,1362,127,1269,150,1223,167,1267,155,1183,136
"G4803470","Texas","48","480","Nacogdoches County","347","3470",65339,0,64653,65080,,64822,,64768,,64897,555555555,65162,555555555
"G4803490","Texas","48","480","Navarro County","349","3490",48995,0,52624,49475,,51908,,52834,,53735,555555555,54711,555555555
"G4803510","Texas","48","480","Newton County","351","3510",13914,0,12217,13788,,12532,,12333,,12193,555555555,12093,555555555
"G4803530","Texas","48","480","Nolan County","353","3530",14904,0,14738,14901,,14727,,14657,,14565,555555555,14454,555555555
"G4803550","Texas","48","480","Nueces County","355","3550",361540,0,353178,362151,,353594,,353245,,352829,555555555,352955,555555555
"G4803570","Texas","48","480","Ochiltree County","357","3570",10131,0,10015,9907,,10063,,9924,,9852,555555555,9786,555555555
"G4803590","Texas","48","480","Oldham County","359","3590",2094,0,1758,2110,,2251,250,2171,192,2097,218,2249,227
"G4803610","Texas","48","480","Orange County","361","3610",84069,0,84808,83776,,85045,,84761,,84993,555555555,85307,555555555
"G4803630","Texas","48","480","Palo Pinto County","363","3630",28540,0,28409,28792,,28303,,28569,,28920,555555555,29295,555555555
"G4803650","Texas","48","480","Panola County","365","3650",23327,0,22491,23186,,22583,,22540,,22624,555555555,22726,555555555
"G4803670","Texas","48","480","Parker County","367","3670",133811,0,148222,138447,,144803,,151188,,158079,555555555,165168,555555555
"G4803690","Texas","48","480","Parmer County","369","3690",9718,0,9869,9639,,9874,,9809,,9752,555555555,9731,555555555
"G4803710","Texas","48","480","Pecos County","371","3710",15815,0,15193,15725,,15202,,15114,,14983,555555555,14896,555555555
"G4803730","Texas","48","480","Polk County","373","3730",48913,0,50123,50155,,49372,,50536,,51780,555555555,52800,555555555
"G4803750","Texas","48","480","Potter County","375","3750",119674,0,118525,118323,,119043,,117905,,116634,555555555,115975,555555555
"G4803770","Texas","48","480","Presidio County","377","3770",6975,0,6131,6808,,6328,,6168,,6043,555555555,5930,555555555
"G4803790","Texas","48","480","Rains County","379","3790",11766,0,12164,12001,,12013,,12257,,12505,555555555,12775,555555555
"G4803810","Texas","48","480","Randall County","381","3810",134026,0,140753,136005,,139176,,141489,,143791,555555555,146070,555555555
"G4803830","Texas","48","480","Reagan County","383","3830",3766,0,3385,3766,,3363,,3308,,3259,555555555,3232,555555555
"G4803850","Texas","48","480","Real County","385","3850",3408,0,2758,3429,,2852,,2830,,2821,555555555,2802,555555555
"G4803870","Texas","48","480","Red River County","387","3870",12171,0,11587,12115,,11685,,11627,,11621,555555555,11611,555555555
"G4803890","Texas","48","480","Reeves County","389","3890",15492,0,14748,15546,,14584,,14022,,13219,555555555,12664,555555555
"G4803910","Texas","48","480","Refugio County","391","3910",7145,0,6741,7015,,6822,,6718,,6693,555555555,6707,555555555
"G4803930","Texas","48","480","Roberts County","393","3930",805,102,827,784,144,724,114,764,145,785,95,832,126
"G4803950","Texas","48","480","Robertson County","395","3950",16990,0,16757,17094,,16839,,16912,,16973,555555555,17167,555555555
"G4803970","Texas","48","480","Rockwall County","397","3970",97175,0,107819,101175,,105227,,110631,,116931,555555555,123617,555555555
"G4803990","Texas","48","480","Runnels County","399","3990",10277,0,9900,10280,,9887,,9858,,9880,555555555,9874,555555555
"G4804010","Texas","48","480","Rusk County","401","4010",53755,0,52214,53988,,52542,,52755,,52613,555555555,52842,555555555
"G4804030","Texas","48","480","Sabine County","403","4030",10471,0,9894,10470,,9974,,9980,,9998,555555555,10023,555555555
"G4804050","Texas","48","480","San Augustine County","405","4050",8286,0,7918,8260,,7964,,7920,,7889,555555555,7874,555555555
"G4804070","Texas","48","480","San Jacinto County","407","4070",28180,0,27402,28574,,27380,,27666,,27983,555555555,28441,555555555
"G4804090","Texas","48","480","San Patricio County","409","4090",67008,0,68755,66969,,68600,,68942,,69519,555555555,70181,555555555
"G4804110","Texas","48","480","San Saba County","411","4110",5991,0,5730,6004,,5775,,5779,,5802,555555555,5696,555555555
"G4804130","Texas","48","480","Schleicher County","413","4130",2983,0,2451,2898,,2547,,2474,,2426,555555555,2381,555555555
"G4804150","Texas","48","480","Scurry County","415","4150",17096,0,16932,16918,,16985,,16883,,16633,555555555,16488,555555555
"G4804170","Texas","48","480","Shackelford County","417","4170",3296,0,3105,3291,,3145,,3134,,3169,555555555,3175,555555555
"G4804190","Texas","48","480","Shelby County","419","4190",25349,0,24022,25263,,24254,,24157,,24108,555555555,24155,555555555
"G4804210","Texas","48","480","Sherman County","421","4210",3059,0,2782,3046,,2357,250,2414,192,2434,218,2295,227
"G4804230","Texas","48","480","Smith County","423","4230",227449,0,233479,230184,,231429,,234667,,238014,555555555,241740,555555555
"G4804250","Texas","48","480","Somervell County","425","4250",8860,0,9205,8958,,9170,,9337,,9510,555555555,9691,555555555
"G4804270","Texas","48","480","Starr County","427","4270",64078,0,65920,64032,,65568,,65716,,65809,555555555,66067,555555555
"G4804290","Texas","48","480","Stephens County","429","4290",9364,0,9101,9358,,9142,,9260,,9278,555555555,9351,555555555
"G4804310","Texas","48","480","Sterling County","431","4310",1231,140,1372,1274,165,1391,175,1392,163,1389,172,1468,172
"G4804330","Texas","48","480","Stonewall County","433","4330",1476,102,1245,1412,155,1358,118,1331,119,1244,113,1227,117
"G4804350","Texas","48","480","Sutton County","435","4350",3824,0,3372,3793,,3417,,3345,,3306,555555555,3277,555555555
"G4804370","Texas","48","480","Swisher County","437","4370",7432,0,6971,7403,,7055,,6989,,6981,555555555,6937,555555555
"G4804390","Texas","48","480","Tarrant County","439","4390",2049770,0,2110640,2077153,,2091953,,2113854,,2135743,555555555,2167390,555555555
"G4804410","Texas","48","480","Taylor County","441","4410",136870,0,143208,137521,,141739,,143029,,144259,555555555,145863,555555555
"G4804430","Texas","48","480","Terrell County","443","4430",896,219,760,903,298,979,314,862,252,851,224,835,282
"G4804450","Texas","48","480","Terry County","445","4450",12528,0,11831,12408,,11937,,11816,,11699,555555555,11629,555555555
"G4804470","Texas","48","480","Throckmorton County","447","4470",1436,145,1440,1500,162,1426,152,1439,155,1589,183,1639,148
"G4804490","Texas","48","480","Titus County","449","4490",32640,0,31247,32709,,31327,,31301,,31284,555555555,31363,555555555
"G4804510","Texas","48","480","Tom Green County","451","4510",117986,0,120003,118645,,119048,,119276,,119398,555555555,119577,555555555
"G4804530","Texas","48","480","Travis County","453","4530",1226805,0,1290188,1250884,,1267795,,1289054,,1307625,555555555,1330015,555555555
"G4804550","Texas","48","480","Trinity County","455","4550",14620,0,13602,14689,,13695,,13735,,13850,555555555,14046,555555555
"G4804570","Texas","48","480","Tyler County","457","4570",21518,0,19798,21524,,20032,,19962,,20084,555555555,20238,555555555
"G4804590","Texas","48","480","Upshur County","459","4590",41018,0,40892,41386,,40781,,41261,,41864,555555555,42567,555555555
"G4804610","Texas","48","480","Upton County","461","4610",3659,0,3308,3651,,3340,,3284,,3227,555555555,3191,555555555
"G4804630","Texas","48","480","Uvalde County","463","4630",26920,0,24564,26899,,24918,,24833,,24810,555555555,24881,555555555
"G4804650","Texas","48","480","Val Verde County","465","4650",48969,0,47586,49018,,47767,,47693,,47647,555555555,47741,555555555
"G4804670","Texas","48","480","Van Zandt County","467","4670",55103,0,59541,55970,,58782,,60053,,61323,555555555,62649,555555555
"G4804690","Texas","48","480","Victoria County","469","4690",92109,0,91319,92044,,91280,,91209,,91281,555555555,91413,555555555
"G4804710","Texas","48","480","Walker County","471","4710",72321,0,76400,72295,,76506,,77182,,78292,555555555,80209,555555555
"G4804730","Texas","48","480","Waller County","473","4730",51832,0,56794,53626,,55505,,57463,,59455,555555555,61552,555555555
"G4804750","Texas","48","480","Ward County","475","4750",11658,0,11644,11745,,11375,,11347,,11255,555555555,11144,555555555
"G4804770","Texas","48","480","Washington County","477","4770",35163,0,35805,35275,,35561,,35807,,36156,555555555,36647,555555555
"G4804790","Texas","48","480","Webb County","479","4790",273526,0,267114,274847,,266963,,267282,,267731,555555555,269294,555555555
"G4804810","Texas","48","480","Wharton County","481","4810",41577,0,41570,41672,,41602,,41614,,41651,555555555,41794,555555555
"G4804830","Texas","48","480","Wheeler County","483","4830",5338,0,4990,5187,,5091,,4980,,4902,555555555,4862,555555555
"G4804850","Texas","48","480","Wichita County","485","4850",131596,0,129350,132154,,129419,,129584,,129842,555555555,129996,555555555
"G4804870","Texas","48","480","Wilbarger County","487","4870",12833,0,12887,12717,,12887,,12795,,12712,555555555,12616,555555555
"G4804890","Texas","48","480","Willacy County","489","4890",21588,0,20164,21419,,20423,,20308,,20218,555555555,20139,555555555
"G4804910","Texas","48","480","Williamson County","491","4910",547604,0,609017,570437,,591759,,617396,,643889,555555555,672688,555555555
"G4804930","Texas","48","480","Wilson County","493","4930",49173,0,49753,50110,,49374,,50381,,51501,555555555,52781,555555555
"G4804950","Texas","48","480","Winkler County","495","4950",7867,0,7791,7822,,7629,,7582,,7540,555555555,7454,555555555
"G4804970","Texas","48","480","Wise County","497","4970",66290,0,68632,67884,,67877,,70062,,72359,555555555,75005,555555555
"G4804990","Texas","48","480","Wood County","499","4990",44366,0,44843,45054,,44615,,45341,,46094,555555555,46961,555555555
"G4805010","Texas","48","480","Yoakum County","501","5010",8631,0,7694,8612,,7707,,7630,,7589,555555555,7571,555555555
"G4805030","Texas","48","480","Young County","503","5030",18036,0,17867,17961,,17894,,17903,,17963,555555555,18029,555555555
"G4805050","Texas","48","480","Zapata County","505","5050",14304,0,13889,14243,,13945,,13896,,13855,555555555,13841,555555555
"G4805070","Texas","48","480","Zavala County","507","5070",12039,0,9670,11930,,9900,,9700,,9532,555555555,9412,555555555
"G4900010","Utah","49","490","Beaver County","001","0010",6517,0,7072,6594,,6962,,7102,,7172,555555555,7273,555555555
"G4900030","Utah","49","490","Box Elder County","003","0030",53946,0,57666,54953,,56891,,58291,,59725,555555555,61246,555555555
"G4900050","Utah","49","490","Cache County","005","0050",124165,0,133154,126336,,131703,,134428,,137031,555555555,140046,555555555
"G4900070","Utah","49","490","Carbon County","007","0070",20308,0,20412,20401,,20208,,20338,,20446,555555555,20517,555555555
"G4900090","Utah","49","490","Daggett County","009","0090",613,153,935,590,157,564,132,638,124,747,131,783,109
"G4900110","Utah","49","490","Davis County","011","0110",345767,0,362679,350761,,358831,,363032,,366742,555555555,370924,555555555
"G4900130","Utah","49","490","Duchesne County","013","0130",20148,0,19596,19950,,19651,,19779,,19932,555555555,20185,555555555
"G4900150","Utah","49","490","Emery County","015","0150",10117,0,9825,10099,,9839,,9898,,9968,555555555,10046,555555555
"G4900170","Utah","49","490","Garfield County","017","0170",4998,0,5083,5000,,5061,,5121,,5170,555555555,5219,555555555
"G4900190","Utah","49","490","Grand County","019","0190",9640,0,9669,9698,,9630,,9680,,9697,555555555,9754,555555555
"G4900210","Utah","49","490","Iron County","021","0210",51213,0,57289,53148,,55839,,58068,,60201,555555555,62252,555555555
"G4900230","Utah","49","490","Juab County","023","0230",11301,0,11786,11623,,11648,,11943,,12273,555555555,12586,555555555
"G4900250","Utah","49","490","Kane County","025","0250",7484,0,7667,7658,,7635,,7814,,7996,555555555,8170,555555555
"G4900270","Utah","49","490","Millard County","027","0270",12854,0,12975,12963,,12860,,13027,,13179,555555555,13315,555555555
"G4900290","Utah","49","490","Morgan County","029","0290",11664,0,12295,11950,,12162,,12367,,12585,555555555,12802,555555555
"G4900310","Utah","49","490","Piute County","031","0310",1866,153,1438,1870,157,1809,132,1764,124,1705,131,1694,109
"G4900330","Utah","49","490","Rich County","033","0330",2389,0,2510,2415,,2507,,2543,,2588,555555555,2631,555555555
"G4900350","Utah","49","490","Salt Lake County","035","0350",1133646,0,1185238,1146215,,1173331,,1180643,,1184689,555555555,1196523,555555555
"G4900370","Utah","49","490","San Juan County","037","0370",15302,0,14518,15295,,14610,,14524,,14466,555555555,14483,555555555
"G4900390","Utah","49","490","Sanpete County","039","0390",29850,0,28437,30421,,28458,,28816,,29209,555555555,29719,555555555
"G4900410","Utah","49","490","Sevier County","041","0410",21280,0,21522,21475,,21471,,21667,,21854,555555555,22085,555555555
"G4900430","Utah","49","490","Summit County","043","0430",41103,0,42357,41680,,42156,,42524,,42709,555555555,42970,555555555
"G4900450","Utah","49","490","Tooele County","045","0450",67397,0,72698,69740,,71340,,74032,,76648,555555555,79347,555555555
"G4900470","Utah","49","490","Uintah County","047","0470",36084,0,35620,35736,,35488,,35951,,36458,555555555,37056,555555555
"G4900490","Utah","49","490","Utah County","049","0490",605490,0,659399,621506,,648265,,666021,,683622,555555555,705400,555555555
"G4900510","Utah","49","490","Wasatch County","051","0510",31708,0,34788,33053,,34028,,35009,,35808,555555555,36642,555555555
"G4900530","Utah","49","490","Washington County","053","0530",165811,0,180279,172127,,176533,,183297,,189827,555555555,196431,555555555
"G4900550","Utah","49","490","Wayne County","055","0550",2689,0,2486,2698,,2500,,2532,,2557,555555555,2584,555555555
"G4900570","Utah","49","490","Weber County","057","0570",251498,0,262223,255284,,259390,,262960,,266183,555555555,269648,555555555
"G5000010","Vermont","50","500","Addison County","001","0010",36882,0,37363,36947,,37306,,37434,,37497,555555555,37664,555555555
"G5000030","Vermont","50","500","Bennington County","003","0030",35746,0,37347,35649,,37235,,37326,,37312,555555555,37269,555555555
"G5000050","Vermont","50","500","Caledonia County","005","0050",30234,0,30233,30027,,30402,,30418,,30425,555555555,30475,555555555
"G5000070","Vermont","50","500","Chittenden County","007","0070",162646,0,168323,163414,,167523,,168309,,168831,555555555,169758,555555555
"G5000090","Vermont","50","500","Essex County","009","0090",6200,0,5920,6179,3,5972,,5976,,5972,555555555,5982,555555555
"G5000110","Vermont","50","500","Franklin County","011","0110",49116,0,49946,49275,,49752,,50101,,50379,555555555,50638,555555555
"G5000130","Vermont","50","500","Grand Isle County","013","0130",7022,0,7293,7075,,7249,,7335,,7393,555555555,7450,555555555
"G5000150","Vermont","50","500","Lamoille County","015","0150",25318,0,25945,25376,,25920,,25977,,26036,555555555,26148,555555555
"G5000170","Vermont","50","500","Orange County","017","0170",28908,0,29277,28873,,29286,,29439,,29594,555555555,29761,555555555
"G5000190","Vermont","50","500","Orleans County","019","0190",26901,0,27393,26843,3,27317,,27459,,27492,555555555,27606,555555555
"G5000210","Vermont","50","500","Rutland County","021","0210",58892,0,60572,58527,,60662,,60585,,60484,555555555,60425,555555555
"G5000230","Vermont","50","500","Washington County","023","0230",58350,0,59807,58336,,59609,,59768,,59958,555555555,60017,555555555
"G5000250","Vermont","50","500","Windham County","025","0250",42823,0,45905,42628,,45811,,45857,,45913,555555555,45923,555555555
"G5000270","Vermont","50","500","Windsor County","027","0270",55275,0,57753,55191,,57593,,57832,,57968,555555555,57990,555555555
"G5100010","Virginia","51","510","Accomack County","001","0010",32673,0,33413,32560,,33388,,33367,,33326,555555555,33335,555555555
"G5100030","Virginia","51","510","Albemarle County","003","0030",107405,0,112395,108819,,111438,,112513,,113683,555555555,114919,555555555
"G5105100","Virginia","51","510","Alexandria city","510","5100",157613,0,159467,158309,,158185,,157594,,156788,555555555,156976,555555555
"G5100050","Virginia","51","510","Alleghany County","005","0050",15157,0,15223,15030,,15266,,15159,,14962,555555555,14859,555555555
"G5100070","Virginia","51","510","Amelia County","007","0070",12953,0,13265,12970,,13220,,13309,,13342,555555555,13462,555555555
"G5100090","Virginia","51","510","Amherst County","009","0090",31775,0,31307,31782,,31381,,31426,,31385,555555555,31485,555555555
"G5100110","Virginia","51","510","Appomattox County","011","0110",15707,0,16119,15814,,16039,,16253,,16424,555555555,16610,555555555
"G5100130","Virginia","51","510","Arlington County","013","0130",233464,0,238643,236434,,235764,,235845,,235463,555555555,236254,555555555
"G5100150","Virginia","51","510","Augusta County","015","0150",75079,0,77487,75754,,76948,,77433,,77713,555555555,78033,555555555
"G5100170","Virginia","51","510","Bath County","017","0170",4307,0,4209,4248,,4243,,4177,,4123,555555555,4100,555555555
"G5100190","Virginia","51","510","Bedford County","019","0190",78376,0,79462,78965,,79183,,79761,,80254,555555555,80894,555555555
"G5100210","Virginia","51","510","Bland County","021","0210",6388,0,6270,6334,,6278,,6241,,6211,555555555,6199,555555555
"G5100230","Virginia","51","510","Botetourt County","023","0230",33343,0,33596,33440,,33542,,33734,,33875,555555555,34004,555555555
"G5105200","Virginia","51","510","Bristol city","520","5200",16912,0,17219,17059,,16996,,17036,,17024,555555555,16849,555555555
"G5100250","Virginia","51","510","Brunswick County","025","0250",16520,0,15849,16336,,16044,,15965,,15868,555555555,15841,555555555
"G5100270","Virginia","51","510","Buchanan County","027","0270",21788,0,20355,21374,,20615,,20246,,19857,555555555,19415,555555555
"G5100290","Virginia","51","510","Buckingham County","029","0290",17059,0,16824,17087,,16832,,16869,,16914,555555555,16976,555555555
"G5105300","Virginia","51","510","Buena Vista city","530","5300",6484,0,6641,6477,,6649,,6639,,6612,555555555,6593,555555555
"G5100310","Virginia","51","510","Campbell County","031","0310",55225,0,55696,55406,,55656,,55518,,55398,555555555,55312,555555555
"G5100330","Virginia","51","510","Caroline County","033","0330",30381,0,30887,30581,,30861,,31181,,31541,555555555,32098,555555555
"G5100350","Virginia","51","510","Carroll County","035","0350",29801,0,29155,29911,,29123,,29126,,29158,555555555,29157,555555555
"G5100360","Virginia","51","510","Charles City County","036","0360",7014,0,6773,6965,,6817,,6760,,6686,555555555,6627,555555555
"G5100370","Virginia","51","510","Charlotte County","037","0370",12040,0,11529,11953,,11605,,11563,,11475,555555555,11422,555555555
"G5105400","Virginia","51","510","Charlottesville city","540","5400",47096,0,46553,47217,,46597,,46289,,45863,555555555,45437,555555555
"G5105500","Virginia","51","510","Chesapeake city","550","5500",239982,0,249422,242647,,247172,,249377,,251153,555555555,252583,555555555
"G5100410","Virginia","51","510","Chesterfield County","041","0410",343551,0,364548,348500,,359798,,366019,,371610,555555555,377869,555555555
"G5100430","Virginia","51","510","Clarke County","043","0430",14423,0,14783,14498,,14726,,14882,,15060,555555555,15216,555555555
"G5105700","Virginia","51","510","Colonial Heights city","570","5700",17428,0,18170,17283,,18127,,18158,,18210,555555555,18352,555555555
"G5105800","Virginia","51","510","Covington city","580","5800",5598,0,5737,5653,,5716,,5722,,5671,555555555,5680,555555555
"G5100450","Virginia","51","510","Craig County","045","0450",5110,0,4892,5103,,4914,,4898,,4881,555555555,4856,555555555
"G5100470","Virginia","51","510","Culpeper County","047","0470",51101,0,52552,51935,,52021,,52822,,53563,555555555,54397,555555555
"G5100490","Virginia","51","510","Cumberland County","049","0490",9824,0,9675,9869,,9669,,9697,,9745,555555555,9818,555555555
"G5105900","Virginia","51","510","Danville city","590","5900",41070,0,42590,40668,,42556,,42507,,42239,555555555,42214,555555555
"G5100510","Virginia","51","510","Dickenson County","051","0510",14756,0,14124,14524,,14256,,14089,,13920,555555555,13733,555555555
"G5100530","Virginia","51","510","Dinwiddie County","053","0530",28485,0,27947,28686,,28040,,28057,,28083,555555555,28191,555555555
"G5105950","Virginia","51","510","Emporia city","595","5950",5442,0,5766,5408,,5761,,5680,,5633,555555555,5547,555555555
"G5100570","Virginia","51","510","Essex County","057","0570",10998,0,10599,10960,,10621,,10602,,10604,555555555,10623,555555555
"G5100590","Virginia","51","510","Fairfax County","059","0590",1145862,0,1150309,1149439,,1146825,,1145354,,1144474,555555555,1147837,555555555
"G5106000","Virginia","51","510","Fairfax city","600","6000",23531,0,24146,23312,,23980,,24242,,24478,555555555,25026,555555555
"G5106100","Virginia","51","510","Falls Church city","610","6100",14128,0,14658,14309,,14494,,14576,,14593,555555555,14710,555555555
"G5100610","Virginia","51","510","Fauquier County","061","0610",69728,0,72972,70353,,72416,,73290,,73935,555555555,74577,555555555
"G5100630","Virginia","51","510","Floyd County","063","0630",15704,0,15476,15766,,15536,,15532,,15560,555555555,15593,555555555
"G5100650","Virginia","51","510","Fluvanna County","065","0650",26594,0,27249,26873,,27078,,27442,,27764,555555555,28092,555555555
"G5100670","Virginia","51","510","Franklin County","067","0670",56187,0,54477,56231,,54829,,54838,,54958,555555555,55130,555555555
"G5106200","Virginia","51","510","Franklin city","620","6200",8147,0,8180,8015,,8249,,8194,,8212,555555555,8250,555555555
"G5100690","Virginia","51","510","Frederick County","069","0690",86415,0,91419,88054,,90287,,92007,,93355,555555555,95008,555555555
"G5106300","Virginia","51","510","Fredericksburg city","630","6300",28622,0,27982,29059,,28027,,28258,,28383,555555555,28873,555555555
"G5106400","Virginia","51","510","Galax city","640","6400",6517,0,6720,6402,,6681,,6687,,6698,555555555,6726,555555555
"G5100710","Virginia","51","510","Giles County","071","0710",16772,0,16787,16760,,16764,,16711,,16610,555555555,16557,555555555
"G5100730","Virginia","51","510","Gloucester County","073","0730",37222,0,38711,37362,,38586,,38875,,39228,555555555,39526,555555555
"G5100750","Virginia","51","510","Goochland County","075","0750",22865,0,24727,23472,,24300,,24906,,25613,555555555,26410,555555555
"G5100770","Virginia","51","510","Grayson County","077","0770",15742,0,15333,15651,,15418,,15356,,15323,555555555,15287,555555555
"G5100790","Virginia","51","510","Greene County","079","0790",19519,0,20552,19734,,20374,,20631,,20850,555555555,21155,555555555
"G5100810","Virginia","51","510","Greensville County","081","0810",11525,0,11391,11403,,11465,,11373,,11304,555555555,11275,555555555
"G5100830","Virginia","51","510","Halifax County","083","0830",34552,0,34022,34295,,34228,,34013,,33811,555555555,33639,555555555
"G5106500","Virginia","51","510","Hampton city","650","6500",135041,0,137148,135169,,136748,,137217,,137334,555555555,137557,555555555
"G5100850","Virginia","51","510","Hanover County","085","0850",105537,0,109979,106538,,109232,,110513,,111652,555555555,112879,555555555
"G5106600","Virginia","51","510","Harrisonburg city","660","6600",53273,0,51814,53558,,52062,,51784,,51492,555555555,51392,555555555
"G5100870","Virginia","51","510","Henrico County","087","0870",327535,0,334389,330076,,331924,,333120,,334434,555555555,335744,555555555
"G5100890","Virginia","51","510","Henry County","089","0890",51308,0,50948,51032,,51077,,50760,,50365,555555555,49980,555555555
"G5100910","Virginia","51","510","Highland County","091","0910",2204,0,2232,2202,,2229,,2247,,2265,555555555,2296,555555555
"G5106700","Virginia","51","510","Hopewell city","670","6700",22456,0,23033,22500,,23020,,23046,,22944,555555555,22959,555555555
"G5100930","Virginia","51","510","Isle of Wight County","093","0930",36627,0,38606,37107,,38301,,38898,,39444,555555555,39974,555555555
"G5100950","Virginia","51","510","James City County","095","0950",74916,0,78254,76032,,77733,,78818,,80046,555555555,81013,555555555
"G5100990","Virginia","51","510","King George County","099","0990",26229,0,26723,26679,,26597,,26985,,27468,555555555,27896,555555555
"G5101010","Virginia","51","510","King William County","101","1010",16688,0,17810,16985,,17511,,17845,,18232,555555555,18593,555555555
"G5100970","Virginia","51","510","King and Queen County","097","0970",7042,0,6608,7011,,6690,,6681,,6676,555555555,6695,555555555
"G5101030","Virginia","51","510","Lancaster County","103","1030",10724,0,10919,10686,,10916,,10866,,10876,555555555,10936,555555555
"G5101050","Virginia","51","510","Lee County","105","1050",23948,0,22173,23723,,22482,,22287,,22042,555555555,21900,555555555
"G5106780","Virginia","51","510","Lexington city","678","6780",7241,0,7320,7205,,7287,,7346,,7420,555555555,7525,555555555
"G5101070","Virginia","51","510","Loudoun County","107","1070",395134,0,420959,405312,,413574,,420773,,427082,555555555,432998,555555555
"G5101090","Virginia","51","510","Louisa County","109","1090",36040,0,37596,36654,,37136,,38106,,39012,555555555,39980,555555555
"G5101110","Virginia","51","510","Lunenburg County","111","1110",12282,0,11936,12294,,11982,,11988,,11990,555555555,12016,555555555
"G5106800","Virginia","51","510","Lynchburg city","680","6800",80569,0,79009,80970,,78973,,79166,,79255,555555555,79497,555555555
"G5101130","Virginia","51","510","Madison County","113","1130",13170,0,13837,13208,,13731,,13828,,13931,555555555,14044,555555555
"G5106850","Virginia","51","510","Manassas Park city","685","6850",16986,0,17219,17548,,17081,,17123,,16923,555555555,16798,555555555
"G5106830","Virginia","51","510","Manassas city","683","6830",41174,0,42772,41038,,42596,,42620,,42674,555555555,42976,555555555
"G5106900","Virginia","51","510","Martinsville city","690","6900",12852,0,13485,12646,,13476,,13539,,13584,555555555,13658,555555555
"G5101150","Virginia","51","510","Mathews County","115","1150",8788,0,8533,8760,,8548,,8537,,8517,555555555,8540,555555555
"G5101170","Virginia","51","510","Mecklenburg County","117","1170",30728,0,30319,30726,,30347,,30367,,30431,555555555,30516,555555555
"G5101190","Virginia","51","510","Middlesex County","119","1190",10675,0,10625,10642,,10686,,10738,,10774,555555555,10847,555555555
"G5101210","Virginia","51","510","Montgomery County","121","1210",98140,0,99721,98495,,99294,,99373,,99159,555555555,99101,555555555
"G5101250","Virginia","51","510","Nelson County","125","1250",14831,0,14775,14812,,14795,,14773,,14777,555555555,14732,555555555
"G5101270","Virginia","51","510","New Kent County","127","1270",21686,0,22945,22310,,22519,,23296,,24139,555555555,25105,555555555
"G5107000","Virginia","51","510","Newport News city","700","7000",179673,0,186247,179582,,185069,,185118,,184774,555555555,184216,555555555
"G5107100","Virginia","51","510","Norfolk city","710","7100",244601,0,238005,244300,,238556,,236973,,235037,555555555,233596,555555555
"G5101310","Virginia","51","510","Northampton County","131","1310",11885,0,12282,11826,,12226,,12132,,12115,555555555,12059,555555555
"G5101330","Virginia","51","510","Northumberland County","133","1330",12190,0,11839,12151,,11965,,12007,,12085,555555555,12188,555555555
"G5107200","Virginia","51","510","Norton city","720","7200",3970,0,3687,3969,,3696,,3668,,3620,555555555,3577,555555555
"G5101350","Virginia","51","510","Nottoway County","135","1350",15433,0,15642,15338,,15667,,15638,,15597,555555555,15597,555555555
"G5101370","Virginia","51","510","Orange County","137","1370",36010,0,36254,36501,,36001,,36593,,37208,555555555,37822,555555555
"G5101390","Virginia","51","510","Page County","139","1390",23788,0,23709,23862,,23734,,23753,,23750,555555555,23727,555555555
"G5101410","Virginia","51","510","Patrick County","141","1410",17748,0,17608,17660,,17661,,17660,,17606,555555555,17512,555555555
"G5107300","Virginia","51","510","Petersburg city","730","7300",31362,0,33458,30791,,33229,,33261,,33365,555555555,33537,555555555
"G5101430","Virginia","51","510","Pittsylvania County","143","1430",61256,0,60501,60867,,60833,,60541,,60148,555555555,59856,555555555
"G5107350","Virginia","51","510","Poquoson city","735","7350",12090,0,12460,12121,,12382,,12479,,12556,555555555,12639,555555555
"G5107400","Virginia","51","510","Portsmouth city","740","7400",95097,0,97915,94961,,97454,,97384,,97299,555555555,97190,555555555
"G5101450","Virginia","51","510","Powhatan County","145","1450",28815,0,30333,29253,,29979,,30503,,31074,555555555,31555,555555555
"G5101470","Virginia","51","510","Prince Edward County","147","1470",22905,0,21849,22892,,21887,,21922,,21932,555555555,21996,555555555
"G5101490","Virginia","51","510","Prince George County","149","1490",38114,0,43010,38292,,42170,,42634,,42873,555555555,43146,555555555
"G5101530","Virginia","51","510","Prince William County","153","1530",461423,0,482204,466834,,477224,,481114,,484625,555555555,488880,555555555
"G5101550","Virginia","51","510","Pulaski County","155","1550",34182,0,33800,34113,,33893,,33841,,33771,555555555,33687,555555555
"G5107500","Virginia","51","510","Radford city","750","7500",17691,0,16070,17833,,16205,,16379,,16505,555555555,16726,555555555
"G5101570","Virginia","51","510","Rappahannock County","157","1570",7378,0,7348,7360,,7400,,7422,,7409,555555555,7427,555555555
"G5101590","Virginia","51","510","Richmond County","159","1590",8884,0,8923,8951,,8902,,8968,,9047,555555555,9095,555555555
"G5107600","Virginia","51","510","Richmond city","760","7600",226622,0,226610,229233,,225676,,227171,,227595,555555555,229359,555555555
"G5101610","Virginia","51","510","Roanoke County","161","1610",93823,0,96929,94103,,96303,,96653,,96793,555555555,97023,555555555
"G5107700","Virginia","51","510","Roanoke city","770","7700",99229,0,100011,99122,,99578,,99213,,98677,555555555,98355,555555555
"G5101630","Virginia","51","510","Rockbridge County","163","1630",22570,0,22650,22728,,22663,,22673,,22578,555555555,22531,555555555
"G5101650","Virginia","51","510","Rockingham County","165","1650",80284,0,83757,81138,,83090,,83905,,84739,555555555,85600,555555555
"G5101670","Virginia","51","510","Russell County","167","1670",27141,0,25781,26937,,25932,,25763,,25635,555555555,25538,555555555
"G5107750","Virginia","51","510","Salem city","775","7750",25317,0,25346,25290,,25335,,25372,,25477,555555555,25618,555555555
"G5101690","Virginia","51","510","Scott County","169","1690",21902,0,21576,21761,,21576,,21536,,21504,555555555,21479,555555555
"G5101710","Virginia","51","510","Shenandoah County","171","1710",43224,0,44186,43441,,44037,,44337,,44630,555555555,44925,555555555
"G5101730","Virginia","51","510","Smyth County","173","1730",30767,0,29800,30539,,29960,,29799,,29585,555555555,29420,555555555
"G5101750","Virginia","51","510","Southampton County","175","1750",17880,0,17996,17829,,18028,,18003,,17988,555555555,17964,555555555
"G5101770","Virginia","51","510","Spotsylvania County","177","1770",132833,0,140032,134683,,138493,,141097,,143876,555555555,146603,555555555
"G5101790","Virginia","51","510","Stafford County","179","1790",146773,0,156927,150185,,154204,,157606,,160520,555555555,163466,555555555
"G5107900","Virginia","51","510","Staunton city","790","7900",24432,0,25750,24660,,25358,,25581,,25765,555555555,25948,555555555
"G5108000","Virginia","51","510","Suffolk city","800","8000",90093,0,94324,91383,,93268,,94856,,96638,555555555,98796,555555555
"G5101810","Virginia","51","510","Surry County","181","1810",6523,0,6561,6459,,6563,,6546,,6552,555555555,6549,555555555
"G5101830","Virginia","51","510","Sussex County","183","1830",11377,0,10829,11202,,10960,,10866,,10793,555555555,10765,555555555
"G5101850","Virginia","51","510","Tazewell County","185","1850",41603,0,40429,41201,,40615,,40392,,39933,555555555,39624,555555555
"G5108100","Virginia","51","510","Virginia Beach city","810","8100",450201,0,459470,450882,,457658,,457900,,457066,555555555,456349,555555555
"G5101870","Virginia","51","510","Warren County","187","1870",39492,0,40727,39888,,40442,,40800,,41104,555555555,41531,555555555
"G5101910","Virginia","51","510","Washington County","191","1910",54071,0,53935,54005,,53997,,53985,,53913,555555555,53926,555555555
"G5108200","Virginia","51","510","Waynesboro city","820","8200",22140,0,22196,22300,,22149,,22341,,22574,555555555,22841,555555555
"G5101930","Virginia","51","510","Westmoreland County","193","1930",17751,0,18477,17873,,18324,,18480,,18683,555555555,18826,555555555
"G5108300","Virginia","51","510","Williamsburg city","830","8300",14927,0,15425,15034,,15299,,15486,,15564,555555555,15798,555555555
"G5108400","Virginia","51","510","Winchester city","840","8400",27897,0,28120,27912,,28194,,28103,,27981,555555555,27913,555555555
"G5101950","Virginia","51","510","Wise County","195","1950",38486,0,36130,38032,,36531,,36105,,35727,555555555,35448,555555555
"G5101970","Virginia","51","510","Wythe County","197","1970",28844,0,28290,28725,,28347,,28275,,28219,555555555,28188,555555555
"G5101990","Virginia","51","510","York County","199","1990",67982,0,70045,68389,,69635,,70238,,70590,555555555,71005,555555555
"G5300010","Washington","53","530","Adams County","001","0010",19594,0,20613,19702,,20353,,20557,,20690,555555555,20800,555555555
"G5300030","Washington","53","530","Asotin County","003","0030",22421,0,22285,22636,,22285,,22370,,22424,555555555,22467,555555555
"G5300050","Washington","53","530","Benton County","005","0050",197518,0,206873,200715,,204551,,207560,,210224,555555555,212905,555555555
"G5300070","Washington","53","530","Chelan County","007","0070",76229,0,79074,76653,,78508,,79076,,79518,555555555,80172,555555555
"G5300090","Washington","53","530","Clallam County","009","0090",75392,0,77155,76482,,76727,,77333,,77593,555555555,77813,555555555
"G5300110","Washington","53","530","Clark County","011","0110",473252,0,503311,481950,,496494,,504091,,510516,555555555,516959,555555555
"G5300130","Washington","53","530","Columbia County","013","0130",3992,0,3952,4024,,3969,,3980,,3996,555555555,4014,555555555
"G5300150","Washington","53","530","Cowlitz County","015","0150",106778,0,110730,108399,,109457,,110621,,111539,555555555,112360,555555555
"G5300170","Washington","53","530","Douglas County","017","0170",42023,0,42938,42520,,42622,,43189,,43733,555555555,44366,555555555
"G5300190","Washington","53","530","Ferry County","019","0190",7578,0,7178,7643,,7198,,7260,,7326,555555555,7387,555555555
"G5300210","Washington","53","530","Franklin County","021","0210",92009,0,96749,93681,,95313,,96692,,97676,555555555,98902,555555555
"G5300230","Washington","53","530","Garfield County","023","0230",2230,0,2286,2258,,2278,,2310,,2326,555555555,2353,555555555
"G5300250","Washington","53","530","Grant County","025","0250",95502,0,99123,96648,,97874,,99145,,100428,555555555,101799,555555555
"G5300270","Washington","53","530","Grays Harbor County","027","0270",72779,0,75636,73769,,74737,,75672,,76397,555555555,77053,555555555
"G5300290","Washington","53","530","Island County","029","0290",82866,0,86857,84187,,85938,,86510,,86747,555555555,86836,555555555
"G5300310","Washington","53","530","Jefferson County","031","0310",31285,0,32977,31825,,32590,,33006,,33313,555555555,33577,555555555
"G5300330","Washington","53","530","King County","033","0330",2195502,0,2269675,2225064,,2240876,,2254371,,2262713,555555555,2287171,555555555
"G5300350","Washington","53","530","Kitsap County","035","0350",265882,0,275611,268945,,273072,,275411,,276581,555555555,277881,555555555
"G5300370","Washington","53","530","Kittitas County","037","0370",45897,0,44337,47097,,44147,,44424,,44736,555555555,47172,555555555
"G5300390","Washington","53","530","Klickitat County","039","0390",21721,0,22735,22055,,22478,,22798,,23082,555555555,23411,555555555
"G5300410","Washington","53","530","Lewis County","041","0410",78145,0,82149,79430,,81214,,82663,,83925,555555555,85154,555555555
"G5300430","Washington","53","530","Lincoln County","043","0430",10574,0,10876,10732,,10798,,11036,,11271,555555555,11489,555555555
"G5300450","Washington","53","530","Mason County","045","0450",63804,0,65726,65326,,64964,,66053,,66968,555555555,67982,555555555
"G5300470","Washington","53","530","Okanogan County","047","0470",41842,0,42104,42080,,41966,,42336,,42811,555555555,43425,555555555
"G5300490","Washington","53","530","Pacific County","049","0490",21688,0,23365,22121,,22974,,23396,,23750,555555555,23994,555555555
"G5300510","Washington","53","530","Pend Oreille County","051","0510",13377,0,13401,13588,,13302,,13570,,13811,555555555,14050,555555555
"G5300530","Washington","53","530","Pierce County","053","0530",877013,0,921130,891862,,910225,,918993,,924106,555555555,930319,555555555
"G5300550","Washington","53","530","San Juan County","055","0550",16788,0,17788,16953,,17631,,18001,,18266,555555555,18478,555555555
"G5300570","Washington","53","530","Skagit County","057","0570",125612,0,129523,127442,,128228,,129480,,130407,555555555,131328,555555555
"G5300590","Washington","53","530","Skamania County","059","0590",11753,0,12036,11906,,11973,,12118,,12276,555555555,12402,555555555
"G5300610","Washington","53","530","Snohomish County","061","0610",798808,0,827957,811572,,820024,,828337,,834648,555555555,844430,555555555
"G5300630","Washington","53","530","Spokane County","063","0630",505505,0,539339,513402,53,531477,,538711,,544323,555555555,549056,555555555
"G5300650","Washington","53","530","Stevens County","065","0650",44655,0,46445,45233,53,46057,,46774,,47470,555555555,48067,555555555
"G5300670","Washington","53","530","Thurston County","067","0670",279711,0,294793,284698,,290642,,294272,,296640,555555555,299067,555555555
"G5300690","Washington","53","530","Wahkiakum County","069","0690",4268,0,4422,4318,,4373,,4476,,4573,555555555,4658,555555555
"G5300710","Washington","53","530","Walla Walla County","071","0710",60365,0,62584,60785,,62168,,62150,,62102,555555555,62161,555555555
"G5300730","Washington","53","530","Whatcom County","073","0730",220821,0,226847,224538,,224533,,226523,,228432,555555555,230503,555555555
"G5300750","Washington","53","530","Whitman County","075","0750",49231,0,47973,49577,,48197,,47141,,47042,555555555,47003,555555555
"G5300770","Washington","53","530","Yakima County","077","0770",249697,0,256728,250649,,255151,,256143,,256605,555555555,257152,555555555
"G5400010","West Virginia","54","540","Barbour County","001","0010",16633,0,15465,16543,,15600,,15527,,15454,555555555,15424,555555555
"G5400030","West Virginia","54","540","Berkeley County","003","0030",115329,0,122076,117615,,120460,,123283,,126165,555555555,129514,555555555
"G5400050","West Virginia","54","540","Boone County","005","0050",22368,0,21809,21897,,22059,,21705,,21312,555555555,21026,555555555
"G5400070","West Virginia","54","540","Braxton County","007","0070",14190,0,12447,14032,,12702,,12505,,12345,555555555,12208,555555555
"G5400090","West Virginia","54","540","Brooke County","009","0090",22459,0,22559,22162,,22603,,22349,,22053,555555555,21805,555555555
"G5400110","West Virginia","54","540","Cabell County","011","0110",94339,0,94350,93328,,94622,,93965,,93300,555555555,92739,555555555
"G5400130","West Virginia","54","540","Calhoun County","013","0130",7295,0,6229,7185,,6420,,6279,,6158,555555555,6048,555555555
"G5400150","West Virginia","54","540","Clay County","015","0150",8709,0,8051,8599,,8176,,8049,,7946,555555555,7835,555555555
"G5400170","West Virginia","54","540","Doddridge County","017","0170",8560,0,7808,8499,,7929,,7847,,7767,555555555,7711,555555555
"G5400190","West Virginia","54","540","Fayette County","019","0190",43576,0,40488,43087,,41056,,40545,,39987,555555555,39519,555555555
"G5400210","West Virginia","54","540","Gilmer County","021","0210",8041,0,7408,7970,,7516,,7444,,7376,555555555,7288,555555555
"G5400230","West Virginia","54","540","Grant County","023","0230",11616,0,10976,11565,,11063,,11034,,10972,555555555,10983,555555555
"G5400250","West Virginia","54","540","Greenbrier County","025","0250",35155,0,32977,34893,,33307,,32995,,32688,555555555,32386,555555555
"G5400270","West Virginia","54","540","Hampshire County","027","0270",23309,0,23093,23304,,23214,,23275,,23340,555555555,23465,555555555
"G5400290","West Virginia","54","540","Hancock County","029","0290",29383,0,29095,29118,,29223,,28907,,28658,555555555,28431,555555555
"G5400310","West Virginia","54","540","Hardy County","031","0310",13805,0,14299,13789,,14269,,14249,,14236,555555555,14243,555555555
"G5400330","West Virginia","54","540","Harrison County","033","0330",67908,0,65921,67620,,66222,,65862,,65407,555555555,64984,555555555
"G5400350","West Virginia","54","540","Jackson County","035","0350",28907,0,27791,28793,,28011,,27868,,27753,555555555,27705,555555555
"G5400370","West Virginia","54","540","Jefferson County","037","0370",56506,0,57701,56922,,57542,,58043,,58546,555555555,59260,555555555
"G5400390","West Virginia","54","540","Kanawha County","039","0390",183279,0,180745,181014,,181953,,179895,,178198,555555555,176537,555555555
"G5400410","West Virginia","54","540","Lewis County","041","0410",16166,0,17033,16024,,16966,,16920,,16808,555555555,16740,555555555
"G5400430","West Virginia","54","540","Lincoln County","043","0430",20850,0,20463,20617,,20625,,20410,,20170,555555555,19902,555555555
"G5400450","West Virginia","54","540","Logan County","045","0450",33154,0,32567,32593,,32786,,32350,,31826,555555555,31418,555555555
"G5400490","West Virginia","54","540","Marion County","049","0490",56355,0,56205,56233,,56256,,56194,,56042,555555555,55909,555555555
"G5400510","West Virginia","54","540","Marshall County","051","0510",31308,0,30591,30900,,30813,,30509,,30129,555555555,29865,555555555
"G5400530","West Virginia","54","540","Mason County","053","0530",26820,0,25453,26700,,25667,,25488,,25214,555555555,25043,555555555
"G5400470","West Virginia","54","540","McDowell County","047","0470",18661,0,19111,18083,,19334,,18911,,18413,555555555,17943,555555555
"G5400550","West Virginia","54","540","Mercer County","055","0550",59919,0,59664,59370,,59892,,59530,,59062,555555555,58563,555555555
"G5400570","West Virginia","54","540","Mineral County","057","0570",27167,0,26938,27047,,27045,,26957,,26922,555555555,26854,555555555
"G5400590","West Virginia","54","540","Mingo County","059","0590",24290,0,23568,23808,,23821,,23466,,22979,555555555,22542,555555555
"G5400610","West Virginia","54","540","Monongalia County","061","0610",105474,0,105822,106196,,105695,,105988,,106520,555555555,107163,555555555
"G5400630","West Virginia","54","540","Monroe County","063","0630",13401,0,12376,13344,,12492,,12438,,12401,555555555,12386,555555555
"G5400650","West Virginia","54","540","Morgan County","065","0650",17709,0,17063,17800,,17144,,17237,,17327,555555555,17426,555555555
"G5400670","West Virginia","54","540","Nicholas County","067","0670",25078,0,24604,24857,,24770,,24624,,24446,555555555,24277,555555555
"G5400690","West Virginia","54","540","Ohio County","069","0690",42143,0,42425,41875,,42443,,42224,,41904,555555555,41582,555555555
"G5400710","West Virginia","54","540","Pendleton County","071","0710",7001,0,6143,6968,,6249,,6156,,6111,555555555,6043,555555555
"G5400730","West Virginia","54","540","Pleasants County","073","0730",7482,0,7653,7457,,7623,,7622,,7572,555555555,7521,555555555
"G5400750","West Virginia","54","540","Pocahontas County","075","0750",8450,0,7869,8382,,8006,,7940,,7855,555555555,7784,555555555
"G5400770","West Virginia","54","540","Preston County","077","0770",33683,0,34216,33610,,34266,,34206,,34204,555555555,34160,555555555
"G5400790","West Virginia","54","540","Putnam County","079","0790",56610,0,57440,56604,,57385,,57347,,57250,555555555,57177,555555555
"G5400810","West Virginia","54","540","Raleigh County","081","0810",75252,0,74591,74452,,74929,,74303,,73666,555555555,73195,555555555
"G5400830","West Virginia","54","540","Randolph County","083","0830",28930,0,27932,28763,,28150,,28005,,27782,555555555,27576,555555555
"G5400850","West Virginia","54","540","Ritchie County","085","0850",9844,0,8444,9747,,8676,,8507,,8372,555555555,8286,555555555
"G5400870","West Virginia","54","540","Roane County","087","0870",14020,0,14028,13831,,14129,,14027,,13921,555555555,13786,555555555
"G5400890","West Virginia","54","540","Summers County","089","0890",12848,0,11959,12710,,12125,,11985,,11833,555555555,11729,555555555
"G5400910","West Virginia","54","540","Taylor County","091","0910",16864,0,16705,16817,,16727,,16602,,16543,555555555,16487,555555555
"G5400930","West Virginia","54","540","Tucker County","093","0930",6982,0,6762,6943,,6822,,6747,,6698,555555555,6654,555555555
"G5400950","West Virginia","54","540","Tyler County","095","0950",8811,0,8313,8736,,8397,,8336,,8181,555555555,8064,555555555
"G5400970","West Virginia","54","540","Upshur County","097","0970",24502,0,23816,24451,,23965,,23875,,23758,555555555,23712,555555555
"G5400990","West Virginia","54","540","Wayne County","099","0990",40303,0,38982,39952,,39337,,38933,,38498,555555555,38164,555555555
"G5401010","West Virginia","54","540","Webster County","101","1010",8386,0,8378,8289,,8415,,8362,,8253,555555555,8144,555555555
"G5401030","West Virginia","54","540","Wetzel County","103","1030",15436,0,14442,15291,,14629,,14431,,14233,555555555,14078,555555555
"G5401050","West Virginia","54","540","Wirt County","105","1050",5798,0,5194,5764,,5264,,5202,,5131,555555555,5053,555555555
"G5401070","West Virginia","54","540","Wood County","107","1070",84960,0,84296,84387,,84678,,84272,,83829,555555555,83407,555555555
"G5401090","West Virginia","54","540","Wyoming County","109","1090",21281,0,21382,20890,,21581,,21237,,20948,555555555,20629,555555555
"G5500010","Wisconsin","55","550","Adams County","001","0010",20094,0,20654,20208,,20505,,20730,,20928,555555555,21123,555555555
"G5500030","Wisconsin","55","550","Ashland County","003","0030",15617,0,16027,15524,,16002,,16041,,16050,555555555,16080,555555555
"G5500050","Wisconsin","55","550","Barron County","005","0050",45229,0,46711,45182,,46529,,46683,,46741,555555555,46797,555555555
"G5500070","Wisconsin","55","550","Bayfield County","007","0070",14993,0,16220,15088,,16031,,16214,,16410,555555555,16575,555555555
"G5500090","Wisconsin","55","550","Brown County","009","0090",261368,0,268740,262559,,267364,,268393,,269425,555555555,270892,555555555
"G5500110","Wisconsin","55","550","Buffalo County","011","0110",13126,0,13317,13087,,13314,,13329,,13341,555555555,13393,555555555
"G5500130","Wisconsin","55","550","Burnett County","013","0130",15289,0,16526,15363,,16356,,16561,,16741,555555555,16916,555555555
"G5500150","Wisconsin","55","550","Calumet County","015","0150",49928,0,52442,50005,,52128,,52361,,52626,555555555,52942,555555555
"G5500170","Wisconsin","55","550","Chippewa County","017","0170",63892,0,66297,64175,,65877,,66254,,66558,555555555,66799,555555555
"G5500190","Wisconsin","55","550","Clark County","019","0190",34579,0,34659,34668,,34655,,34703,,34736,555555555,34739,555555555
"G5500210","Wisconsin","55","550","Columbia County","021","0210",57133,0,58490,57331,,58219,,58272,,58322,555555555,58272,555555555
"G5500230","Wisconsin","55","550","Crawford County","023","0230",16235,0,16113,16155,,16167,,16123,,16064,555555555,16042,555555555
"G5500250","Wisconsin","55","550","Dane County","025","0250",536078,0,561504,542459,,555474,,559891,,564777,555555555,572674,555555555
"G5500270","Wisconsin","55","550","Dodge County","027","0270",87715,0,89396,87569,,89274,,89032,,88818,555555555,88742,555555555
"G5500290","Wisconsin","55","550","Door County","029","0290",27472,0,30066,27621,,29713,,30038,,30279,555555555,30445,555555555
"G5500310","Wisconsin","55","550","Douglas County","031","0310",43295,0,44295,43497,,44034,,44092,,44197,555555555,44229,555555555
"G5500330","Wisconsin","55","550","Dunn County","033","0330",44759,0,45440,45029,,45254,,45221,,45349,555555555,45527,555555555
"G5500350","Wisconsin","55","550","Eau Claire County","035","0350",103514,0,105710,104132,,105206,,105697,,106328,555555555,107116,555555555
"G5500370","Wisconsin","55","550","Florence County","037","0370",4314,0,4558,4312,,4542,,4574,,4617,555555555,4646,555555555
"G5500390","Wisconsin","55","550","Fond du Lac County","039","0390",102597,0,104154,102654,,103890,,104027,,104053,555555555,104137,555555555
"G5500410","Wisconsin","55","550","Forest County","041","0410",8995,0,9179,9003,,9184,,9239,,9261,555555555,9369,555555555
"G5500430","Wisconsin","55","550","Grant County","043","0430",51733,0,51938,51570,,52210,,51842,,51678,555555555,51770,555555555
"G5500450","Wisconsin","55","550","Green County","045","0450",36896,0,37093,36790,,37098,,37066,,37036,555555555,37017,555555555
"G5500470","Wisconsin","55","550","Green Lake County","047","0470",18755,0,19018,18807,,18990,,19093,,19165,555555555,19263,555555555
"G5500490","Wisconsin","55","550","Iowa County","049","0490",23618,0,23709,23632,,23715,,23766,,23832,555555555,23867,555555555
"G5500510","Wisconsin","55","550","Iron County","051","0510",5687,0,6137,5679,,6074,,6136,,6164,555555555,6210,555555555
"G5500530","Wisconsin","55","550","Jackson County","053","0530",20522,0,21145,20556,,21004,,20958,,20971,555555555,20981,555555555
"G5500550","Wisconsin","55","550","Jefferson County","055","0550",84701,0,84900,84837,,84808,,85932,,85867,555555555,86003,555555555
"G5500570","Wisconsin","55","550","Juneau County","057","0570",26478,0,26718,26603,,26595,,26695,,26695,555555555,26689,555555555
"G5500590","Wisconsin","55","550","Kenosha County","059","0590",168524,0,169151,168998,,168743,,168693,,168413,555555555,168438,555555555
"G5500610","Wisconsin","55","550","Kewaunee County","061","0610",20387,0,20563,20398,,20535,,20570,,20621,555555555,20664,555555555
"G5500630","Wisconsin","55","550","La Crosse County","063","0630",117894,0,120784,118168,,120291,,120216,,120262,555555555,120488,555555555
"G5500650","Wisconsin","55","550","Lafayette County","065","0650",16715,0,16611,16682,,16662,,16716,,16788,555555555,16942,555555555
"G5500670","Wisconsin","55","550","Langlade County","067","0670",19146,0,19491,19167,,19469,,19512,,19473,555555555,19490,555555555
"G5500690","Wisconsin","55","550","Lincoln County","069","0690",27744,0,28415,27687,,28378,,28402,,28403,555555555,28426,555555555
"G5500710","Wisconsin","55","550","Manitowoc County","071","0710",79185,0,81359,78977,,81103,,81242,,81314,555555555,81406,555555555
"G5500730","Wisconsin","55","550","Marathon County","073","0730",135396,0,138013,135485,,137597,,137820,,138067,555555555,138403,555555555
"G5500750","Wisconsin","55","550","Marinette County","075","0750",40391,0,41872,40312,,41720,,41827,,41907,555555555,42046,555555555
"G5500770","Wisconsin","55","550","Marquette County","077","0770",15304,0,15592,15380,,15515,,15619,,15706,555555555,15746,555555555
"G5500780","Wisconsin","55","550","Menominee County","078","0780",4558,0,4255,4566,,4318,,4279,,4256,555555555,4252,555555555
"G5500790","Wisconsin","55","550","Milwaukee County","079","0790",951226,0,939489,949180,,939123,,933063,,927656,555555555,926331,555555555
"G5500810","Wisconsin","55","550","Monroe County","081","0810",45771,0,46274,46155,,46091,,46208,,46169,555555555,46208,555555555
"G5500830","Wisconsin","55","550","Oconto County","083","0830",37646,0,38965,37870,,38691,,39048,,39329,555555555,39589,555555555
"G5500850","Wisconsin","55","550","Oneida County","085","0850",35381,0,37845,35480,,37468,,37799,,38007,555555555,38167,555555555
"G5500870","Wisconsin","55","550","Outagamie County","087","0870",185700,0,190705,186829,,189620,,190611,,191537,555555555,192826,555555555
"G5500890","Wisconsin","55","550","Ozaukee County","089","0890",88597,0,91503,89179,,91029,,91745,,92345,555555555,92966,555555555
"G5500910","Wisconsin","55","550","Pepin County","091","0910",7265,0,7318,7261,,7328,,7363,,7372,555555555,7431,555555555
"G5500930","Wisconsin","55","550","Pierce County","093","0930",41977,0,42212,42336,,42204,,42187,,42351,555555555,42584,555555555
"G5500950","Wisconsin","55","550","Polk County","095","0950",43438,0,44977,43549,,44806,,45128,,45327,555555555,45555,555555555
"G5500970","Wisconsin","55","550","Portage County","097","0970",70632,0,70377,70822,,70378,,70281,,70375,555555555,70832,555555555
"G5500990","Wisconsin","55","550","Price County","099","0990",13416,0,14054,13351,,14003,,14066,,14077,555555555,14092,555555555
"G5501010","Wisconsin","55","550","Racine County","101","1010",195602,0,197727,195859,,197379,,197068,,196888,555555555,197532,555555555
"G5501030","Wisconsin","55","550","Richland County","103","1030",17459,0,17304,17408,,17353,,17256,,17229,555555555,17205,555555555
"G5501050","Wisconsin","55","550","Rock County","105","1050",162152,0,163687,162532,,163522,,163817,,163944,555555555,164350,555555555
"G5501070","Wisconsin","55","550","Rusk County","107","1070",14132,0,14188,14074,,14182,,14179,,14146,555555555,14179,555555555
"G5501110","Wisconsin","55","550","Sauk County","111","1110",63922,0,65763,64152,,65428,,65664,,65759,555555555,66009,555555555
"G5501130","Wisconsin","55","550","Sawyer County","113","1130",16399,0,18074,16477,,17813,,18057,,18243,555555555,18476,555555555
"G5501150","Wisconsin","55","550","Shawano County","115","1150",40904,0,40881,40813,,40836,,40848,,40927,555555555,41039,555555555
"G5501170","Wisconsin","55","550","Sheboygan County","117","1170",115178,0,118034,115152,,117528,,117741,,117783,555555555,117991,555555555
"G5501090","Wisconsin","55","550","St. Croix County","109","1090",88732,0,93536,89702,,92495,,93752,,94819,555555555,96033,555555555
"G5501190","Wisconsin","55","550","Taylor County","119","1190",20325,0,19913,20320,,19960,,19979,,19972,555555555,20024,555555555
"G5501210","Wisconsin","55","550","Trempealeau County","121","1210",29499,0,30760,29525,,30504,,30679,,30786,555555555,30839,555555555
"G5501230","Wisconsin","55","550","Vernon County","123","1230",30633,0,30714,30759,,30719,,30811,,30915,555555555,31049,555555555
"G5501250","Wisconsin","55","550","Vilas County","125","1250",21751,0,23047,21923,,22813,,23146,,23410,555555555,23647,555555555
"G5501270","Wisconsin","55","550","Walworth County","127","1270",103074,0,106478,103391,,105945,,105127,,105447,555555555,105657,555555555
"G5501290","Wisconsin","55","550","Washburn County","129","1290",15688,0,16623,15726,,16561,,16685,,16749,555555555,16854,555555555
"G5501310","Wisconsin","55","550","Washington County","131","1310",134925,0,136761,135529,,136300,,136842,,137320,555555555,137879,555555555
"G5501330","Wisconsin","55","550","Waukesha County","133","1330",400475,0,406978,402637,,405332,,407290,,409040,555555555,411762,555555555
"G5501350","Wisconsin","55","550","Waupaca County","135","1350",51245,0,51812,50997,,51769,,51822,,51714,555555555,51569,555555555
"G5501370","Wisconsin","55","550","Waushara County","137","1370",24193,0,24520,24256,,24527,,24672,,24752,555555555,24868,555555555
"G5501390","Wisconsin","55","550","Winnebago County","139","1390",170411,0,171730,170924,,171304,,171197,,171357,555555555,171769,555555555
"G5501410","Wisconsin","55","550","Wood County","141","1410",73112,0,74207,72892,,74107,,74138,,74039,555555555,74004,555555555
"G5600010","Wyoming","56","560","Albany County","001","0010",38390,0,37066,38664,,37311,,37525,,37713,555555555,38249,555555555
"G5600030","Wyoming","56","560","Big Horn County","003","0030",11882,0,11521,11809,,11671,,11690,,11737,555555555,11828,555555555
"G5600050","Wyoming","56","560","Campbell County","005","0050",47409,0,47026,46958,,46758,,46857,,47018,555555555,47240,555555555
"G5600070","Wyoming","56","560","Carbon County","007","0070",15247,0,14537,15073,,14714,,14609,,14549,555555555,14463,555555555
"G5600090","Wyoming","56","560","Converse County","009","0090",13921,0,13751,13842,,13702,,13729,,13759,555555555,13762,555555555
"G5600110","Wyoming","56","560","Crook County","011","0110",7472,0,7181,7502,,7185,,7258,,7339,555555555,7455,555555555
"G5600130","Wyoming","56","560","Fremont County","013","0130",39812,0,39234,39711,,39434,,39402,,39472,555555555,39533,555555555
"G5600150","Wyoming","56","560","Goshen County","015","0150",13342,0,12498,13301,,12642,,12592,,12587,555555555,12605,555555555
"G5600170","Wyoming","56","560","Hot Springs County","017","0170",4607,0,4621,4550,,4673,,4616,,4618,555555555,4620,555555555
"G5600190","Wyoming","56","560","Johnson County","019","0190",8487,0,8447,8518,,8457,,8536,,8602,555555555,8686,555555555
"G5600210","Wyoming","56","560","Laramie County","021","0210",98320,0,100512,99272,,99905,,100316,,100661,555555555,101060,555555555
"G5600230","Wyoming","56","560","Lincoln County","023","0230",19274,0,19581,19640,,19457,,19794,,20158,555555555,20486,555555555
"G5600250","Wyoming","56","560","Natrona County","025","0250",80333,0,79955,80067,,79382,,79506,,79735,555555555,79977,555555555
"G5600270","Wyoming","56","560","Niobrara County","027","0270",2422,0,2467,2377,,2486,,2460,,2415,555555555,2368,555555555
"G5600290","Wyoming","56","560","Park County","029","0290",29148,0,29624,29273,,29664,,29878,,30109,555555555,30449,555555555
"G5600310","Wyoming","56","560","Platte County","031","0310",8582,0,8605,8572,,8607,,8618,,8606,555555555,8612,555555555
"G5600330","Wyoming","56","560","Sheridan County","033","0330",30140,0,30921,30397,,30812,,31176,,31585,555555555,32055,555555555
"G5600350","Wyoming","56","560","Sublette County","035","0350",9880,0,8728,9865,,8830,,8801,,8806,555555555,8838,555555555
"G5600370","Wyoming","56","560","Sweetwater County","037","0370",43521,0,42272,43352,,42459,,42079,,41786,555555555,41542,555555555
"G5600390","Wyoming","56","560","Teton County","039","0390",23280,0,23331,23356,,23319,,23346,,23358,555555555,23396,555555555
"G5600410","Wyoming","56","560","Uinta County","041","0410",20479,0,20450,20374,,20514,,20546,,20605,555555555,20644,555555555
"G5600430","Wyoming","56","560","Washakie County","043","0430",8027,0,7685,7933,,7768,,7725,,7708,555555555,7703,555555555
"G5600450","Wyoming","56","560","Weston County","045","0450",7049,0,6838,6942,,6891,,6870,,6835,555555555,6826,555555555
"G7200010","Puerto Rico","72","720","Adjuntas Municipio","001","0010",17891,0,18020,17614,,18068,,17972,,17975,555555555,17960,555555555
"G7200030","Puerto Rico","72","720","Aguada Municipio","003","0030",37954,0,38136,37307,,38307,,37998,,37904,555555555,37758,555555555
"G7200050","Puerto Rico","72","720","Aguadilla Municipio","005","0050",52803,0,55101,51552,,55241,,54752,,54486,555555555,54137,555555555
"G7200070","Puerto Rico","72","720","Aguas Buenas Municipio","007","0070",25748,0,24223,25298,,24567,,24136,,23888,555555555,23614,555555555
"G7200090","Puerto Rico","72","720","Aibonito Municipio","009","0090",22988,0,24637,22545,,24565,,24555,,24610,555555555,24636,555555555
"G7200130","Puerto Rico","72","720","Arecibo Municipio","013","0130",85390,0,87754,83682,,88017,,87217,,86875,555555555,86467,555555555
"G7200150","Puerto Rico","72","720","Arroyo Municipio","015","0150",17805,0,15843,17502,,16183,,15797,,15573,555555555,15341,555555555
"G7200110","Puerto Rico","72","720","Añasco Municipio","011","0110",26934,0,25596,26555,,25859,,25497,,25316,555555555,25094,555555555
"G7200170","Puerto Rico","72","720","Barceloneta Municipio","017","0170",24079,0,22657,23913,,22836,,22604,,22565,555555555,22494,555555555
"G7200190","Puerto Rico","72","720","Barranquitas Municipio","019","0190",28393,0,28983,28026,,28982,,28899,,28984,555555555,29054,555555555
"G7200210","Puerto Rico","72","720","Bayamón Municipio","021","0210",178192,0,185187,173695,,185939,,184326,,183456,555555555,182469,555555555
"G7200230","Puerto Rico","72","720","Cabo Rojo Municipio","023","0230",48487,0,47158,47977,,47403,,46983,,46955,555555555,46876,555555555
"G7200250","Puerto Rico","72","720","Caguas Municipio","025","0250",128937,0,127244,126734,,128182,,126772,,126239,555555555,125586,555555555
"G7200270","Puerto Rico","72","720","Camuy Municipio","027","0270",31598,0,32827,31066,,32885,,32733,,32753,555555555,32734,555555555
"G7200290","Puerto Rico","72","720","Canóvanas Municipio","029","0290",45588,0,42337,45120,,42811,,42218,,42037,555555555,41816,555555555
"G7200310","Puerto Rico","72","720","Carolina Municipio","031","0310",153779,0,154815,150378,,155886,,154126,,153226,555555555,152204,555555555
"G7200330","Puerto Rico","72","720","Cataño Municipio","033","0330",24271,0,23155,23698,,23536,,23060,,22768,555555555,22467,555555555
"G7200350","Puerto Rico","72","720","Cayey Municipio","035","0350",43785,0,41652,43126,,42134,,41509,,41231,555555555,40917,555555555
"G7200370","Puerto Rico","72","720","Ceiba Municipio","037","0370",11515,0,11307,11207,,11463,,11256,,11128,555555555,10995,555555555
"G7200390","Puerto Rico","72","720","Ciales Municipio","039","0390",16513,0,16984,16188,,17045,,16924,,16874,555555555,16805,555555555
"G7200410","Puerto Rico","72","720","Cidra Municipio","041","0410",39607,0,39970,38977,,40125,,39831,,39765,555555555,39643,555555555
"G7200430","Puerto Rico","72","720","Coamo Municipio","043","0430",38906,0,34668,38603,,35268,,34557,,34294,555555555,33998,555555555
"G7200450","Puerto Rico","72","720","Comerío Municipio","045","0450",19224,0,18883,18942,,18990,,18817,,18775,555555555,18711,555555555
"G7200470","Puerto Rico","72","720","Corozal Municipio","047","0470",33500,0,34571,32928,,34631,,34459,,34474,555555555,34444,555555555
"G7200490","Puerto Rico","72","720","Culebra Municipio","049","0490",1311,240,1792,1371,282,1293,246,1186,190,1281,215,1387,246
"G7200510","Puerto Rico","72","720","Dorado Municipio","051","0510",36803,0,35879,36475,,36030,,35786,,35816,555555555,35810,555555555
"G7200530","Puerto Rico","72","720","Fajardo Municipio","053","0530",31111,0,32124,30263,,32336,,31984,,31756,555555555,31489,555555555
"G7200540","Puerto Rico","72","720","Florida Municipio","054","0540",11697,0,11692,11513,,11725,,11641,,11624,555555555,11532,555555555
"G7200570","Puerto Rico","72","720","Guayama Municipio","057","0570",40889,0,36614,40198,,37388,,36365,,35845,555555555,35298,555555555
"G7200590","Puerto Rico","72","720","Guayanilla Municipio","059","0590",18514,0,17784,18080,,18047,,17670,,17418,555555555,17141,555555555
"G7200610","Puerto Rico","72","720","Guaynabo Municipio","061","0610",86937,0,89780,85312,,90014,,89554,,89503,555555555,89378,555555555
"G7200630","Puerto Rico","72","720","Gurabo Municipio","063","0630",46910,0,40622,46948,,41237,,40517,,40383,555555555,40228,555555555
"G7200550","Puerto Rico","72","720","Guánica Municipio","055","0550",16293,0,13787,15825,,14297,,13682,,13266,555555555,12855,555555555
"G7200650","Puerto Rico","72","720","Hatillo Municipio","065","0650",39950,0,38486,39561,,38739,,38330,,38266,555555555,38157,555555555
"G7200670","Puerto Rico","72","720","Hormigueros Municipio","067","0670",15943,0,15654,15731,,15726,,15571,,15520,555555555,15441,555555555
"G7200690","Puerto Rico","72","720","Humacao Municipio","069","0690",52507,0,50896,51586,,51398,,50729,,50441,555555555,50100,555555555
"G7200710","Puerto Rico","72","720","Isabela Municipio","071","0710",41707,0,42943,41084,,42985,,42817,,42878,555555555,42890,555555555
"G7200730","Puerto Rico","72","720","Jayuya Municipio","073","0730",14539,0,14779,14239,,14877,,14726,,14653,555555555,14566,555555555
"G7200750","Puerto Rico","72","720","Juana Díaz Municipio","075","0750",46152,0,46538,45414,,46704,,46333,,46276,555555555,46156,555555555
"G7200770","Puerto Rico","72","720","Juncos Municipio","077","0770",38780,0,37012,38471,,37290,,36928,,36895,555555555,36829,555555555
"G7200790","Puerto Rico","72","720","Lajas Municipio","079","0790",22835,0,23334,22391,,23407,,23202,,23133,555555555,23035,555555555
"G7200810","Puerto Rico","72","720","Lares Municipio","081","0810",25696,0,28105,24945,,28092,,27990,,27944,555555555,27855,555555555
"G7200830","Puerto Rico","72","720","Las Marías Municipio","083","0830",8370,0,8874,8131,,8896,,8826,,8790,555555555,8744,555555555
"G7200850","Puerto Rico","72","720","Las Piedras Municipio","085","0850",37499,0,35180,37233,,35495,,35099,,35034,555555555,34951,555555555
"G7200870","Puerto Rico","72","720","Loíza Municipio","087","0870",25778,0,23693,25164,,24216,,23580,,23176,555555555,22768,555555555
"G7200890","Puerto Rico","72","720","Luquillo Municipio","089","0890",18224,0,17781,17924,,17917,,17716,,17631,555555555,17532,555555555
"G7200910","Puerto Rico","72","720","Manatí Municipio","091","0910",38836,0,39492,38062,,39693,,39310,,39152,555555555,38943,555555555
"G7200930","Puerto Rico","72","720","Maricao Municipio","093","0930",6075,240,4755,5900,282,5389,246,5354,190,5176,215,4988,246
"G7200950","Puerto Rico","72","720","Maunabo Municipio","095","0950",10776,0,10589,10568,,10700,,10563,,10482,555555555,10399,555555555
"G7200970","Puerto Rico","72","720","Mayagüez Municipio","097","0970",75232,0,73077,73336,,74146,,72721,,71824,555555555,70828,555555555
"G7200990","Puerto Rico","72","720","Moca Municipio","099","0990",36161,0,37460,35547,,37532,,37363,,37402,555555555,37424,555555555
"G7201010","Puerto Rico","72","720","Morovis Municipio","101","1010",30962,0,28727,30652,,29069,,28659,,28534,555555555,28397,555555555
"G7201030","Puerto Rico","72","720","Naguabo Municipio","103","1030",26075,0,23386,25931,,23722,,23340,,23205,555555555,23054,555555555
"G7201050","Puerto Rico","72","720","Naranjito Municipio","105","1050",28112,0,29241,27719,,29200,,29153,,29246,555555555,29310,555555555
"G7201070","Puerto Rico","72","720","Orocovis Municipio","107","1070",20982,0,21434,20608,,21510,,21378,,21351,555555555,21309,555555555
"G7201090","Puerto Rico","72","720","Patillas Municipio","109","1090",16929,0,15985,16591,,16231,,15927,,15753,555555555,15563,555555555
"G7201110","Puerto Rico","72","720","Peñuelas Municipio","111","1110",20383,0,20399,19797,,20625,,20298,,20082,555555555,19853,555555555
"G7201130","Puerto Rico","72","720","Ponce Municipio","113","1130",139671,0,137491,135674,,139245,,136542,,134676,555555555,132760,555555555
"G7201150","Puerto Rico","72","720","Quebradillas Municipio","115","1150",23629,0,23638,23261,,23743,,23540,,23486,555555555,23409,555555555
"G7201170","Puerto Rico","72","720","Rincón Municipio","117","1170",14056,0,15187,13849,,15097,,15164,,15276,555555555,15378,555555555
"G7201190","Puerto Rico","72","720","Río Grande Municipio","119","1190",49613,0,47060,48828,,47630,,46838,,46478,555555555,46051,555555555
"G7201210","Puerto Rico","72","720","Sabana Grande Municipio","121","1210",22560,0,22729,22140,,22860,,22639,,22541,555555555,22407,555555555
"G7201230","Puerto Rico","72","720","Salinas Municipio","123","1230",28109,0,25789,27638,,26208,,25688,,25397,555555555,25079,555555555
"G7201250","Puerto Rico","72","720","San Germán Municipio","125","1250",31442,0,31879,30811,,32031,,31680,,31514,555555555,31305,555555555
"G7201270","Puerto Rico","72","720","San Juan Municipio","127","1270",335468,0,342259,326953,,344791,,340903,,338661,555555555,336160,555555555
"G7201290","Puerto Rico","72","720","San Lorenzo Municipio","129","1290",37209,0,37693,36586,,37822,,37552,,37515,555555555,37431,555555555
"G7201310","Puerto Rico","72","720","San Sebastián Municipio","131","1310",37120,0,39345,36292,,39351,,39183,,39168,555555555,39088,555555555
"G7201330","Puerto Rico","72","720","Santa Isabel Municipio","133","1330",21757,0,20281,21474,,20530,,20207,,20064,555555555,19903,555555555
"G7201350","Puerto Rico","72","720","Toa Alta Municipio","135","1350",72864,0,66852,72450,,67602,,66699,,66536,555555555,66320,555555555
"G7201370","Puerto Rico","72","720","Toa Baja Municipio","137","1370",77810,0,75293,76008,,76248,,74854,,73987,555555555,73039,555555555
"G7201390","Puerto Rico","72","720","Trujillo Alto Municipio","139","1390",66338,0,67740,65011,,68001,,67497,,67329,555555555,67088,555555555
"G7201410","Puerto Rico","72","720","Utuado Municipio","141","1410",28676,0,28287,28041,,28585,,28155,,27896,555555555,27621,555555555
"G7201430","Puerto Rico","72","720","Vega Alta Municipio","143","1430",37106,0,35395,36559,,35728,,35279,,35114,555555555,34921,555555555
"G7201450","Puerto Rico","72","720","Vega Baja Municipio","145","1450",52192,0,54414,51089,,54544,,54182,,54058,555555555,53892,555555555
"G7201470","Puerto Rico","72","720","Vieques Municipio","147","1470",8642,0,8249,8508,,8317,,8199,,8147,555555555,8078,555555555
"G7201490","Puerto Rico","72","720","Villalba Municipio","149","1490",22403,0,22093,21899,,22341,,21984,,21778,555555555,21556,555555555
"G7201510","Puerto Rico","72","720","Yabucoa Municipio","151","1510",33499,0,30426,32867,,31047,,30313,,29868,555555555,29400,555555555
"G7201530","Puerto Rico","72","720","Yauco Municipio","153","1530",35428,0,34172,34501,,34704,,33988,,33509,555555555,32993,555555555